// <auto-generated />
// Generated from third_party/brotli/c/common/dictionary.c (brotli v1.1.0) by gen_tables.py.
// Do not edit by hand.

namespace DnBrotli.Common;

internal static class DictionaryData
{
    internal static ReadOnlySpan<byte> Data =>
    [
        0x74, 0x69, 0x6D, 0x65, 0x64, 0x6F, 0x77, 0x6E, 0x6C, 0x69, 0x66, 0x65, 0x6C, 0x65, 0x66, 0x74, 0x62, 0x61, 0x63, 0x6B, 0x63, 0x6F, 0x64, 0x65, 0x64, 0x61, 0x74, 0x61, 0x73, 0x68, 0x6F, 0x77,
        0x6F, 0x6E, 0x6C, 0x79, 0x73, 0x69, 0x74, 0x65, 0x63, 0x69, 0x74, 0x79, 0x6F, 0x70, 0x65, 0x6E, 0x6A, 0x75, 0x73, 0x74, 0x6C, 0x69, 0x6B, 0x65, 0x66, 0x72, 0x65, 0x65, 0x77, 0x6F, 0x72, 0x6B,
        0x74, 0x65, 0x78, 0x74, 0x79, 0x65, 0x61, 0x72, 0x6F, 0x76, 0x65, 0x72, 0x62, 0x6F, 0x64, 0x79, 0x6C, 0x6F, 0x76, 0x65, 0x66, 0x6F, 0x72, 0x6D, 0x62, 0x6F, 0x6F, 0x6B, 0x70, 0x6C, 0x61, 0x79,
        0x6C, 0x69, 0x76, 0x65, 0x6C, 0x69, 0x6E, 0x65, 0x68, 0x65, 0x6C, 0x70, 0x68, 0x6F, 0x6D, 0x65, 0x73, 0x69, 0x64, 0x65, 0x6D, 0x6F, 0x72, 0x65, 0x77, 0x6F, 0x72, 0x64, 0x6C, 0x6F, 0x6E, 0x67,
        0x74, 0x68, 0x65, 0x6D, 0x76, 0x69, 0x65, 0x77, 0x66, 0x69, 0x6E, 0x64, 0x70, 0x61, 0x67, 0x65, 0x64, 0x61, 0x79, 0x73, 0x66, 0x75, 0x6C, 0x6C, 0x68, 0x65, 0x61, 0x64, 0x74, 0x65, 0x72, 0x6D,
        0x65, 0x61, 0x63, 0x68, 0x61, 0x72, 0x65, 0x61, 0x66, 0x72, 0x6F, 0x6D, 0x74, 0x72, 0x75, 0x65, 0x6D, 0x61, 0x72, 0x6B, 0x61, 0x62, 0x6C, 0x65, 0x75, 0x70, 0x6F, 0x6E, 0x68, 0x69, 0x67, 0x68,
        0x64, 0x61, 0x74, 0x65, 0x6C, 0x61, 0x6E, 0x64, 0x6E, 0x65, 0x77, 0x73, 0x65, 0x76, 0x65, 0x6E, 0x6E, 0x65, 0x78, 0x74, 0x63, 0x61, 0x73, 0x65, 0x62, 0x6F, 0x74, 0x68, 0x70, 0x6F, 0x73, 0x74,
        0x75, 0x73, 0x65, 0x64, 0x6D, 0x61, 0x64, 0x65, 0x68, 0x61, 0x6E, 0x64, 0x68, 0x65, 0x72, 0x65, 0x77, 0x68, 0x61, 0x74, 0x6E, 0x61, 0x6D, 0x65, 0x4C, 0x69, 0x6E, 0x6B, 0x62, 0x6C, 0x6F, 0x67,
        0x73, 0x69, 0x7A, 0x65, 0x62, 0x61, 0x73, 0x65, 0x68, 0x65, 0x6C, 0x64, 0x6D, 0x61, 0x6B, 0x65, 0x6D, 0x61, 0x69, 0x6E, 0x75, 0x73, 0x65, 0x72, 0x27, 0x29, 0x20, 0x2B, 0x68, 0x6F, 0x6C, 0x64,
        0x65, 0x6E, 0x64, 0x73, 0x77, 0x69, 0x74, 0x68, 0x4E, 0x65, 0x77, 0x73, 0x72, 0x65, 0x61, 0x64, 0x77, 0x65, 0x72, 0x65, 0x73, 0x69, 0x67, 0x6E, 0x74, 0x61, 0x6B, 0x65, 0x68, 0x61, 0x76, 0x65,
        0x67, 0x61, 0x6D, 0x65, 0x73, 0x65, 0x65, 0x6E, 0x63, 0x61, 0x6C, 0x6C, 0x70, 0x61, 0x74, 0x68, 0x77, 0x65, 0x6C, 0x6C, 0x70, 0x6C, 0x75, 0x73, 0x6D, 0x65, 0x6E, 0x75, 0x66, 0x69, 0x6C, 0x6D,
        0x70, 0x61, 0x72, 0x74, 0x6A, 0x6F, 0x69, 0x6E, 0x74, 0x68, 0x69, 0x73, 0x6C, 0x69, 0x73, 0x74, 0x67, 0x6F, 0x6F, 0x64, 0x6E, 0x65, 0x65, 0x64, 0x77, 0x61, 0x79, 0x73, 0x77, 0x65, 0x73, 0x74,
        0x6A, 0x6F, 0x62, 0x73, 0x6D, 0x69, 0x6E, 0x64, 0x61, 0x6C, 0x73, 0x6F, 0x6C, 0x6F, 0x67, 0x6F, 0x72, 0x69, 0x63, 0x68, 0x75, 0x73, 0x65, 0x73, 0x6C, 0x61, 0x73, 0x74, 0x74, 0x65, 0x61, 0x6D,
        0x61, 0x72, 0x6D, 0x79, 0x66, 0x6F, 0x6F, 0x64, 0x6B, 0x69, 0x6E, 0x67, 0x77, 0x69, 0x6C, 0x6C, 0x65, 0x61, 0x73, 0x74, 0x77, 0x61, 0x72, 0x64, 0x62, 0x65, 0x73, 0x74, 0x66, 0x69, 0x72, 0x65,
        0x50, 0x61, 0x67, 0x65, 0x6B, 0x6E, 0x6F, 0x77, 0x61, 0x77, 0x61, 0x79, 0x2E, 0x70, 0x6E, 0x67, 0x6D, 0x6F, 0x76, 0x65, 0x74, 0x68, 0x61, 0x6E, 0x6C, 0x6F, 0x61, 0x64, 0x67, 0x69, 0x76, 0x65,
        0x73, 0x65, 0x6C, 0x66, 0x6E, 0x6F, 0x74, 0x65, 0x6D, 0x75, 0x63, 0x68, 0x66, 0x65, 0x65, 0x64, 0x6D, 0x61, 0x6E, 0x79, 0x72, 0x6F, 0x63, 0x6B, 0x69, 0x63, 0x6F, 0x6E, 0x6F, 0x6E, 0x63, 0x65,
        0x6C, 0x6F, 0x6F, 0x6B, 0x68, 0x69, 0x64, 0x65, 0x64, 0x69, 0x65, 0x64, 0x48, 0x6F, 0x6D, 0x65, 0x72, 0x75, 0x6C, 0x65, 0x68, 0x6F, 0x73, 0x74, 0x61, 0x6A, 0x61, 0x78, 0x69, 0x6E, 0x66, 0x6F,
        0x63, 0x6C, 0x75, 0x62, 0x6C, 0x61, 0x77, 0x73, 0x6C, 0x65, 0x73, 0x73, 0x68, 0x61, 0x6C, 0x66, 0x73, 0x6F, 0x6D, 0x65, 0x73, 0x75, 0x63, 0x68, 0x7A, 0x6F, 0x6E, 0x65, 0x31, 0x30, 0x30, 0x25,
        0x6F, 0x6E, 0x65, 0x73, 0x63, 0x61, 0x72, 0x65, 0x54, 0x69, 0x6D, 0x65, 0x72, 0x61, 0x63, 0x65, 0x62, 0x6C, 0x75, 0x65, 0x66, 0x6F, 0x75, 0x72, 0x77, 0x65, 0x65, 0x6B, 0x66, 0x61, 0x63, 0x65,
        0x68, 0x6F, 0x70, 0x65, 0x67, 0x61, 0x76, 0x65, 0x68, 0x61, 0x72, 0x64, 0x6C, 0x6F, 0x73, 0x74, 0x77, 0x68, 0x65, 0x6E, 0x70, 0x61, 0x72, 0x6B, 0x6B, 0x65, 0x70, 0x74, 0x70, 0x61, 0x73, 0x73,
        0x73, 0x68, 0x69, 0x70, 0x72, 0x6F, 0x6F, 0x6D, 0x48, 0x54, 0x4D, 0x4C, 0x70, 0x6C, 0x61, 0x6E, 0x54, 0x79, 0x70, 0x65, 0x64, 0x6F, 0x6E, 0x65, 0x73, 0x61, 0x76, 0x65, 0x6B, 0x65, 0x65, 0x70,
        0x66, 0x6C, 0x61, 0x67, 0x6C, 0x69, 0x6E, 0x6B, 0x73, 0x6F, 0x6C, 0x64, 0x66, 0x69, 0x76, 0x65, 0x74, 0x6F, 0x6F, 0x6B, 0x72, 0x61, 0x74, 0x65, 0x74, 0x6F, 0x77, 0x6E, 0x6A, 0x75, 0x6D, 0x70,
        0x74, 0x68, 0x75, 0x73, 0x64, 0x61, 0x72, 0x6B, 0x63, 0x61, 0x72, 0x64, 0x66, 0x69, 0x6C, 0x65, 0x66, 0x65, 0x61, 0x72, 0x73, 0x74, 0x61, 0x79, 0x6B, 0x69, 0x6C, 0x6C, 0x74, 0x68, 0x61, 0x74,
        0x66, 0x61, 0x6C, 0x6C, 0x61, 0x75, 0x74, 0x6F, 0x65, 0x76, 0x65, 0x72, 0x2E, 0x63, 0x6F, 0x6D, 0x74, 0x61, 0x6C, 0x6B, 0x73, 0x68, 0x6F, 0x70, 0x76, 0x6F, 0x74, 0x65, 0x64, 0x65, 0x65, 0x70,
        0x6D, 0x6F, 0x64, 0x65, 0x72, 0x65, 0x73, 0x74, 0x74, 0x75, 0x72, 0x6E, 0x62, 0x6F, 0x72, 0x6E, 0x62, 0x61, 0x6E, 0x64, 0x66, 0x65, 0x6C, 0x6C, 0x72, 0x6F, 0x73, 0x65, 0x75, 0x72, 0x6C, 0x28,
        0x73, 0x6B, 0x69, 0x6E, 0x72, 0x6F, 0x6C, 0x65, 0x63, 0x6F, 0x6D, 0x65, 0x61, 0x63, 0x74, 0x73, 0x61, 0x67, 0x65, 0x73, 0x6D, 0x65, 0x65, 0x74, 0x67, 0x6F, 0x6C, 0x64, 0x2E, 0x6A, 0x70, 0x67,
        0x69, 0x74, 0x65, 0x6D, 0x76, 0x61, 0x72, 0x79, 0x66, 0x65, 0x6C, 0x74, 0x74, 0x68, 0x65, 0x6E, 0x73, 0x65, 0x6E, 0x64, 0x64, 0x72, 0x6F, 0x70, 0x56, 0x69, 0x65, 0x77, 0x63, 0x6F, 0x70, 0x79,
        0x31, 0x2E, 0x30, 0x22, 0x3C, 0x2F, 0x61, 0x3E, 0x73, 0x74, 0x6F, 0x70, 0x65, 0x6C, 0x73, 0x65, 0x6C, 0x69, 0x65, 0x73, 0x74, 0x6F, 0x75, 0x72, 0x70, 0x61, 0x63, 0x6B, 0x2E, 0x67, 0x69, 0x66,
        0x70, 0x61, 0x73, 0x74, 0x63, 0x73, 0x73, 0x3F, 0x67, 0x72, 0x61, 0x79, 0x6D, 0x65, 0x61, 0x6E, 0x26, 0x67, 0x74, 0x3B, 0x72, 0x69, 0x64, 0x65, 0x73, 0x68, 0x6F, 0x74, 0x6C, 0x61, 0x74, 0x65,
        0x73, 0x61, 0x69, 0x64, 0x72, 0x6F, 0x61, 0x64, 0x76, 0x61, 0x72, 0x20, 0x66, 0x65, 0x65, 0x6C, 0x6A, 0x6F, 0x68, 0x6E, 0x72, 0x69, 0x63, 0x6B, 0x70, 0x6F, 0x72, 0x74, 0x66, 0x61, 0x73, 0x74,
        0x27, 0x55, 0x41, 0x2D, 0x64, 0x65, 0x61, 0x64, 0x3C, 0x2F, 0x62, 0x3E, 0x70, 0x6F, 0x6F, 0x72, 0x62, 0x69, 0x6C, 0x6C, 0x74, 0x79, 0x70, 0x65, 0x55, 0x2E, 0x53, 0x2E, 0x77, 0x6F, 0x6F, 0x64,
        0x6D, 0x75, 0x73, 0x74, 0x32, 0x70, 0x78, 0x3B, 0x49, 0x6E, 0x66, 0x6F, 0x72, 0x61, 0x6E, 0x6B, 0x77, 0x69, 0x64, 0x65, 0x77, 0x61, 0x6E, 0x74, 0x77, 0x61, 0x6C, 0x6C, 0x6C, 0x65, 0x61, 0x64,
        0x5B, 0x30, 0x5D, 0x3B, 0x70, 0x61, 0x75, 0x6C, 0x77, 0x61, 0x76, 0x65, 0x73, 0x75, 0x72, 0x65, 0x24, 0x28, 0x27, 0x23, 0x77, 0x61, 0x69, 0x74, 0x6D, 0x61, 0x73, 0x73, 0x61, 0x72, 0x6D, 0x73,
        0x67, 0x6F, 0x65, 0x73, 0x67, 0x61, 0x69, 0x6E, 0x6C, 0x61, 0x6E, 0x67, 0x70, 0x61, 0x69, 0x64, 0x21, 0x2D, 0x2D, 0x20, 0x6C, 0x6F, 0x63, 0x6B, 0x75, 0x6E, 0x69, 0x74, 0x72, 0x6F, 0x6F, 0x74,
        0x77, 0x61, 0x6C, 0x6B, 0x66, 0x69, 0x72, 0x6D, 0x77, 0x69, 0x66, 0x65, 0x78, 0x6D, 0x6C, 0x22, 0x73, 0x6F, 0x6E, 0x67, 0x74, 0x65, 0x73, 0x74, 0x32, 0x30, 0x70, 0x78, 0x6B, 0x69, 0x6E, 0x64,
        0x72, 0x6F, 0x77, 0x73, 0x74, 0x6F, 0x6F, 0x6C, 0x66, 0x6F, 0x6E, 0x74, 0x6D, 0x61, 0x69, 0x6C, 0x73, 0x61, 0x66, 0x65, 0x73, 0x74, 0x61, 0x72, 0x6D, 0x61, 0x70, 0x73, 0x63, 0x6F, 0x72, 0x65,
        0x72, 0x61, 0x69, 0x6E, 0x66, 0x6C, 0x6F, 0x77, 0x62, 0x61, 0x62, 0x79, 0x73, 0x70, 0x61, 0x6E, 0x73, 0x61, 0x79, 0x73, 0x34, 0x70, 0x78, 0x3B, 0x36, 0x70, 0x78, 0x3B, 0x61, 0x72, 0x74, 0x73,
        0x66, 0x6F, 0x6F, 0x74, 0x72, 0x65, 0x61, 0x6C, 0x77, 0x69, 0x6B, 0x69, 0x68, 0x65, 0x61, 0x74, 0x73, 0x74, 0x65, 0x70, 0x74, 0x72, 0x69, 0x70, 0x6F, 0x72, 0x67, 0x2F, 0x6C, 0x61, 0x6B, 0x65,
        0x77, 0x65, 0x61, 0x6B, 0x74, 0x6F, 0x6C, 0x64, 0x46, 0x6F, 0x72, 0x6D, 0x63, 0x61, 0x73, 0x74, 0x66, 0x61, 0x6E, 0x73, 0x62, 0x61, 0x6E, 0x6B, 0x76, 0x65, 0x72, 0x79, 0x72, 0x75, 0x6E, 0x73,
        0x6A, 0x75, 0x6C, 0x79, 0x74, 0x61, 0x73, 0x6B, 0x31, 0x70, 0x78, 0x3B, 0x67, 0x6F, 0x61, 0x6C, 0x67, 0x72, 0x65, 0x77, 0x73, 0x6C, 0x6F, 0x77, 0x65, 0x64, 0x67, 0x65, 0x69, 0x64, 0x3D, 0x22,
        0x73, 0x65, 0x74, 0x73, 0x35, 0x70, 0x78, 0x3B, 0x2E, 0x6A, 0x73, 0x3F, 0x34, 0x30, 0x70, 0x78, 0x69, 0x66, 0x20, 0x28, 0x73, 0x6F, 0x6F, 0x6E, 0x73, 0x65, 0x61, 0x74, 0x6E, 0x6F, 0x6E, 0x65,
        0x74, 0x75, 0x62, 0x65, 0x7A, 0x65, 0x72, 0x6F, 0x73, 0x65, 0x6E, 0x74, 0x72, 0x65, 0x65, 0x64, 0x66, 0x61, 0x63, 0x74, 0x69, 0x6E, 0x74, 0x6F, 0x67, 0x69, 0x66, 0x74, 0x68, 0x61, 0x72, 0x6D,
        0x31, 0x38, 0x70, 0x78, 0x63, 0x61, 0x6D, 0x65, 0x68, 0x69, 0x6C, 0x6C, 0x62, 0x6F, 0x6C, 0x64, 0x7A, 0x6F, 0x6F, 0x6D, 0x76, 0x6F, 0x69, 0x64, 0x65, 0x61, 0x73, 0x79, 0x72, 0x69, 0x6E, 0x67,
        0x66, 0x69, 0x6C, 0x6C, 0x70, 0x65, 0x61, 0x6B, 0x69, 0x6E, 0x69, 0x74, 0x63, 0x6F, 0x73, 0x74, 0x33, 0x70, 0x78, 0x3B, 0x6A, 0x61, 0x63, 0x6B, 0x74, 0x61, 0x67, 0x73, 0x62, 0x69, 0x74, 0x73,
        0x72, 0x6F, 0x6C, 0x6C, 0x65, 0x64, 0x69, 0x74, 0x6B, 0x6E, 0x65, 0x77, 0x6E, 0x65, 0x61, 0x72, 0x3C, 0x21, 0x2D, 0x2D, 0x67, 0x72, 0x6F, 0x77, 0x4A, 0x53, 0x4F, 0x4E, 0x64, 0x75, 0x74, 0x79,
        0x4E, 0x61, 0x6D, 0x65, 0x73, 0x61, 0x6C, 0x65, 0x79, 0x6F, 0x75, 0x20, 0x6C, 0x6F, 0x74, 0x73, 0x70, 0x61, 0x69, 0x6E, 0x6A, 0x61, 0x7A, 0x7A, 0x63, 0x6F, 0x6C, 0x64, 0x65, 0x79, 0x65, 0x73,
        0x66, 0x69, 0x73, 0x68, 0x77, 0x77, 0x77, 0x2E, 0x72, 0x69, 0x73, 0x6B, 0x74, 0x61, 0x62, 0x73, 0x70, 0x72, 0x65, 0x76, 0x31, 0x30, 0x70, 0x78, 0x72, 0x69, 0x73, 0x65, 0x32, 0x35, 0x70, 0x78,
        0x42, 0x6C, 0x75, 0x65, 0x64, 0x69, 0x6E, 0x67, 0x33, 0x30, 0x30, 0x2C, 0x62, 0x61, 0x6C, 0x6C, 0x66, 0x6F, 0x72, 0x64, 0x65, 0x61, 0x72, 0x6E, 0x77, 0x69, 0x6C, 0x64, 0x62, 0x6F, 0x78, 0x2E,
        0x66, 0x61, 0x69, 0x72, 0x6C, 0x61, 0x63, 0x6B, 0x76, 0x65, 0x72, 0x73, 0x70, 0x61, 0x69, 0x72, 0x6A, 0x75, 0x6E, 0x65, 0x74, 0x65, 0x63, 0x68, 0x69, 0x66, 0x28, 0x21, 0x70, 0x69, 0x63, 0x6B,
        0x65, 0x76, 0x69, 0x6C, 0x24, 0x28, 0x22, 0x23, 0x77, 0x61, 0x72, 0x6D, 0x6C, 0x6F, 0x72, 0x64, 0x64, 0x6F, 0x65, 0x73, 0x70, 0x75, 0x6C, 0x6C, 0x2C, 0x30, 0x30, 0x30, 0x69, 0x64, 0x65, 0x61,
        0x64, 0x72, 0x61, 0x77, 0x68, 0x75, 0x67, 0x65, 0x73, 0x70, 0x6F, 0x74, 0x66, 0x75, 0x6E, 0x64, 0x62, 0x75, 0x72, 0x6E, 0x68, 0x72, 0x65, 0x66, 0x63, 0x65, 0x6C, 0x6C, 0x6B, 0x65, 0x79, 0x73,
        0x74, 0x69, 0x63, 0x6B, 0x68, 0x6F, 0x75, 0x72, 0x6C, 0x6F, 0x73, 0x73, 0x66, 0x75, 0x65, 0x6C, 0x31, 0x32, 0x70, 0x78, 0x73, 0x75, 0x69, 0x74, 0x64, 0x65, 0x61, 0x6C, 0x52, 0x53, 0x53, 0x22,
        0x61, 0x67, 0x65, 0x64, 0x67, 0x72, 0x65, 0x79, 0x47, 0x45, 0x54, 0x22, 0x65, 0x61, 0x73, 0x65, 0x61, 0x69, 0x6D, 0x73, 0x67, 0x69, 0x72, 0x6C, 0x61, 0x69, 0x64, 0x73, 0x38, 0x70, 0x78, 0x3B,
        0x6E, 0x61, 0x76, 0x79, 0x67, 0x72, 0x69, 0x64, 0x74, 0x69, 0x70, 0x73, 0x23, 0x39, 0x39, 0x39, 0x77, 0x61, 0x72, 0x73, 0x6C, 0x61, 0x64, 0x79, 0x63, 0x61, 0x72, 0x73, 0x29, 0x3B, 0x20, 0x7D,
        0x70, 0x68, 0x70, 0x3F, 0x68, 0x65, 0x6C, 0x6C, 0x74, 0x61, 0x6C, 0x6C, 0x77, 0x68, 0x6F, 0x6D, 0x7A, 0x68, 0x3A, 0xE5, 0x2A, 0x2F, 0x0D, 0x0A, 0x20, 0x31, 0x30, 0x30, 0x68, 0x61, 0x6C, 0x6C,
        0x2E, 0x0A, 0x0A, 0x41, 0x37, 0x70, 0x78, 0x3B, 0x70, 0x75, 0x73, 0x68, 0x63, 0x68, 0x61, 0x74, 0x30, 0x70, 0x78, 0x3B, 0x63, 0x72, 0x65, 0x77, 0x2A, 0x2F, 0x3C, 0x2F, 0x68, 0x61, 0x73, 0x68,
        0x37, 0x35, 0x70, 0x78, 0x66, 0x6C, 0x61, 0x74, 0x72, 0x61, 0x72, 0x65, 0x20, 0x26, 0x26, 0x20, 0x74, 0x65, 0x6C, 0x6C, 0x63, 0x61, 0x6D, 0x70, 0x6F, 0x6E, 0x74, 0x6F, 0x6C, 0x61, 0x69, 0x64,
        0x6D, 0x69, 0x73, 0x73, 0x73, 0x6B, 0x69, 0x70, 0x74, 0x65, 0x6E, 0x74, 0x66, 0x69, 0x6E, 0x65, 0x6D, 0x61, 0x6C, 0x65, 0x67, 0x65, 0x74, 0x73, 0x70, 0x6C, 0x6F, 0x74, 0x34, 0x30, 0x30, 0x2C,
        0x0D, 0x0A, 0x0D, 0x0A, 0x63, 0x6F, 0x6F, 0x6C, 0x66, 0x65, 0x65, 0x74, 0x2E, 0x70, 0x68, 0x70, 0x3C, 0x62, 0x72, 0x3E, 0x65, 0x72, 0x69, 0x63, 0x6D, 0x6F, 0x73, 0x74, 0x67, 0x75, 0x69, 0x64,
        0x62, 0x65, 0x6C, 0x6C, 0x64, 0x65, 0x73, 0x63, 0x68, 0x61, 0x69, 0x72, 0x6D, 0x61, 0x74, 0x68, 0x61, 0x74, 0x6F, 0x6D, 0x2F, 0x69, 0x6D, 0x67, 0x26, 0x23, 0x38, 0x32, 0x6C, 0x75, 0x63, 0x6B,
        0x63, 0x65, 0x6E, 0x74, 0x30, 0x30, 0x30, 0x3B, 0x74, 0x69, 0x6E, 0x79, 0x67, 0x6F, 0x6E, 0x65, 0x68, 0x74, 0x6D, 0x6C, 0x73, 0x65, 0x6C, 0x6C, 0x64, 0x72, 0x75, 0x67, 0x46, 0x52, 0x45, 0x45,
        0x6E, 0x6F, 0x64, 0x65, 0x6E, 0x69, 0x63, 0x6B, 0x3F, 0x69, 0x64, 0x3D, 0x6C, 0x6F, 0x73, 0x65, 0x6E, 0x75, 0x6C, 0x6C, 0x76, 0x61, 0x73, 0x74, 0x77, 0x69, 0x6E, 0x64, 0x52, 0x53, 0x53, 0x20,
        0x77, 0x65, 0x61, 0x72, 0x72, 0x65, 0x6C, 0x79, 0x62, 0x65, 0x65, 0x6E, 0x73, 0x61, 0x6D, 0x65, 0x64, 0x75, 0x6B, 0x65, 0x6E, 0x61, 0x73, 0x61, 0x63, 0x61, 0x70, 0x65, 0x77, 0x69, 0x73, 0x68,
        0x67, 0x75, 0x6C, 0x66, 0x54, 0x32, 0x33, 0x3A, 0x68, 0x69, 0x74, 0x73, 0x73, 0x6C, 0x6F, 0x74, 0x67, 0x61, 0x74, 0x65, 0x6B, 0x69, 0x63, 0x6B, 0x62, 0x6C, 0x75, 0x72, 0x74, 0x68, 0x65, 0x79,
        0x31, 0x35, 0x70, 0x78, 0x27, 0x27, 0x29, 0x3B, 0x29, 0x3B, 0x22, 0x3E, 0x6D, 0x73, 0x69, 0x65, 0x77, 0x69, 0x6E, 0x73, 0x62, 0x69, 0x72, 0x64, 0x73, 0x6F, 0x72, 0x74, 0x62, 0x65, 0x74, 0x61,
        0x73, 0x65, 0x65, 0x6B, 0x54, 0x31, 0x38, 0x3A, 0x6F, 0x72, 0x64, 0x73, 0x74, 0x72, 0x65, 0x65, 0x6D, 0x61, 0x6C, 0x6C, 0x36, 0x30, 0x70, 0x78, 0x66, 0x61, 0x72, 0x6D, 0xE2, 0x80, 0x99, 0x73,
        0x62, 0x6F, 0x79, 0x73, 0x5B, 0x30, 0x5D, 0x2E, 0x27, 0x29, 0x3B, 0x22, 0x50, 0x4F, 0x53, 0x54, 0x62, 0x65, 0x61, 0x72, 0x6B, 0x69, 0x64, 0x73, 0x29, 0x3B, 0x7D, 0x7D, 0x6D, 0x61, 0x72, 0x79,
        0x74, 0x65, 0x6E, 0x64, 0x28, 0x55, 0x4B, 0x29, 0x71, 0x75, 0x61, 0x64, 0x7A, 0x68, 0x3A, 0xE6, 0x2D, 0x73, 0x69, 0x7A, 0x2D, 0x2D, 0x2D, 0x2D, 0x70, 0x72, 0x6F, 0x70, 0x27, 0x29, 0x3B, 0x0D,
        0x6C, 0x69, 0x66, 0x74, 0x54, 0x31, 0x39, 0x3A, 0x76, 0x69, 0x63, 0x65, 0x61, 0x6E, 0x64, 0x79, 0x64, 0x65, 0x62, 0x74, 0x3E, 0x52, 0x53, 0x53, 0x70, 0x6F, 0x6F, 0x6C, 0x6E, 0x65, 0x63, 0x6B,
        0x62, 0x6C, 0x6F, 0x77, 0x54, 0x31, 0x36, 0x3A, 0x64, 0x6F, 0x6F, 0x72, 0x65, 0x76, 0x61, 0x6C, 0x54, 0x31, 0x37, 0x3A, 0x6C, 0x65, 0x74, 0x73, 0x66, 0x61, 0x69, 0x6C, 0x6F, 0x72, 0x61, 0x6C,
        0x70, 0x6F, 0x6C, 0x6C, 0x6E, 0x6F, 0x76, 0x61, 0x63, 0x6F, 0x6C, 0x73, 0x67, 0x65, 0x6E, 0x65, 0x20, 0xE2, 0x80, 0x94, 0x73, 0x6F, 0x66, 0x74, 0x72, 0x6F, 0x6D, 0x65, 0x74, 0x69, 0x6C, 0x6C,
        0x72, 0x6F, 0x73, 0x73, 0x3C, 0x68, 0x33, 0x3E, 0x70, 0x6F, 0x75, 0x72, 0x66, 0x61, 0x64, 0x65, 0x70, 0x69, 0x6E, 0x6B, 0x3C, 0x74, 0x72, 0x3E, 0x6D, 0x69, 0x6E, 0x69, 0x29, 0x7C, 0x21, 0x28,
        0x6D, 0x69, 0x6E, 0x65, 0x7A, 0x68, 0x3A, 0xE8, 0x62, 0x61, 0x72, 0x73, 0x68, 0x65, 0x61, 0x72, 0x30, 0x30, 0x29, 0x3B, 0x6D, 0x69, 0x6C, 0x6B, 0x20, 0x2D, 0x2D, 0x3E, 0x69, 0x72, 0x6F, 0x6E,
        0x66, 0x72, 0x65, 0x64, 0x64, 0x69, 0x73, 0x6B, 0x77, 0x65, 0x6E, 0x74, 0x73, 0x6F, 0x69, 0x6C, 0x70, 0x75, 0x74, 0x73, 0x2F, 0x6A, 0x73, 0x2F, 0x68, 0x6F, 0x6C, 0x79, 0x54, 0x32, 0x32, 0x3A,
        0x49, 0x53, 0x42, 0x4E, 0x54, 0x32, 0x30, 0x3A, 0x61, 0x64, 0x61, 0x6D, 0x73, 0x65, 0x65, 0x73, 0x3C, 0x68, 0x32, 0x3E, 0x6A, 0x73, 0x6F, 0x6E, 0x27, 0x2C, 0x20, 0x27, 0x63, 0x6F, 0x6E, 0x74,
        0x54, 0x32, 0x31, 0x3A, 0x20, 0x52, 0x53, 0x53, 0x6C, 0x6F, 0x6F, 0x70, 0x61, 0x73, 0x69, 0x61, 0x6D, 0x6F, 0x6F, 0x6E, 0x3C, 0x2F, 0x70, 0x3E, 0x73, 0x6F, 0x75, 0x6C, 0x4C, 0x49, 0x4E, 0x45,
        0x66, 0x6F, 0x72, 0x74, 0x63, 0x61, 0x72, 0x74, 0x54, 0x31, 0x34, 0x3A, 0x3C, 0x68, 0x31, 0x3E, 0x38, 0x30, 0x70, 0x78, 0x21, 0x2D, 0x2D, 0x3C, 0x39, 0x70, 0x78, 0x3B, 0x54, 0x30, 0x34, 0x3A,
        0x6D, 0x69, 0x6B, 0x65, 0x3A, 0x34, 0x36, 0x5A, 0x6E, 0x69, 0x63, 0x65, 0x69, 0x6E, 0x63, 0x68, 0x59, 0x6F, 0x72, 0x6B, 0x72, 0x69, 0x63, 0x65, 0x7A, 0x68, 0x3A, 0xE4, 0x27, 0x29, 0x29, 0x3B,
        0x70, 0x75, 0x72, 0x65, 0x6D, 0x61, 0x67, 0x65, 0x70, 0x61, 0x72, 0x61, 0x74, 0x6F, 0x6E, 0x65, 0x62, 0x6F, 0x6E, 0x64, 0x3A, 0x33, 0x37, 0x5A, 0x5F, 0x6F, 0x66, 0x5F, 0x27, 0x5D, 0x29, 0x3B,
        0x30, 0x30, 0x30, 0x2C, 0x7A, 0x68, 0x3A, 0xE7, 0x74, 0x61, 0x6E, 0x6B, 0x79, 0x61, 0x72, 0x64, 0x62, 0x6F, 0x77, 0x6C, 0x62, 0x75, 0x73, 0x68, 0x3A, 0x35, 0x36, 0x5A, 0x4A, 0x61, 0x76, 0x61,
        0x33, 0x30, 0x70, 0x78, 0x0A, 0x7C, 0x7D, 0x0A, 0x25, 0x43, 0x33, 0x25, 0x3A, 0x33, 0x34, 0x5A, 0x6A, 0x65, 0x66, 0x66, 0x45, 0x58, 0x50, 0x49, 0x63, 0x61, 0x73, 0x68, 0x76, 0x69, 0x73, 0x61,
        0x67, 0x6F, 0x6C, 0x66, 0x73, 0x6E, 0x6F, 0x77, 0x7A, 0x68, 0x3A, 0xE9, 0x71, 0x75, 0x65, 0x72, 0x2E, 0x63, 0x73, 0x73, 0x73, 0x69, 0x63, 0x6B, 0x6D, 0x65, 0x61, 0x74, 0x6D, 0x69, 0x6E, 0x2E,
        0x62, 0x69, 0x6E, 0x64, 0x64, 0x65, 0x6C, 0x6C, 0x68, 0x69, 0x72, 0x65, 0x70, 0x69, 0x63, 0x73, 0x72, 0x65, 0x6E, 0x74, 0x3A, 0x33, 0x36, 0x5A, 0x48, 0x54, 0x54, 0x50, 0x2D, 0x32, 0x30, 0x31,
        0x66, 0x6F, 0x74, 0x6F, 0x77, 0x6F, 0x6C, 0x66, 0x45, 0x4E, 0x44, 0x20, 0x78, 0x62, 0x6F, 0x78, 0x3A, 0x35, 0x34, 0x5A, 0x42, 0x4F, 0x44, 0x59, 0x64, 0x69, 0x63, 0x6B, 0x3B, 0x0A, 0x7D, 0x0A,
        0x65, 0x78, 0x69, 0x74, 0x3A, 0x33, 0x35, 0x5A, 0x76, 0x61, 0x72, 0x73, 0x62, 0x65, 0x61, 0x74, 0x27, 0x7D, 0x29, 0x3B, 0x64, 0x69, 0x65, 0x74, 0x39, 0x39, 0x39, 0x3B, 0x61, 0x6E, 0x6E, 0x65,
        0x7D, 0x7D, 0x3C, 0x2F, 0x5B, 0x69, 0x5D, 0x2E, 0x4C, 0x61, 0x6E, 0x67, 0x6B, 0x6D, 0xC2, 0xB2, 0x77, 0x69, 0x72, 0x65, 0x74, 0x6F, 0x79, 0x73, 0x61, 0x64, 0x64, 0x73, 0x73, 0x65, 0x61, 0x6C,
        0x61, 0x6C, 0x65, 0x78, 0x3B, 0x0A, 0x09, 0x7D, 0x65, 0x63, 0x68, 0x6F, 0x6E, 0x69, 0x6E, 0x65, 0x2E, 0x6F, 0x72, 0x67, 0x30, 0x30, 0x35, 0x29, 0x74, 0x6F, 0x6E, 0x79, 0x6A, 0x65, 0x77, 0x73,
        0x73, 0x61, 0x6E, 0x64, 0x6C, 0x65, 0x67, 0x73, 0x72, 0x6F, 0x6F, 0x66, 0x30, 0x30, 0x30, 0x29, 0x20, 0x32, 0x30, 0x30, 0x77, 0x69, 0x6E, 0x65, 0x67, 0x65, 0x61, 0x72, 0x64, 0x6F, 0x67, 0x73,
        0x62, 0x6F, 0x6F, 0x74, 0x67, 0x61, 0x72, 0x79, 0x63, 0x75, 0x74, 0x73, 0x74, 0x79, 0x6C, 0x65, 0x74, 0x65, 0x6D, 0x70, 0x74, 0x69, 0x6F, 0x6E, 0x2E, 0x78, 0x6D, 0x6C, 0x63, 0x6F, 0x63, 0x6B,
        0x67, 0x61, 0x6E, 0x67, 0x24, 0x28, 0x27, 0x2E, 0x35, 0x30, 0x70, 0x78, 0x50, 0x68, 0x2E, 0x44, 0x6D, 0x69, 0x73, 0x63, 0x61, 0x6C, 0x61, 0x6E, 0x6C, 0x6F, 0x61, 0x6E, 0x64, 0x65, 0x73, 0x6B,
        0x6D, 0x69, 0x6C, 0x65, 0x72, 0x79, 0x61, 0x6E, 0x75, 0x6E, 0x69, 0x78, 0x64, 0x69, 0x73, 0x63, 0x29, 0x3B, 0x7D, 0x0A, 0x64, 0x75, 0x73, 0x74, 0x63, 0x6C, 0x69, 0x70, 0x29, 0x2E, 0x0A, 0x0A,
        0x37, 0x30, 0x70, 0x78, 0x2D, 0x32, 0x30, 0x30, 0x44, 0x56, 0x44, 0x73, 0x37, 0x5D, 0x3E, 0x3C, 0x74, 0x61, 0x70, 0x65, 0x64, 0x65, 0x6D, 0x6F, 0x69, 0x2B, 0x2B, 0x29, 0x77, 0x61, 0x67, 0x65,
        0x65, 0x75, 0x72, 0x6F, 0x70, 0x68, 0x69, 0x6C, 0x6F, 0x70, 0x74, 0x73, 0x68, 0x6F, 0x6C, 0x65, 0x46, 0x41, 0x51, 0x73, 0x61, 0x73, 0x69, 0x6E, 0x2D, 0x32, 0x36, 0x54, 0x6C, 0x61, 0x62, 0x73,
        0x70, 0x65, 0x74, 0x73, 0x55, 0x52, 0x4C, 0x20, 0x62, 0x75, 0x6C, 0x6B, 0x63, 0x6F, 0x6F, 0x6B, 0x3B, 0x7D, 0x0D, 0x0A, 0x48, 0x45, 0x41, 0x44, 0x5B, 0x30, 0x5D, 0x29, 0x61, 0x62, 0x62, 0x72,
        0x6A, 0x75, 0x61, 0x6E, 0x28, 0x31, 0x39, 0x38, 0x6C, 0x65, 0x73, 0x68, 0x74, 0x77, 0x69, 0x6E, 0x3C, 0x2F, 0x69, 0x3E, 0x73, 0x6F, 0x6E, 0x79, 0x67, 0x75, 0x79, 0x73, 0x66, 0x75, 0x63, 0x6B,
        0x70, 0x69, 0x70, 0x65, 0x7C, 0x2D, 0x0A, 0x21, 0x30, 0x30, 0x32, 0x29, 0x6E, 0x64, 0x6F, 0x77, 0x5B, 0x31, 0x5D, 0x3B, 0x5B, 0x5D, 0x3B, 0x0A, 0x4C, 0x6F, 0x67, 0x20, 0x73, 0x61, 0x6C, 0x74,
        0x0D, 0x0A, 0x09, 0x09, 0x62, 0x61, 0x6E, 0x67, 0x74, 0x72, 0x69, 0x6D, 0x62, 0x61, 0x74, 0x68, 0x29, 0x7B, 0x0D, 0x0A, 0x30, 0x30, 0x70, 0x78, 0x0A, 0x7D, 0x29, 0x3B, 0x6B, 0x6F, 0x3A, 0xEC,
        0x66, 0x65, 0x65, 0x73, 0x61, 0x64, 0x3E, 0x0D, 0x73, 0x3A, 0x2F, 0x2F, 0x20, 0x5B, 0x5D, 0x3B, 0x74, 0x6F, 0x6C, 0x6C, 0x70, 0x6C, 0x75, 0x67, 0x28, 0x29, 0x7B, 0x0A, 0x7B, 0x0D, 0x0A, 0x20,
        0x2E, 0x6A, 0x73, 0x27, 0x32, 0x30, 0x30, 0x70, 0x64, 0x75, 0x61, 0x6C, 0x62, 0x6F, 0x61, 0x74, 0x2E, 0x4A, 0x50, 0x47, 0x29, 0x3B, 0x0A, 0x7D, 0x71, 0x75, 0x6F, 0x74, 0x29, 0x3B, 0x0A, 0x0A,
        0x27, 0x29, 0x3B, 0x0A, 0x0D, 0x0A, 0x7D, 0x0D, 0x32, 0x30, 0x31, 0x34, 0x32, 0x30, 0x31, 0x35, 0x32, 0x30, 0x31, 0x36, 0x32, 0x30, 0x31, 0x37, 0x32, 0x30, 0x31, 0x38, 0x32, 0x30, 0x31, 0x39,
        0x32, 0x30, 0x32, 0x30, 0x32, 0x30, 0x32, 0x31, 0x32, 0x30, 0x32, 0x32, 0x32, 0x30, 0x32, 0x33, 0x32, 0x30, 0x32, 0x34, 0x32, 0x30, 0x32, 0x35, 0x32, 0x30, 0x32, 0x36, 0x32, 0x30, 0x32, 0x37,
        0x32, 0x30, 0x32, 0x38, 0x32, 0x30, 0x32, 0x39, 0x32, 0x30, 0x33, 0x30, 0x32, 0x30, 0x33, 0x31, 0x32, 0x30, 0x33, 0x32, 0x32, 0x30, 0x33, 0x33, 0x32, 0x30, 0x33, 0x34, 0x32, 0x30, 0x33, 0x35,
        0x32, 0x30, 0x33, 0x36, 0x32, 0x30, 0x33, 0x37, 0x32, 0x30, 0x31, 0x33, 0x32, 0x30, 0x31, 0x32, 0x32, 0x30, 0x31, 0x31, 0x32, 0x30, 0x31, 0x30, 0x32, 0x30, 0x30, 0x39, 0x32, 0x30, 0x30, 0x38,
        0x32, 0x30, 0x30, 0x37, 0x32, 0x30, 0x30, 0x36, 0x32, 0x30, 0x30, 0x35, 0x32, 0x30, 0x30, 0x34, 0x32, 0x30, 0x30, 0x33, 0x32, 0x30, 0x30, 0x32, 0x32, 0x30, 0x30, 0x31, 0x32, 0x30, 0x30, 0x30,
        0x31, 0x39, 0x39, 0x39, 0x31, 0x39, 0x39, 0x38, 0x31, 0x39, 0x39, 0x37, 0x31, 0x39, 0x39, 0x36, 0x31, 0x39, 0x39, 0x35, 0x31, 0x39, 0x39, 0x34, 0x31, 0x39, 0x39, 0x33, 0x31, 0x39, 0x39, 0x32,
        0x31, 0x39, 0x39, 0x31, 0x31, 0x39, 0x39, 0x30, 0x31, 0x39, 0x38, 0x39, 0x31, 0x39, 0x38, 0x38, 0x31, 0x39, 0x38, 0x37, 0x31, 0x39, 0x38, 0x36, 0x31, 0x39, 0x38, 0x35, 0x31, 0x39, 0x38, 0x34,
        0x31, 0x39, 0x38, 0x33, 0x31, 0x39, 0x38, 0x32, 0x31, 0x39, 0x38, 0x31, 0x31, 0x39, 0x38, 0x30, 0x31, 0x39, 0x37, 0x39, 0x31, 0x39, 0x37, 0x38, 0x31, 0x39, 0x37, 0x37, 0x31, 0x39, 0x37, 0x36,
        0x31, 0x39, 0x37, 0x35, 0x31, 0x39, 0x37, 0x34, 0x31, 0x39, 0x37, 0x33, 0x31, 0x39, 0x37, 0x32, 0x31, 0x39, 0x37, 0x31, 0x31, 0x39, 0x37, 0x30, 0x31, 0x39, 0x36, 0x39, 0x31, 0x39, 0x36, 0x38,
        0x31, 0x39, 0x36, 0x37, 0x31, 0x39, 0x36, 0x36, 0x31, 0x39, 0x36, 0x35, 0x31, 0x39, 0x36, 0x34, 0x31, 0x39, 0x36, 0x33, 0x31, 0x39, 0x36, 0x32, 0x31, 0x39, 0x36, 0x31, 0x31, 0x39, 0x36, 0x30,
        0x31, 0x39, 0x35, 0x39, 0x31, 0x39, 0x35, 0x38, 0x31, 0x39, 0x35, 0x37, 0x31, 0x39, 0x35, 0x36, 0x31, 0x39, 0x35, 0x35, 0x31, 0x39, 0x35, 0x34, 0x31, 0x39, 0x35, 0x33, 0x31, 0x39, 0x35, 0x32,
        0x31, 0x39, 0x35, 0x31, 0x31, 0x39, 0x35, 0x30, 0x31, 0x30, 0x30, 0x30, 0x31, 0x30, 0x32, 0x34, 0x31, 0x33, 0x39, 0x34, 0x30, 0x30, 0x30, 0x30, 0x39, 0x39, 0x39, 0x39, 0x63, 0x6F, 0x6D, 0x6F,
        0x6D, 0xC3, 0xA1, 0x73, 0x65, 0x73, 0x74, 0x65, 0x65, 0x73, 0x74, 0x61, 0x70, 0x65, 0x72, 0x6F, 0x74, 0x6F, 0x64, 0x6F, 0x68, 0x61, 0x63, 0x65, 0x63, 0x61, 0x64, 0x61, 0x61, 0xC3, 0xB1, 0x6F,
        0x62, 0x69, 0x65, 0x6E, 0x64, 0xC3, 0xAD, 0x61, 0x61, 0x73, 0xC3, 0xAD, 0x76, 0x69, 0x64, 0x61, 0x63, 0x61, 0x73, 0x6F, 0x6F, 0x74, 0x72, 0x6F, 0x66, 0x6F, 0x72, 0x6F, 0x73, 0x6F, 0x6C, 0x6F,
        0x6F, 0x74, 0x72, 0x61, 0x63, 0x75, 0x61, 0x6C, 0x64, 0x69, 0x6A, 0x6F, 0x73, 0x69, 0x64, 0x6F, 0x67, 0x72, 0x61, 0x6E, 0x74, 0x69, 0x70, 0x6F, 0x74, 0x65, 0x6D, 0x61, 0x64, 0x65, 0x62, 0x65,
        0x61, 0x6C, 0x67, 0x6F, 0x71, 0x75, 0xC3, 0xA9, 0x65, 0x73, 0x74, 0x6F, 0x6E, 0x61, 0x64, 0x61, 0x74, 0x72, 0x65, 0x73, 0x70, 0x6F, 0x63, 0x6F, 0x63, 0x61, 0x73, 0x61, 0x62, 0x61, 0x6A, 0x6F,
        0x74, 0x6F, 0x64, 0x61, 0x73, 0x69, 0x6E, 0x6F, 0x61, 0x67, 0x75, 0x61, 0x70, 0x75, 0x65, 0x73, 0x75, 0x6E, 0x6F, 0x73, 0x61, 0x6E, 0x74, 0x65, 0x64, 0x69, 0x63, 0x65, 0x6C, 0x75, 0x69, 0x73,
        0x65, 0x6C, 0x6C, 0x61, 0x6D, 0x61, 0x79, 0x6F, 0x7A, 0x6F, 0x6E, 0x61, 0x61, 0x6D, 0x6F, 0x72, 0x70, 0x69, 0x73, 0x6F, 0x6F, 0x62, 0x72, 0x61, 0x63, 0x6C, 0x69, 0x63, 0x65, 0x6C, 0x6C, 0x6F,
        0x64, 0x69, 0x6F, 0x73, 0x68, 0x6F, 0x72, 0x61, 0x63, 0x61, 0x73, 0x69, 0xD0, 0xB7, 0xD0, 0xB0, 0xD0, 0xBD, 0xD0, 0xB0, 0xD0, 0xBE, 0xD0, 0xBC, 0xD1, 0x80, 0xD0, 0xB0, 0xD1, 0x80, 0xD1, 0x83,
        0xD1, 0x82, 0xD0, 0xB0, 0xD0, 0xBD, 0xD0, 0xB5, 0xD0, 0xBF, 0xD0, 0xBE, 0xD0, 0xBE, 0xD1, 0x82, 0xD0, 0xB8, 0xD0, 0xB7, 0xD0, 0xBD, 0xD0, 0xBE, 0xD0, 0xB4, 0xD0, 0xBE, 0xD1, 0x82, 0xD0, 0xBE,
        0xD0, 0xB6, 0xD0, 0xB5, 0xD0, 0xBE, 0xD0, 0xBD, 0xD0, 0xB8, 0xD1, 0x85, 0xD0, 0x9D, 0xD0, 0xB0, 0xD0, 0xB5, 0xD0, 0xB5, 0xD0, 0xB1, 0xD1, 0x8B, 0xD0, 0xBC, 0xD1, 0x8B, 0xD0, 0x92, 0xD1, 0x8B,
        0xD1, 0x81, 0xD0, 0xBE, 0xD0, 0xB2, 0xD1, 0x8B, 0xD0, 0xB2, 0xD0, 0xBE, 0xD0, 0x9D, 0xD0, 0xBE, 0xD0, 0xBE, 0xD0, 0xB1, 0xD0, 0x9F, 0xD0, 0xBE, 0xD0, 0xBB, 0xD0, 0xB8, 0xD0, 0xBD, 0xD0, 0xB8,
        0xD0, 0xA0, 0xD0, 0xA4, 0xD0, 0x9D, 0xD0, 0xB5, 0xD0, 0x9C, 0xD1, 0x8B, 0xD1, 0x82, 0xD1, 0x8B, 0xD0, 0x9E, 0xD0, 0xBD, 0xD0, 0xB8, 0xD0, 0xBC, 0xD0, 0xB4, 0xD0, 0xB0, 0xD0, 0x97, 0xD0, 0xB0,
        0xD0, 0x94, 0xD0, 0xB0, 0xD0, 0x9D, 0xD1, 0x83, 0xD0, 0x9E, 0xD0, 0xB1, 0xD1, 0x82, 0xD0, 0xB5, 0xD0, 0x98, 0xD0, 0xB7, 0xD0, 0xB5, 0xD0, 0xB9, 0xD0, 0xBD, 0xD1, 0x83, 0xD0, 0xBC, 0xD0, 0xBC,
        0xD0, 0xA2, 0xD1, 0x8B, 0xD1, 0x83, 0xD0, 0xB6, 0xD9, 0x81, 0xD9, 0x8A, 0xD8, 0xA3, 0xD9, 0x86, 0xD9, 0x85, 0xD8, 0xA7, 0xD9, 0x85, 0xD8, 0xB9, 0xD9, 0x83, 0xD9, 0x84, 0xD8, 0xA3, 0xD9, 0x88,
        0xD8, 0xB1, 0xD8, 0xAF, 0xD9, 0x8A, 0xD8, 0xA7, 0xD9, 0x81, 0xD9, 0x89, 0xD9, 0x87, 0xD9, 0x88, 0xD9, 0x84, 0xD9, 0x85, 0xD9, 0x84, 0xD9, 0x83, 0xD8, 0xA7, 0xD9, 0x88, 0xD9, 0x84, 0xD9, 0x87,
        0xD8, 0xA8, 0xD8, 0xB3, 0xD8, 0xA7, 0xD9, 0x84, 0xD8, 0xA5, 0xD9, 0x86, 0xD9, 0x87, 0xD9, 0x8A, 0xD8, 0xA3, 0xD9, 0x8A, 0xD9, 0x82, 0xD8, 0xAF, 0xD9, 0x87, 0xD9, 0x84, 0xD8, 0xAB, 0xD9, 0x85,
        0xD8, 0xA8, 0xD9, 0x87, 0xD9, 0x84, 0xD9, 0x88, 0xD9, 0x84, 0xD9, 0x8A, 0xD8, 0xA8, 0xD9, 0x84, 0xD8, 0xA7, 0xD9, 0x8A, 0xD8, 0xA8, 0xD9, 0x83, 0xD8, 0xB4, 0xD9, 0x8A, 0xD8, 0xA7, 0xD9, 0x85,
        0xD8, 0xA3, 0xD9, 0x85, 0xD9, 0x86, 0xD8, 0xAA, 0xD8, 0xA8, 0xD9, 0x8A, 0xD9, 0x84, 0xD9, 0x86, 0xD8, 0xAD, 0xD8, 0xA8, 0xD9, 0x87, 0xD9, 0x85, 0xD9, 0x85, 0xD8, 0xB4, 0xD9, 0x88, 0xD8, 0xB4,
        0x66, 0x69, 0x72, 0x73, 0x74, 0x76, 0x69, 0x64, 0x65, 0x6F, 0x6C, 0x69, 0x67, 0x68, 0x74, 0x77, 0x6F, 0x72, 0x6C, 0x64, 0x6D, 0x65, 0x64, 0x69, 0x61, 0x77, 0x68, 0x69, 0x74, 0x65, 0x63, 0x6C,
        0x6F, 0x73, 0x65, 0x62, 0x6C, 0x61, 0x63, 0x6B, 0x72, 0x69, 0x67, 0x68, 0x74, 0x73, 0x6D, 0x61, 0x6C, 0x6C, 0x62, 0x6F, 0x6F, 0x6B, 0x73, 0x70, 0x6C, 0x61, 0x63, 0x65, 0x6D, 0x75, 0x73, 0x69,
        0x63, 0x66, 0x69, 0x65, 0x6C, 0x64, 0x6F, 0x72, 0x64, 0x65, 0x72, 0x70, 0x6F, 0x69, 0x6E, 0x74, 0x76, 0x61, 0x6C, 0x75, 0x65, 0x6C, 0x65, 0x76, 0x65, 0x6C, 0x74, 0x61, 0x62, 0x6C, 0x65, 0x62,
        0x6F, 0x61, 0x72, 0x64, 0x68, 0x6F, 0x75, 0x73, 0x65, 0x67, 0x72, 0x6F, 0x75, 0x70, 0x77, 0x6F, 0x72, 0x6B, 0x73, 0x79, 0x65, 0x61, 0x72, 0x73, 0x73, 0x74, 0x61, 0x74, 0x65, 0x74, 0x6F, 0x64,
        0x61, 0x79, 0x77, 0x61, 0x74, 0x65, 0x72, 0x73, 0x74, 0x61, 0x72, 0x74, 0x73, 0x74, 0x79, 0x6C, 0x65, 0x64, 0x65, 0x61, 0x74, 0x68, 0x70, 0x6F, 0x77, 0x65, 0x72, 0x70, 0x68, 0x6F, 0x6E, 0x65,
        0x6E, 0x69, 0x67, 0x68, 0x74, 0x65, 0x72, 0x72, 0x6F, 0x72, 0x69, 0x6E, 0x70, 0x75, 0x74, 0x61, 0x62, 0x6F, 0x75, 0x74, 0x74, 0x65, 0x72, 0x6D, 0x73, 0x74, 0x69, 0x74, 0x6C, 0x65, 0x74, 0x6F,
        0x6F, 0x6C, 0x73, 0x65, 0x76, 0x65, 0x6E, 0x74, 0x6C, 0x6F, 0x63, 0x61, 0x6C, 0x74, 0x69, 0x6D, 0x65, 0x73, 0x6C, 0x61, 0x72, 0x67, 0x65, 0x77, 0x6F, 0x72, 0x64, 0x73, 0x67, 0x61, 0x6D, 0x65,
        0x73, 0x73, 0x68, 0x6F, 0x72, 0x74, 0x73, 0x70, 0x61, 0x63, 0x65, 0x66, 0x6F, 0x63, 0x75, 0x73, 0x63, 0x6C, 0x65, 0x61, 0x72, 0x6D, 0x6F, 0x64, 0x65, 0x6C, 0x62, 0x6C, 0x6F, 0x63, 0x6B, 0x67,
        0x75, 0x69, 0x64, 0x65, 0x72, 0x61, 0x64, 0x69, 0x6F, 0x73, 0x68, 0x61, 0x72, 0x65, 0x77, 0x6F, 0x6D, 0x65, 0x6E, 0x61, 0x67, 0x61, 0x69, 0x6E, 0x6D, 0x6F, 0x6E, 0x65, 0x79, 0x69, 0x6D, 0x61,
        0x67, 0x65, 0x6E, 0x61, 0x6D, 0x65, 0x73, 0x79, 0x6F, 0x75, 0x6E, 0x67, 0x6C, 0x69, 0x6E, 0x65, 0x73, 0x6C, 0x61, 0x74, 0x65, 0x72, 0x63, 0x6F, 0x6C, 0x6F, 0x72, 0x67, 0x72, 0x65, 0x65, 0x6E,
        0x66, 0x72, 0x6F, 0x6E, 0x74, 0x26, 0x61, 0x6D, 0x70, 0x3B, 0x77, 0x61, 0x74, 0x63, 0x68, 0x66, 0x6F, 0x72, 0x63, 0x65, 0x70, 0x72, 0x69, 0x63, 0x65, 0x72, 0x75, 0x6C, 0x65, 0x73, 0x62, 0x65,
        0x67, 0x69, 0x6E, 0x61, 0x66, 0x74, 0x65, 0x72, 0x76, 0x69, 0x73, 0x69, 0x74, 0x69, 0x73, 0x73, 0x75, 0x65, 0x61, 0x72, 0x65, 0x61, 0x73, 0x62, 0x65, 0x6C, 0x6F, 0x77, 0x69, 0x6E, 0x64, 0x65,
        0x78, 0x74, 0x6F, 0x74, 0x61, 0x6C, 0x68, 0x6F, 0x75, 0x72, 0x73, 0x6C, 0x61, 0x62, 0x65, 0x6C, 0x70, 0x72, 0x69, 0x6E, 0x74, 0x70, 0x72, 0x65, 0x73, 0x73, 0x62, 0x75, 0x69, 0x6C, 0x74, 0x6C,
        0x69, 0x6E, 0x6B, 0x73, 0x73, 0x70, 0x65, 0x65, 0x64, 0x73, 0x74, 0x75, 0x64, 0x79, 0x74, 0x72, 0x61, 0x64, 0x65, 0x66, 0x6F, 0x75, 0x6E, 0x64, 0x73, 0x65, 0x6E, 0x73, 0x65, 0x75, 0x6E, 0x64,
        0x65, 0x72, 0x73, 0x68, 0x6F, 0x77, 0x6E, 0x66, 0x6F, 0x72, 0x6D, 0x73, 0x72, 0x61, 0x6E, 0x67, 0x65, 0x61, 0x64, 0x64, 0x65, 0x64, 0x73, 0x74, 0x69, 0x6C, 0x6C, 0x6D, 0x6F, 0x76, 0x65, 0x64,
        0x74, 0x61, 0x6B, 0x65, 0x6E, 0x61, 0x62, 0x6F, 0x76, 0x65, 0x66, 0x6C, 0x61, 0x73, 0x68, 0x66, 0x69, 0x78, 0x65, 0x64, 0x6F, 0x66, 0x74, 0x65, 0x6E, 0x6F, 0x74, 0x68, 0x65, 0x72, 0x76, 0x69,
        0x65, 0x77, 0x73, 0x63, 0x68, 0x65, 0x63, 0x6B, 0x6C, 0x65, 0x67, 0x61, 0x6C, 0x72, 0x69, 0x76, 0x65, 0x72, 0x69, 0x74, 0x65, 0x6D, 0x73, 0x71, 0x75, 0x69, 0x63, 0x6B, 0x73, 0x68, 0x61, 0x70,
        0x65, 0x68, 0x75, 0x6D, 0x61, 0x6E, 0x65, 0x78, 0x69, 0x73, 0x74, 0x67, 0x6F, 0x69, 0x6E, 0x67, 0x6D, 0x6F, 0x76, 0x69, 0x65, 0x74, 0x68, 0x69, 0x72, 0x64, 0x62, 0x61, 0x73, 0x69, 0x63, 0x70,
        0x65, 0x61, 0x63, 0x65, 0x73, 0x74, 0x61, 0x67, 0x65, 0x77, 0x69, 0x64, 0x74, 0x68, 0x6C, 0x6F, 0x67, 0x69, 0x6E, 0x69, 0x64, 0x65, 0x61, 0x73, 0x77, 0x72, 0x6F, 0x74, 0x65, 0x70, 0x61, 0x67,
        0x65, 0x73, 0x75, 0x73, 0x65, 0x72, 0x73, 0x64, 0x72, 0x69, 0x76, 0x65, 0x73, 0x74, 0x6F, 0x72, 0x65, 0x62, 0x72, 0x65, 0x61, 0x6B, 0x73, 0x6F, 0x75, 0x74, 0x68, 0x76, 0x6F, 0x69, 0x63, 0x65,
        0x73, 0x69, 0x74, 0x65, 0x73, 0x6D, 0x6F, 0x6E, 0x74, 0x68, 0x77, 0x68, 0x65, 0x72, 0x65, 0x62, 0x75, 0x69, 0x6C, 0x64, 0x77, 0x68, 0x69, 0x63, 0x68, 0x65, 0x61, 0x72, 0x74, 0x68, 0x66, 0x6F,
        0x72, 0x75, 0x6D, 0x74, 0x68, 0x72, 0x65, 0x65, 0x73, 0x70, 0x6F, 0x72, 0x74, 0x70, 0x61, 0x72, 0x74, 0x79, 0x43, 0x6C, 0x69, 0x63, 0x6B, 0x6C, 0x6F, 0x77, 0x65, 0x72, 0x6C, 0x69, 0x76, 0x65,
        0x73, 0x63, 0x6C, 0x61, 0x73, 0x73, 0x6C, 0x61, 0x79, 0x65, 0x72, 0x65, 0x6E, 0x74, 0x72, 0x79, 0x73, 0x74, 0x6F, 0x72, 0x79, 0x75, 0x73, 0x61, 0x67, 0x65, 0x73, 0x6F, 0x75, 0x6E, 0x64, 0x63,
        0x6F, 0x75, 0x72, 0x74, 0x79, 0x6F, 0x75, 0x72, 0x20, 0x62, 0x69, 0x72, 0x74, 0x68, 0x70, 0x6F, 0x70, 0x75, 0x70, 0x74, 0x79, 0x70, 0x65, 0x73, 0x61, 0x70, 0x70, 0x6C, 0x79, 0x49, 0x6D, 0x61,
        0x67, 0x65, 0x62, 0x65, 0x69, 0x6E, 0x67, 0x75, 0x70, 0x70, 0x65, 0x72, 0x6E, 0x6F, 0x74, 0x65, 0x73, 0x65, 0x76, 0x65, 0x72, 0x79, 0x73, 0x68, 0x6F, 0x77, 0x73, 0x6D, 0x65, 0x61, 0x6E, 0x73,
        0x65, 0x78, 0x74, 0x72, 0x61, 0x6D, 0x61, 0x74, 0x63, 0x68, 0x74, 0x72, 0x61, 0x63, 0x6B, 0x6B, 0x6E, 0x6F, 0x77, 0x6E, 0x65, 0x61, 0x72, 0x6C, 0x79, 0x62, 0x65, 0x67, 0x61, 0x6E, 0x73, 0x75,
        0x70, 0x65, 0x72, 0x70, 0x61, 0x70, 0x65, 0x72, 0x6E, 0x6F, 0x72, 0x74, 0x68, 0x6C, 0x65, 0x61, 0x72, 0x6E, 0x67, 0x69, 0x76, 0x65, 0x6E, 0x6E, 0x61, 0x6D, 0x65, 0x64, 0x65, 0x6E, 0x64, 0x65,
        0x64, 0x54, 0x65, 0x72, 0x6D, 0x73, 0x70, 0x61, 0x72, 0x74, 0x73, 0x47, 0x72, 0x6F, 0x75, 0x70, 0x62, 0x72, 0x61, 0x6E, 0x64, 0x75, 0x73, 0x69, 0x6E, 0x67, 0x77, 0x6F, 0x6D, 0x61, 0x6E, 0x66,
        0x61, 0x6C, 0x73, 0x65, 0x72, 0x65, 0x61, 0x64, 0x79, 0x61, 0x75, 0x64, 0x69, 0x6F, 0x74, 0x61, 0x6B, 0x65, 0x73, 0x77, 0x68, 0x69, 0x6C, 0x65, 0x2E, 0x63, 0x6F, 0x6D, 0x2F, 0x6C, 0x69, 0x76,
        0x65, 0x64, 0x63, 0x61, 0x73, 0x65, 0x73, 0x64, 0x61, 0x69, 0x6C, 0x79, 0x63, 0x68, 0x69, 0x6C, 0x64, 0x67, 0x72, 0x65, 0x61, 0x74, 0x6A, 0x75, 0x64, 0x67, 0x65, 0x74, 0x68, 0x6F, 0x73, 0x65,
        0x75, 0x6E, 0x69, 0x74, 0x73, 0x6E, 0x65, 0x76, 0x65, 0x72, 0x62, 0x72, 0x6F, 0x61, 0x64, 0x63, 0x6F, 0x61, 0x73, 0x74, 0x63, 0x6F, 0x76, 0x65, 0x72, 0x61, 0x70, 0x70, 0x6C, 0x65, 0x66, 0x69,
        0x6C, 0x65, 0x73, 0x63, 0x79, 0x63, 0x6C, 0x65, 0x73, 0x63, 0x65, 0x6E, 0x65, 0x70, 0x6C, 0x61, 0x6E, 0x73, 0x63, 0x6C, 0x69, 0x63, 0x6B, 0x77, 0x72, 0x69, 0x74, 0x65, 0x71, 0x75, 0x65, 0x65,
        0x6E, 0x70, 0x69, 0x65, 0x63, 0x65, 0x65, 0x6D, 0x61, 0x69, 0x6C, 0x66, 0x72, 0x61, 0x6D, 0x65, 0x6F, 0x6C, 0x64, 0x65, 0x72, 0x70, 0x68, 0x6F, 0x74, 0x6F, 0x6C, 0x69, 0x6D, 0x69, 0x74, 0x63,
        0x61, 0x63, 0x68, 0x65, 0x63, 0x69, 0x76, 0x69, 0x6C, 0x73, 0x63, 0x61, 0x6C, 0x65, 0x65, 0x6E, 0x74, 0x65, 0x72, 0x74, 0x68, 0x65, 0x6D, 0x65, 0x74, 0x68, 0x65, 0x72, 0x65, 0x74, 0x6F, 0x75,
        0x63, 0x68, 0x62, 0x6F, 0x75, 0x6E, 0x64, 0x72, 0x6F, 0x79, 0x61, 0x6C, 0x61, 0x73, 0x6B, 0x65, 0x64, 0x77, 0x68, 0x6F, 0x6C, 0x65, 0x73, 0x69, 0x6E, 0x63, 0x65, 0x73, 0x74, 0x6F, 0x63, 0x6B,
        0x20, 0x6E, 0x61, 0x6D, 0x65, 0x66, 0x61, 0x69, 0x74, 0x68, 0x68, 0x65, 0x61, 0x72, 0x74, 0x65, 0x6D, 0x70, 0x74, 0x79, 0x6F, 0x66, 0x66, 0x65, 0x72, 0x73, 0x63, 0x6F, 0x70, 0x65, 0x6F, 0x77,
        0x6E, 0x65, 0x64, 0x6D, 0x69, 0x67, 0x68, 0x74, 0x61, 0x6C, 0x62, 0x75, 0x6D, 0x74, 0x68, 0x69, 0x6E, 0x6B, 0x62, 0x6C, 0x6F, 0x6F, 0x64, 0x61, 0x72, 0x72, 0x61, 0x79, 0x6D, 0x61, 0x6A, 0x6F,
        0x72, 0x74, 0x72, 0x75, 0x73, 0x74, 0x63, 0x61, 0x6E, 0x6F, 0x6E, 0x75, 0x6E, 0x69, 0x6F, 0x6E, 0x63, 0x6F, 0x75, 0x6E, 0x74, 0x76, 0x61, 0x6C, 0x69, 0x64, 0x73, 0x74, 0x6F, 0x6E, 0x65, 0x53,
        0x74, 0x79, 0x6C, 0x65, 0x4C, 0x6F, 0x67, 0x69, 0x6E, 0x68, 0x61, 0x70, 0x70, 0x79, 0x6F, 0x63, 0x63, 0x75, 0x72, 0x6C, 0x65, 0x66, 0x74, 0x3A, 0x66, 0x72, 0x65, 0x73, 0x68, 0x71, 0x75, 0x69,
        0x74, 0x65, 0x66, 0x69, 0x6C, 0x6D, 0x73, 0x67, 0x72, 0x61, 0x64, 0x65, 0x6E, 0x65, 0x65, 0x64, 0x73, 0x75, 0x72, 0x62, 0x61, 0x6E, 0x66, 0x69, 0x67, 0x68, 0x74, 0x62, 0x61, 0x73, 0x69, 0x73,
        0x68, 0x6F, 0x76, 0x65, 0x72, 0x61, 0x75, 0x74, 0x6F, 0x3B, 0x72, 0x6F, 0x75, 0x74, 0x65, 0x2E, 0x68, 0x74, 0x6D, 0x6C, 0x6D, 0x69, 0x78, 0x65, 0x64, 0x66, 0x69, 0x6E, 0x61, 0x6C, 0x59, 0x6F,
        0x75, 0x72, 0x20, 0x73, 0x6C, 0x69, 0x64, 0x65, 0x74, 0x6F, 0x70, 0x69, 0x63, 0x62, 0x72, 0x6F, 0x77, 0x6E, 0x61, 0x6C, 0x6F, 0x6E, 0x65, 0x64, 0x72, 0x61, 0x77, 0x6E, 0x73, 0x70, 0x6C, 0x69,
        0x74, 0x72, 0x65, 0x61, 0x63, 0x68, 0x52, 0x69, 0x67, 0x68, 0x74, 0x64, 0x61, 0x74, 0x65, 0x73, 0x6D, 0x61, 0x72, 0x63, 0x68, 0x71, 0x75, 0x6F, 0x74, 0x65, 0x67, 0x6F, 0x6F, 0x64, 0x73, 0x4C,
        0x69, 0x6E, 0x6B, 0x73, 0x64, 0x6F, 0x75, 0x62, 0x74, 0x61, 0x73, 0x79, 0x6E, 0x63, 0x74, 0x68, 0x75, 0x6D, 0x62, 0x61, 0x6C, 0x6C, 0x6F, 0x77, 0x63, 0x68, 0x69, 0x65, 0x66, 0x79, 0x6F, 0x75,
        0x74, 0x68, 0x6E, 0x6F, 0x76, 0x65, 0x6C, 0x31, 0x30, 0x70, 0x78, 0x3B, 0x73, 0x65, 0x72, 0x76, 0x65, 0x75, 0x6E, 0x74, 0x69, 0x6C, 0x68, 0x61, 0x6E, 0x64, 0x73, 0x43, 0x68, 0x65, 0x63, 0x6B,
        0x53, 0x70, 0x61, 0x63, 0x65, 0x71, 0x75, 0x65, 0x72, 0x79, 0x6A, 0x61, 0x6D, 0x65, 0x73, 0x65, 0x71, 0x75, 0x61, 0x6C, 0x74, 0x77, 0x69, 0x63, 0x65, 0x30, 0x2C, 0x30, 0x30, 0x30, 0x53, 0x74,
        0x61, 0x72, 0x74, 0x70, 0x61, 0x6E, 0x65, 0x6C, 0x73, 0x6F, 0x6E, 0x67, 0x73, 0x72, 0x6F, 0x75, 0x6E, 0x64, 0x65, 0x69, 0x67, 0x68, 0x74, 0x73, 0x68, 0x69, 0x66, 0x74, 0x77, 0x6F, 0x72, 0x74,
        0x68, 0x70, 0x6F, 0x73, 0x74, 0x73, 0x6C, 0x65, 0x61, 0x64, 0x73, 0x77, 0x65, 0x65, 0x6B, 0x73, 0x61, 0x76, 0x6F, 0x69, 0x64, 0x74, 0x68, 0x65, 0x73, 0x65, 0x6D, 0x69, 0x6C, 0x65, 0x73, 0x70,
        0x6C, 0x61, 0x6E, 0x65, 0x73, 0x6D, 0x61, 0x72, 0x74, 0x61, 0x6C, 0x70, 0x68, 0x61, 0x70, 0x6C, 0x61, 0x6E, 0x74, 0x6D, 0x61, 0x72, 0x6B, 0x73, 0x72, 0x61, 0x74, 0x65, 0x73, 0x70, 0x6C, 0x61,
        0x79, 0x73, 0x63, 0x6C, 0x61, 0x69, 0x6D, 0x73, 0x61, 0x6C, 0x65, 0x73, 0x74, 0x65, 0x78, 0x74, 0x73, 0x73, 0x74, 0x61, 0x72, 0x73, 0x77, 0x72, 0x6F, 0x6E, 0x67, 0x3C, 0x2F, 0x68, 0x33, 0x3E,
        0x74, 0x68, 0x69, 0x6E, 0x67, 0x2E, 0x6F, 0x72, 0x67, 0x2F, 0x6D, 0x75, 0x6C, 0x74, 0x69, 0x68, 0x65, 0x61, 0x72, 0x64, 0x50, 0x6F, 0x77, 0x65, 0x72, 0x73, 0x74, 0x61, 0x6E, 0x64, 0x74, 0x6F,
        0x6B, 0x65, 0x6E, 0x73, 0x6F, 0x6C, 0x69, 0x64, 0x28, 0x74, 0x68, 0x69, 0x73, 0x62, 0x72, 0x69, 0x6E, 0x67, 0x73, 0x68, 0x69, 0x70, 0x73, 0x73, 0x74, 0x61, 0x66, 0x66, 0x74, 0x72, 0x69, 0x65,
        0x64, 0x63, 0x61, 0x6C, 0x6C, 0x73, 0x66, 0x75, 0x6C, 0x6C, 0x79, 0x66, 0x61, 0x63, 0x74, 0x73, 0x61, 0x67, 0x65, 0x6E, 0x74, 0x54, 0x68, 0x69, 0x73, 0x20, 0x2F, 0x2F, 0x2D, 0x2D, 0x3E, 0x61,
        0x64, 0x6D, 0x69, 0x6E, 0x65, 0x67, 0x79, 0x70, 0x74, 0x45, 0x76, 0x65, 0x6E, 0x74, 0x31, 0x35, 0x70, 0x78, 0x3B, 0x45, 0x6D, 0x61, 0x69, 0x6C, 0x74, 0x72, 0x75, 0x65, 0x22, 0x63, 0x72, 0x6F,
        0x73, 0x73, 0x73, 0x70, 0x65, 0x6E, 0x74, 0x62, 0x6C, 0x6F, 0x67, 0x73, 0x62, 0x6F, 0x78, 0x22, 0x3E, 0x6E, 0x6F, 0x74, 0x65, 0x64, 0x6C, 0x65, 0x61, 0x76, 0x65, 0x63, 0x68, 0x69, 0x6E, 0x61,
        0x73, 0x69, 0x7A, 0x65, 0x73, 0x67, 0x75, 0x65, 0x73, 0x74, 0x3C, 0x2F, 0x68, 0x34, 0x3E, 0x72, 0x6F, 0x62, 0x6F, 0x74, 0x68, 0x65, 0x61, 0x76, 0x79, 0x74, 0x72, 0x75, 0x65, 0x2C, 0x73, 0x65,
        0x76, 0x65, 0x6E, 0x67, 0x72, 0x61, 0x6E, 0x64, 0x63, 0x72, 0x69, 0x6D, 0x65, 0x73, 0x69, 0x67, 0x6E, 0x73, 0x61, 0x77, 0x61, 0x72, 0x65, 0x64, 0x61, 0x6E, 0x63, 0x65, 0x70, 0x68, 0x61, 0x73,
        0x65, 0x3E, 0x3C, 0x21, 0x2D, 0x2D, 0x65, 0x6E, 0x5F, 0x55, 0x53, 0x26, 0x23, 0x33, 0x39, 0x3B, 0x32, 0x30, 0x30, 0x70, 0x78, 0x5F, 0x6E, 0x61, 0x6D, 0x65, 0x6C, 0x61, 0x74, 0x69, 0x6E, 0x65,
        0x6E, 0x6A, 0x6F, 0x79, 0x61, 0x6A, 0x61, 0x78, 0x2E, 0x61, 0x74, 0x69, 0x6F, 0x6E, 0x73, 0x6D, 0x69, 0x74, 0x68, 0x55, 0x2E, 0x53, 0x2E, 0x20, 0x68, 0x6F, 0x6C, 0x64, 0x73, 0x70, 0x65, 0x74,
        0x65, 0x72, 0x69, 0x6E, 0x64, 0x69, 0x61, 0x6E, 0x61, 0x76, 0x22, 0x3E, 0x63, 0x68, 0x61, 0x69, 0x6E, 0x73, 0x63, 0x6F, 0x72, 0x65, 0x63, 0x6F, 0x6D, 0x65, 0x73, 0x64, 0x6F, 0x69, 0x6E, 0x67,
        0x70, 0x72, 0x69, 0x6F, 0x72, 0x53, 0x68, 0x61, 0x72, 0x65, 0x31, 0x39, 0x39, 0x30, 0x73, 0x72, 0x6F, 0x6D, 0x61, 0x6E, 0x6C, 0x69, 0x73, 0x74, 0x73, 0x6A, 0x61, 0x70, 0x61, 0x6E, 0x66, 0x61,
        0x6C, 0x6C, 0x73, 0x74, 0x72, 0x69, 0x61, 0x6C, 0x6F, 0x77, 0x6E, 0x65, 0x72, 0x61, 0x67, 0x72, 0x65, 0x65, 0x3C, 0x2F, 0x68, 0x32, 0x3E, 0x61, 0x62, 0x75, 0x73, 0x65, 0x61, 0x6C, 0x65, 0x72,
        0x74, 0x6F, 0x70, 0x65, 0x72, 0x61, 0x22, 0x2D, 0x2F, 0x2F, 0x57, 0x63, 0x61, 0x72, 0x64, 0x73, 0x68, 0x69, 0x6C, 0x6C, 0x73, 0x74, 0x65, 0x61, 0x6D, 0x73, 0x50, 0x68, 0x6F, 0x74, 0x6F, 0x74,
        0x72, 0x75, 0x74, 0x68, 0x63, 0x6C, 0x65, 0x61, 0x6E, 0x2E, 0x70, 0x68, 0x70, 0x3F, 0x73, 0x61, 0x69, 0x6E, 0x74, 0x6D, 0x65, 0x74, 0x61, 0x6C, 0x6C, 0x6F, 0x75, 0x69, 0x73, 0x6D, 0x65, 0x61,
        0x6E, 0x74, 0x70, 0x72, 0x6F, 0x6F, 0x66, 0x62, 0x72, 0x69, 0x65, 0x66, 0x72, 0x6F, 0x77, 0x22, 0x3E, 0x67, 0x65, 0x6E, 0x72, 0x65, 0x74, 0x72, 0x75, 0x63, 0x6B, 0x6C, 0x6F, 0x6F, 0x6B, 0x73,
        0x56, 0x61, 0x6C, 0x75, 0x65, 0x46, 0x72, 0x61, 0x6D, 0x65, 0x2E, 0x6E, 0x65, 0x74, 0x2F, 0x2D, 0x2D, 0x3E, 0x0A, 0x3C, 0x74, 0x72, 0x79, 0x20, 0x7B, 0x0A, 0x76, 0x61, 0x72, 0x20, 0x6D, 0x61,
        0x6B, 0x65, 0x73, 0x63, 0x6F, 0x73, 0x74, 0x73, 0x70, 0x6C, 0x61, 0x69, 0x6E, 0x61, 0x64, 0x75, 0x6C, 0x74, 0x71, 0x75, 0x65, 0x73, 0x74, 0x74, 0x72, 0x61, 0x69, 0x6E, 0x6C, 0x61, 0x62, 0x6F,
        0x72, 0x68, 0x65, 0x6C, 0x70, 0x73, 0x63, 0x61, 0x75, 0x73, 0x65, 0x6D, 0x61, 0x67, 0x69, 0x63, 0x6D, 0x6F, 0x74, 0x6F, 0x72, 0x74, 0x68, 0x65, 0x69, 0x72, 0x32, 0x35, 0x30, 0x70, 0x78, 0x6C,
        0x65, 0x61, 0x73, 0x74, 0x73, 0x74, 0x65, 0x70, 0x73, 0x43, 0x6F, 0x75, 0x6E, 0x74, 0x63, 0x6F, 0x75, 0x6C, 0x64, 0x67, 0x6C, 0x61, 0x73, 0x73, 0x73, 0x69, 0x64, 0x65, 0x73, 0x66, 0x75, 0x6E,
        0x64, 0x73, 0x68, 0x6F, 0x74, 0x65, 0x6C, 0x61, 0x77, 0x61, 0x72, 0x64, 0x6D, 0x6F, 0x75, 0x74, 0x68, 0x6D, 0x6F, 0x76, 0x65, 0x73, 0x70, 0x61, 0x72, 0x69, 0x73, 0x67, 0x69, 0x76, 0x65, 0x73,
        0x64, 0x75, 0x74, 0x63, 0x68, 0x74, 0x65, 0x78, 0x61, 0x73, 0x66, 0x72, 0x75, 0x69, 0x74, 0x6E, 0x75, 0x6C, 0x6C, 0x2C, 0x7C, 0x7C, 0x5B, 0x5D, 0x3B, 0x74, 0x6F, 0x70, 0x22, 0x3E, 0x0A, 0x3C,
        0x21, 0x2D, 0x2D, 0x50, 0x4F, 0x53, 0x54, 0x22, 0x6F, 0x63, 0x65, 0x61, 0x6E, 0x3C, 0x62, 0x72, 0x2F, 0x3E, 0x66, 0x6C, 0x6F, 0x6F, 0x72, 0x73, 0x70, 0x65, 0x61, 0x6B, 0x64, 0x65, 0x70, 0x74,
        0x68, 0x20, 0x73, 0x69, 0x7A, 0x65, 0x62, 0x61, 0x6E, 0x6B, 0x73, 0x63, 0x61, 0x74, 0x63, 0x68, 0x63, 0x68, 0x61, 0x72, 0x74, 0x32, 0x30, 0x70, 0x78, 0x3B, 0x61, 0x6C, 0x69, 0x67, 0x6E, 0x64,
        0x65, 0x61, 0x6C, 0x73, 0x77, 0x6F, 0x75, 0x6C, 0x64, 0x35, 0x30, 0x70, 0x78, 0x3B, 0x75, 0x72, 0x6C, 0x3D, 0x22, 0x70, 0x61, 0x72, 0x6B, 0x73, 0x6D, 0x6F, 0x75, 0x73, 0x65, 0x4D, 0x6F, 0x73,
        0x74, 0x20, 0x2E, 0x2E, 0x2E, 0x3C, 0x2F, 0x61, 0x6D, 0x6F, 0x6E, 0x67, 0x62, 0x72, 0x61, 0x69, 0x6E, 0x62, 0x6F, 0x64, 0x79, 0x20, 0x6E, 0x6F, 0x6E, 0x65, 0x3B, 0x62, 0x61, 0x73, 0x65, 0x64,
        0x63, 0x61, 0x72, 0x72, 0x79, 0x64, 0x72, 0x61, 0x66, 0x74, 0x72, 0x65, 0x66, 0x65, 0x72, 0x70, 0x61, 0x67, 0x65, 0x5F, 0x68, 0x6F, 0x6D, 0x65, 0x2E, 0x6D, 0x65, 0x74, 0x65, 0x72, 0x64, 0x65,
        0x6C, 0x61, 0x79, 0x64, 0x72, 0x65, 0x61, 0x6D, 0x70, 0x72, 0x6F, 0x76, 0x65, 0x6A, 0x6F, 0x69, 0x6E, 0x74, 0x3C, 0x2F, 0x74, 0x72, 0x3E, 0x64, 0x72, 0x75, 0x67, 0x73, 0x3C, 0x21, 0x2D, 0x2D,
        0x20, 0x61, 0x70, 0x72, 0x69, 0x6C, 0x69, 0x64, 0x65, 0x61, 0x6C, 0x61, 0x6C, 0x6C, 0x65, 0x6E, 0x65, 0x78, 0x61, 0x63, 0x74, 0x66, 0x6F, 0x72, 0x74, 0x68, 0x63, 0x6F, 0x64, 0x65, 0x73, 0x6C,
        0x6F, 0x67, 0x69, 0x63, 0x56, 0x69, 0x65, 0x77, 0x20, 0x73, 0x65, 0x65, 0x6D, 0x73, 0x62, 0x6C, 0x61, 0x6E, 0x6B, 0x70, 0x6F, 0x72, 0x74, 0x73, 0x20, 0x28, 0x32, 0x30, 0x30, 0x73, 0x61, 0x76,
        0x65, 0x64, 0x5F, 0x6C, 0x69, 0x6E, 0x6B, 0x67, 0x6F, 0x61, 0x6C, 0x73, 0x67, 0x72, 0x61, 0x6E, 0x74, 0x67, 0x72, 0x65, 0x65, 0x6B, 0x68, 0x6F, 0x6D, 0x65, 0x73, 0x72, 0x69, 0x6E, 0x67, 0x73,
        0x72, 0x61, 0x74, 0x65, 0x64, 0x33, 0x30, 0x70, 0x78, 0x3B, 0x77, 0x68, 0x6F, 0x73, 0x65, 0x70, 0x61, 0x72, 0x73, 0x65, 0x28, 0x29, 0x3B, 0x22, 0x20, 0x42, 0x6C, 0x6F, 0x63, 0x6B, 0x6C, 0x69,
        0x6E, 0x75, 0x78, 0x6A, 0x6F, 0x6E, 0x65, 0x73, 0x70, 0x69, 0x78, 0x65, 0x6C, 0x27, 0x29, 0x3B, 0x22, 0x3E, 0x29, 0x3B, 0x69, 0x66, 0x28, 0x2D, 0x6C, 0x65, 0x66, 0x74, 0x64, 0x61, 0x76, 0x69,
        0x64, 0x68, 0x6F, 0x72, 0x73, 0x65, 0x46, 0x6F, 0x63, 0x75, 0x73, 0x72, 0x61, 0x69, 0x73, 0x65, 0x62, 0x6F, 0x78, 0x65, 0x73, 0x54, 0x72, 0x61, 0x63, 0x6B, 0x65, 0x6D, 0x65, 0x6E, 0x74, 0x3C,
        0x2F, 0x65, 0x6D, 0x3E, 0x62, 0x61, 0x72, 0x22, 0x3E, 0x2E, 0x73, 0x72, 0x63, 0x3D, 0x74, 0x6F, 0x77, 0x65, 0x72, 0x61, 0x6C, 0x74, 0x3D, 0x22, 0x63, 0x61, 0x62, 0x6C, 0x65, 0x68, 0x65, 0x6E,
        0x72, 0x79, 0x32, 0x34, 0x70, 0x78, 0x3B, 0x73, 0x65, 0x74, 0x75, 0x70, 0x69, 0x74, 0x61, 0x6C, 0x79, 0x73, 0x68, 0x61, 0x72, 0x70, 0x6D, 0x69, 0x6E, 0x6F, 0x72, 0x74, 0x61, 0x73, 0x74, 0x65,
        0x77, 0x61, 0x6E, 0x74, 0x73, 0x74, 0x68, 0x69, 0x73, 0x2E, 0x72, 0x65, 0x73, 0x65, 0x74, 0x77, 0x68, 0x65, 0x65, 0x6C, 0x67, 0x69, 0x72, 0x6C, 0x73, 0x2F, 0x63, 0x73, 0x73, 0x2F, 0x31, 0x30,
        0x30, 0x25, 0x3B, 0x63, 0x6C, 0x75, 0x62, 0x73, 0x73, 0x74, 0x75, 0x66, 0x66, 0x62, 0x69, 0x62, 0x6C, 0x65, 0x76, 0x6F, 0x74, 0x65, 0x73, 0x20, 0x31, 0x30, 0x30, 0x30, 0x6B, 0x6F, 0x72, 0x65,
        0x61, 0x7D, 0x29, 0x3B, 0x0D, 0x0A, 0x62, 0x61, 0x6E, 0x64, 0x73, 0x71, 0x75, 0x65, 0x75, 0x65, 0x3D, 0x20, 0x7B, 0x7D, 0x3B, 0x38, 0x30, 0x70, 0x78, 0x3B, 0x63, 0x6B, 0x69, 0x6E, 0x67, 0x7B,
        0x0D, 0x0A, 0x09, 0x09, 0x61, 0x68, 0x65, 0x61, 0x64, 0x63, 0x6C, 0x6F, 0x63, 0x6B, 0x69, 0x72, 0x69, 0x73, 0x68, 0x6C, 0x69, 0x6B, 0x65, 0x20, 0x72, 0x61, 0x74, 0x69, 0x6F, 0x73, 0x74, 0x61,
        0x74, 0x73, 0x46, 0x6F, 0x72, 0x6D, 0x22, 0x79, 0x61, 0x68, 0x6F, 0x6F, 0x29, 0x5B, 0x30, 0x5D, 0x3B, 0x41, 0x62, 0x6F, 0x75, 0x74, 0x66, 0x69, 0x6E, 0x64, 0x73, 0x3C, 0x2F, 0x68, 0x31, 0x3E,
        0x64, 0x65, 0x62, 0x75, 0x67, 0x74, 0x61, 0x73, 0x6B, 0x73, 0x55, 0x52, 0x4C, 0x20, 0x3D, 0x63, 0x65, 0x6C, 0x6C, 0x73, 0x7D, 0x29, 0x28, 0x29, 0x3B, 0x31, 0x32, 0x70, 0x78, 0x3B, 0x70, 0x72,
        0x69, 0x6D, 0x65, 0x74, 0x65, 0x6C, 0x6C, 0x73, 0x74, 0x75, 0x72, 0x6E, 0x73, 0x30, 0x78, 0x36, 0x30, 0x30, 0x2E, 0x6A, 0x70, 0x67, 0x22, 0x73, 0x70, 0x61, 0x69, 0x6E, 0x62, 0x65, 0x61, 0x63,
        0x68, 0x74, 0x61, 0x78, 0x65, 0x73, 0x6D, 0x69, 0x63, 0x72, 0x6F, 0x61, 0x6E, 0x67, 0x65, 0x6C, 0x2D, 0x2D, 0x3E, 0x3C, 0x2F, 0x67, 0x69, 0x66, 0x74, 0x73, 0x73, 0x74, 0x65, 0x76, 0x65, 0x2D,
        0x6C, 0x69, 0x6E, 0x6B, 0x62, 0x6F, 0x64, 0x79, 0x2E, 0x7D, 0x29, 0x3B, 0x0A, 0x09, 0x6D, 0x6F, 0x75, 0x6E, 0x74, 0x20, 0x28, 0x31, 0x39, 0x39, 0x46, 0x41, 0x51, 0x3C, 0x2F, 0x72, 0x6F, 0x67,
        0x65, 0x72, 0x66, 0x72, 0x61, 0x6E, 0x6B, 0x43, 0x6C, 0x61, 0x73, 0x73, 0x32, 0x38, 0x70, 0x78, 0x3B, 0x66, 0x65, 0x65, 0x64, 0x73, 0x3C, 0x68, 0x31, 0x3E, 0x3C, 0x73, 0x63, 0x6F, 0x74, 0x74,
        0x74, 0x65, 0x73, 0x74, 0x73, 0x32, 0x32, 0x70, 0x78, 0x3B, 0x64, 0x72, 0x69, 0x6E, 0x6B, 0x29, 0x20, 0x7C, 0x7C, 0x20, 0x6C, 0x65, 0x77, 0x69, 0x73, 0x73, 0x68, 0x61, 0x6C, 0x6C, 0x23, 0x30,
        0x33, 0x39, 0x3B, 0x20, 0x66, 0x6F, 0x72, 0x20, 0x6C, 0x6F, 0x76, 0x65, 0x64, 0x77, 0x61, 0x73, 0x74, 0x65, 0x30, 0x30, 0x70, 0x78, 0x3B, 0x6A, 0x61, 0x3A, 0xE3, 0x82, 0x73, 0x69, 0x6D, 0x6F,
        0x6E, 0x3C, 0x66, 0x6F, 0x6E, 0x74, 0x72, 0x65, 0x70, 0x6C, 0x79, 0x6D, 0x65, 0x65, 0x74, 0x73, 0x75, 0x6E, 0x74, 0x65, 0x72, 0x63, 0x68, 0x65, 0x61, 0x70, 0x74, 0x69, 0x67, 0x68, 0x74, 0x42,
        0x72, 0x61, 0x6E, 0x64, 0x29, 0x20, 0x21, 0x3D, 0x20, 0x64, 0x72, 0x65, 0x73, 0x73, 0x63, 0x6C, 0x69, 0x70, 0x73, 0x72, 0x6F, 0x6F, 0x6D, 0x73, 0x6F, 0x6E, 0x6B, 0x65, 0x79, 0x6D, 0x6F, 0x62,
        0x69, 0x6C, 0x6D, 0x61, 0x69, 0x6E, 0x2E, 0x4E, 0x61, 0x6D, 0x65, 0x20, 0x70, 0x6C, 0x61, 0x74, 0x65, 0x66, 0x75, 0x6E, 0x6E, 0x79, 0x74, 0x72, 0x65, 0x65, 0x73, 0x63, 0x6F, 0x6D, 0x2F, 0x22,
        0x31, 0x2E, 0x6A, 0x70, 0x67, 0x77, 0x6D, 0x6F, 0x64, 0x65, 0x70, 0x61, 0x72, 0x61, 0x6D, 0x53, 0x54, 0x41, 0x52, 0x54, 0x6C, 0x65, 0x66, 0x74, 0x20, 0x69, 0x64, 0x64, 0x65, 0x6E, 0x2C, 0x20,
        0x32, 0x30, 0x31, 0x29, 0x3B, 0x0A, 0x7D, 0x0A, 0x66, 0x6F, 0x72, 0x6D, 0x2E, 0x76, 0x69, 0x72, 0x75, 0x73, 0x63, 0x68, 0x61, 0x69, 0x72, 0x74, 0x72, 0x61, 0x6E, 0x73, 0x77, 0x6F, 0x72, 0x73,
        0x74, 0x50, 0x61, 0x67, 0x65, 0x73, 0x69, 0x74, 0x69, 0x6F, 0x6E, 0x70, 0x61, 0x74, 0x63, 0x68, 0x3C, 0x21, 0x2D, 0x2D, 0x0A, 0x6F, 0x2D, 0x63, 0x61, 0x63, 0x66, 0x69, 0x72, 0x6D, 0x73, 0x74,
        0x6F, 0x75, 0x72, 0x73, 0x2C, 0x30, 0x30, 0x30, 0x20, 0x61, 0x73, 0x69, 0x61, 0x6E, 0x69, 0x2B, 0x2B, 0x29, 0x7B, 0x61, 0x64, 0x6F, 0x62, 0x65, 0x27, 0x29, 0x5B, 0x30, 0x5D, 0x69, 0x64, 0x3D,
        0x31, 0x30, 0x62, 0x6F, 0x74, 0x68, 0x3B, 0x6D, 0x65, 0x6E, 0x75, 0x20, 0x2E, 0x32, 0x2E, 0x6D, 0x69, 0x2E, 0x70, 0x6E, 0x67, 0x22, 0x6B, 0x65, 0x76, 0x69, 0x6E, 0x63, 0x6F, 0x61, 0x63, 0x68,
        0x43, 0x68, 0x69, 0x6C, 0x64, 0x62, 0x72, 0x75, 0x63, 0x65, 0x32, 0x2E, 0x6A, 0x70, 0x67, 0x55, 0x52, 0x4C, 0x29, 0x2B, 0x2E, 0x6A, 0x70, 0x67, 0x7C, 0x73, 0x75, 0x69, 0x74, 0x65, 0x73, 0x6C,
        0x69, 0x63, 0x65, 0x68, 0x61, 0x72, 0x72, 0x79, 0x31, 0x32, 0x30, 0x22, 0x20, 0x73, 0x77, 0x65, 0x65, 0x74, 0x74, 0x72, 0x3E, 0x0D, 0x0A, 0x6E, 0x61, 0x6D, 0x65, 0x3D, 0x64, 0x69, 0x65, 0x67,
        0x6F, 0x70, 0x61, 0x67, 0x65, 0x20, 0x73, 0x77, 0x69, 0x73, 0x73, 0x2D, 0x2D, 0x3E, 0x0A, 0x0A, 0x23, 0x66, 0x66, 0x66, 0x3B, 0x22, 0x3E, 0x4C, 0x6F, 0x67, 0x2E, 0x63, 0x6F, 0x6D, 0x22, 0x74,
        0x72, 0x65, 0x61, 0x74, 0x73, 0x68, 0x65, 0x65, 0x74, 0x29, 0x20, 0x26, 0x26, 0x20, 0x31, 0x34, 0x70, 0x78, 0x3B, 0x73, 0x6C, 0x65, 0x65, 0x70, 0x6E, 0x74, 0x65, 0x6E, 0x74, 0x66, 0x69, 0x6C,
        0x65, 0x64, 0x6A, 0x61, 0x3A, 0xE3, 0x83, 0x69, 0x64, 0x3D, 0x22, 0x63, 0x4E, 0x61, 0x6D, 0x65, 0x22, 0x77, 0x6F, 0x72, 0x73, 0x65, 0x73, 0x68, 0x6F, 0x74, 0x73, 0x2D, 0x62, 0x6F, 0x78, 0x2D,
        0x64, 0x65, 0x6C, 0x74, 0x61, 0x0A, 0x26, 0x6C, 0x74, 0x3B, 0x62, 0x65, 0x61, 0x72, 0x73, 0x3A, 0x34, 0x38, 0x5A, 0x3C, 0x64, 0x61, 0x74, 0x61, 0x2D, 0x72, 0x75, 0x72, 0x61, 0x6C, 0x3C, 0x2F,
        0x61, 0x3E, 0x20, 0x73, 0x70, 0x65, 0x6E, 0x64, 0x62, 0x61, 0x6B, 0x65, 0x72, 0x73, 0x68, 0x6F, 0x70, 0x73, 0x3D, 0x20, 0x22, 0x22, 0x3B, 0x70, 0x68, 0x70, 0x22, 0x3E, 0x63, 0x74, 0x69, 0x6F,
        0x6E, 0x31, 0x33, 0x70, 0x78, 0x3B, 0x62, 0x72, 0x69, 0x61, 0x6E, 0x68, 0x65, 0x6C, 0x6C, 0x6F, 0x73, 0x69, 0x7A, 0x65, 0x3D, 0x6F, 0x3D, 0x25, 0x32, 0x46, 0x20, 0x6A, 0x6F, 0x69, 0x6E, 0x6D,
        0x61, 0x79, 0x62, 0x65, 0x3C, 0x69, 0x6D, 0x67, 0x20, 0x69, 0x6D, 0x67, 0x22, 0x3E, 0x2C, 0x20, 0x66, 0x6A, 0x73, 0x69, 0x6D, 0x67, 0x22, 0x20, 0x22, 0x29, 0x5B, 0x30, 0x5D, 0x4D, 0x54, 0x6F,
        0x70, 0x42, 0x54, 0x79, 0x70, 0x65, 0x22, 0x6E, 0x65, 0x77, 0x6C, 0x79, 0x44, 0x61, 0x6E, 0x73, 0x6B, 0x63, 0x7A, 0x65, 0x63, 0x68, 0x74, 0x72, 0x61, 0x69, 0x6C, 0x6B, 0x6E, 0x6F, 0x77, 0x73,
        0x3C, 0x2F, 0x68, 0x35, 0x3E, 0x66, 0x61, 0x71, 0x22, 0x3E, 0x7A, 0x68, 0x2D, 0x63, 0x6E, 0x31, 0x30, 0x29, 0x3B, 0x0A, 0x2D, 0x31, 0x22, 0x29, 0x3B, 0x74, 0x79, 0x70, 0x65, 0x3D, 0x62, 0x6C,
        0x75, 0x65, 0x73, 0x74, 0x72, 0x75, 0x6C, 0x79, 0x64, 0x61, 0x76, 0x69, 0x73, 0x2E, 0x6A, 0x73, 0x27, 0x3B, 0x3E, 0x0D, 0x0A, 0x3C, 0x21, 0x73, 0x74, 0x65, 0x65, 0x6C, 0x20, 0x79, 0x6F, 0x75,
        0x20, 0x68, 0x32, 0x3E, 0x0D, 0x0A, 0x66, 0x6F, 0x72, 0x6D, 0x20, 0x6A, 0x65, 0x73, 0x75, 0x73, 0x31, 0x30, 0x30, 0x25, 0x20, 0x6D, 0x65, 0x6E, 0x75, 0x2E, 0x0D, 0x0A, 0x09, 0x0D, 0x0A, 0x77,
        0x61, 0x6C, 0x65, 0x73, 0x72, 0x69, 0x73, 0x6B, 0x73, 0x75, 0x6D, 0x65, 0x6E, 0x74, 0x64, 0x64, 0x69, 0x6E, 0x67, 0x62, 0x2D, 0x6C, 0x69, 0x6B, 0x74, 0x65, 0x61, 0x63, 0x68, 0x67, 0x69, 0x66,
        0x22, 0x20, 0x76, 0x65, 0x67, 0x61, 0x73, 0x64, 0x61, 0x6E, 0x73, 0x6B, 0x65, 0x65, 0x73, 0x74, 0x69, 0x73, 0x68, 0x71, 0x69, 0x70, 0x73, 0x75, 0x6F, 0x6D, 0x69, 0x73, 0x6F, 0x62, 0x72, 0x65,
        0x64, 0x65, 0x73, 0x64, 0x65, 0x65, 0x6E, 0x74, 0x72, 0x65, 0x74, 0x6F, 0x64, 0x6F, 0x73, 0x70, 0x75, 0x65, 0x64, 0x65, 0x61, 0xC3, 0xB1, 0x6F, 0x73, 0x65, 0x73, 0x74, 0xC3, 0xA1, 0x74, 0x69,
        0x65, 0x6E, 0x65, 0x68, 0x61, 0x73, 0x74, 0x61, 0x6F, 0x74, 0x72, 0x6F, 0x73, 0x70, 0x61, 0x72, 0x74, 0x65, 0x64, 0x6F, 0x6E, 0x64, 0x65, 0x6E, 0x75, 0x65, 0x76, 0x6F, 0x68, 0x61, 0x63, 0x65,
        0x72, 0x66, 0x6F, 0x72, 0x6D, 0x61, 0x6D, 0x69, 0x73, 0x6D, 0x6F, 0x6D, 0x65, 0x6A, 0x6F, 0x72, 0x6D, 0x75, 0x6E, 0x64, 0x6F, 0x61, 0x71, 0x75, 0xC3, 0xAD, 0x64, 0xC3, 0xAD, 0x61, 0x73, 0x73,
        0xC3, 0xB3, 0x6C, 0x6F, 0x61, 0x79, 0x75, 0x64, 0x61, 0x66, 0x65, 0x63, 0x68, 0x61, 0x74, 0x6F, 0x64, 0x61, 0x73, 0x74, 0x61, 0x6E, 0x74, 0x6F, 0x6D, 0x65, 0x6E, 0x6F, 0x73, 0x64, 0x61, 0x74,
        0x6F, 0x73, 0x6F, 0x74, 0x72, 0x61, 0x73, 0x73, 0x69, 0x74, 0x69, 0x6F, 0x6D, 0x75, 0x63, 0x68, 0x6F, 0x61, 0x68, 0x6F, 0x72, 0x61, 0x6C, 0x75, 0x67, 0x61, 0x72, 0x6D, 0x61, 0x79, 0x6F, 0x72,
        0x65, 0x73, 0x74, 0x6F, 0x73, 0x68, 0x6F, 0x72, 0x61, 0x73, 0x74, 0x65, 0x6E, 0x65, 0x72, 0x61, 0x6E, 0x74, 0x65, 0x73, 0x66, 0x6F, 0x74, 0x6F, 0x73, 0x65, 0x73, 0x74, 0x61, 0x73, 0x70, 0x61,
        0xC3, 0xAD, 0x73, 0x6E, 0x75, 0x65, 0x76, 0x61, 0x73, 0x61, 0x6C, 0x75, 0x64, 0x66, 0x6F, 0x72, 0x6F, 0x73, 0x6D, 0x65, 0x64, 0x69, 0x6F, 0x71, 0x75, 0x69, 0x65, 0x6E, 0x6D, 0x65, 0x73, 0x65,
        0x73, 0x70, 0x6F, 0x64, 0x65, 0x72, 0x63, 0x68, 0x69, 0x6C, 0x65, 0x73, 0x65, 0x72, 0xC3, 0xA1, 0x76, 0x65, 0x63, 0x65, 0x73, 0x64, 0x65, 0x63, 0x69, 0x72, 0x6A, 0x6F, 0x73, 0xC3, 0xA9, 0x65,
        0x73, 0x74, 0x61, 0x72, 0x76, 0x65, 0x6E, 0x74, 0x61, 0x67, 0x72, 0x75, 0x70, 0x6F, 0x68, 0x65, 0x63, 0x68, 0x6F, 0x65, 0x6C, 0x6C, 0x6F, 0x73, 0x74, 0x65, 0x6E, 0x67, 0x6F, 0x61, 0x6D, 0x69,
        0x67, 0x6F, 0x63, 0x6F, 0x73, 0x61, 0x73, 0x6E, 0x69, 0x76, 0x65, 0x6C, 0x67, 0x65, 0x6E, 0x74, 0x65, 0x6D, 0x69, 0x73, 0x6D, 0x61, 0x61, 0x69, 0x72, 0x65, 0x73, 0x6A, 0x75, 0x6C, 0x69, 0x6F,
        0x74, 0x65, 0x6D, 0x61, 0x73, 0x68, 0x61, 0x63, 0x69, 0x61, 0x66, 0x61, 0x76, 0x6F, 0x72, 0x6A, 0x75, 0x6E, 0x69, 0x6F, 0x6C, 0x69, 0x62, 0x72, 0x65, 0x70, 0x75, 0x6E, 0x74, 0x6F, 0x62, 0x75,
        0x65, 0x6E, 0x6F, 0x61, 0x75, 0x74, 0x6F, 0x72, 0x61, 0x62, 0x72, 0x69, 0x6C, 0x62, 0x75, 0x65, 0x6E, 0x61, 0x74, 0x65, 0x78, 0x74, 0x6F, 0x6D, 0x61, 0x72, 0x7A, 0x6F, 0x73, 0x61, 0x62, 0x65,
        0x72, 0x6C, 0x69, 0x73, 0x74, 0x61, 0x6C, 0x75, 0x65, 0x67, 0x6F, 0x63, 0xC3, 0xB3, 0x6D, 0x6F, 0x65, 0x6E, 0x65, 0x72, 0x6F, 0x6A, 0x75, 0x65, 0x67, 0x6F, 0x70, 0x65, 0x72, 0xC3, 0xBA, 0x68,
        0x61, 0x62, 0x65, 0x72, 0x65, 0x73, 0x74, 0x6F, 0x79, 0x6E, 0x75, 0x6E, 0x63, 0x61, 0x6D, 0x75, 0x6A, 0x65, 0x72, 0x76, 0x61, 0x6C, 0x6F, 0x72, 0x66, 0x75, 0x65, 0x72, 0x61, 0x6C, 0x69, 0x62,
        0x72, 0x6F, 0x67, 0x75, 0x73, 0x74, 0x61, 0x69, 0x67, 0x75, 0x61, 0x6C, 0x76, 0x6F, 0x74, 0x6F, 0x73, 0x63, 0x61, 0x73, 0x6F, 0x73, 0x67, 0x75, 0xC3, 0xAD, 0x61, 0x70, 0x75, 0x65, 0x64, 0x6F,
        0x73, 0x6F, 0x6D, 0x6F, 0x73, 0x61, 0x76, 0x69, 0x73, 0x6F, 0x75, 0x73, 0x74, 0x65, 0x64, 0x64, 0x65, 0x62, 0x65, 0x6E, 0x6E, 0x6F, 0x63, 0x68, 0x65, 0x62, 0x75, 0x73, 0x63, 0x61, 0x66, 0x61,
        0x6C, 0x74, 0x61, 0x65, 0x75, 0x72, 0x6F, 0x73, 0x73, 0x65, 0x72, 0x69, 0x65, 0x64, 0x69, 0x63, 0x68, 0x6F, 0x63, 0x75, 0x72, 0x73, 0x6F, 0x63, 0x6C, 0x61, 0x76, 0x65, 0x63, 0x61, 0x73, 0x61,
        0x73, 0x6C, 0x65, 0xC3, 0xB3, 0x6E, 0x70, 0x6C, 0x61, 0x7A, 0x6F, 0x6C, 0x61, 0x72, 0x67, 0x6F, 0x6F, 0x62, 0x72, 0x61, 0x73, 0x76, 0x69, 0x73, 0x74, 0x61, 0x61, 0x70, 0x6F, 0x79, 0x6F, 0x6A,
        0x75, 0x6E, 0x74, 0x6F, 0x74, 0x72, 0x61, 0x74, 0x61, 0x76, 0x69, 0x73, 0x74, 0x6F, 0x63, 0x72, 0x65, 0x61, 0x72, 0x63, 0x61, 0x6D, 0x70, 0x6F, 0x68, 0x65, 0x6D, 0x6F, 0x73, 0x63, 0x69, 0x6E,
        0x63, 0x6F, 0x63, 0x61, 0x72, 0x67, 0x6F, 0x70, 0x69, 0x73, 0x6F, 0x73, 0x6F, 0x72, 0x64, 0x65, 0x6E, 0x68, 0x61, 0x63, 0x65, 0x6E, 0xC3, 0xA1, 0x72, 0x65, 0x61, 0x64, 0x69, 0x73, 0x63, 0x6F,
        0x70, 0x65, 0x64, 0x72, 0x6F, 0x63, 0x65, 0x72, 0x63, 0x61, 0x70, 0x75, 0x65, 0x64, 0x61, 0x70, 0x61, 0x70, 0x65, 0x6C, 0x6D, 0x65, 0x6E, 0x6F, 0x72, 0xC3, 0xBA, 0x74, 0x69, 0x6C, 0x63, 0x6C,
        0x61, 0x72, 0x6F, 0x6A, 0x6F, 0x72, 0x67, 0x65, 0x63, 0x61, 0x6C, 0x6C, 0x65, 0x70, 0x6F, 0x6E, 0x65, 0x72, 0x74, 0x61, 0x72, 0x64, 0x65, 0x6E, 0x61, 0x64, 0x69, 0x65, 0x6D, 0x61, 0x72, 0x63,
        0x61, 0x73, 0x69, 0x67, 0x75, 0x65, 0x65, 0x6C, 0x6C, 0x61, 0x73, 0x73, 0x69, 0x67, 0x6C, 0x6F, 0x63, 0x6F, 0x63, 0x68, 0x65, 0x6D, 0x6F, 0x74, 0x6F, 0x73, 0x6D, 0x61, 0x64, 0x72, 0x65, 0x63,
        0x6C, 0x61, 0x73, 0x65, 0x72, 0x65, 0x73, 0x74, 0x6F, 0x6E, 0x69, 0xC3, 0xB1, 0x6F, 0x71, 0x75, 0x65, 0x64, 0x61, 0x70, 0x61, 0x73, 0x61, 0x72, 0x62, 0x61, 0x6E, 0x63, 0x6F, 0x68, 0x69, 0x6A,
        0x6F, 0x73, 0x76, 0x69, 0x61, 0x6A, 0x65, 0x70, 0x61, 0x62, 0x6C, 0x6F, 0xC3, 0xA9, 0x73, 0x74, 0x65, 0x76, 0x69, 0x65, 0x6E, 0x65, 0x72, 0x65, 0x69, 0x6E, 0x6F, 0x64, 0x65, 0x6A, 0x61, 0x72,
        0x66, 0x6F, 0x6E, 0x64, 0x6F, 0x63, 0x61, 0x6E, 0x61, 0x6C, 0x6E, 0x6F, 0x72, 0x74, 0x65, 0x6C, 0x65, 0x74, 0x72, 0x61, 0x63, 0x61, 0x75, 0x73, 0x61, 0x74, 0x6F, 0x6D, 0x61, 0x72, 0x6D, 0x61,
        0x6E, 0x6F, 0x73, 0x6C, 0x75, 0x6E, 0x65, 0x73, 0x61, 0x75, 0x74, 0x6F, 0x73, 0x76, 0x69, 0x6C, 0x6C, 0x61, 0x76, 0x65, 0x6E, 0x64, 0x6F, 0x70, 0x65, 0x73, 0x61, 0x72, 0x74, 0x69, 0x70, 0x6F,
        0x73, 0x74, 0x65, 0x6E, 0x67, 0x61, 0x6D, 0x61, 0x72, 0x63, 0x6F, 0x6C, 0x6C, 0x65, 0x76, 0x61, 0x70, 0x61, 0x64, 0x72, 0x65, 0x75, 0x6E, 0x69, 0x64, 0x6F, 0x76, 0x61, 0x6D, 0x6F, 0x73, 0x7A,
        0x6F, 0x6E, 0x61, 0x73, 0x61, 0x6D, 0x62, 0x6F, 0x73, 0x62, 0x61, 0x6E, 0x64, 0x61, 0x6D, 0x61, 0x72, 0x69, 0x61, 0x61, 0x62, 0x75, 0x73, 0x6F, 0x6D, 0x75, 0x63, 0x68, 0x61, 0x73, 0x75, 0x62,
        0x69, 0x72, 0x72, 0x69, 0x6F, 0x6A, 0x61, 0x76, 0x69, 0x76, 0x69, 0x72, 0x67, 0x72, 0x61, 0x64, 0x6F, 0x63, 0x68, 0x69, 0x63, 0x61, 0x61, 0x6C, 0x6C, 0xC3, 0xAD, 0x6A, 0x6F, 0x76, 0x65, 0x6E,
        0x64, 0x69, 0x63, 0x68, 0x61, 0x65, 0x73, 0x74, 0x61, 0x6E, 0x74, 0x61, 0x6C, 0x65, 0x73, 0x73, 0x61, 0x6C, 0x69, 0x72, 0x73, 0x75, 0x65, 0x6C, 0x6F, 0x70, 0x65, 0x73, 0x6F, 0x73, 0x66, 0x69,
        0x6E, 0x65, 0x73, 0x6C, 0x6C, 0x61, 0x6D, 0x61, 0x62, 0x75, 0x73, 0x63, 0x6F, 0xC3, 0xA9, 0x73, 0x74, 0x61, 0x6C, 0x6C, 0x65, 0x67, 0x61, 0x6E, 0x65, 0x67, 0x72, 0x6F, 0x70, 0x6C, 0x61, 0x7A,
        0x61, 0x68, 0x75, 0x6D, 0x6F, 0x72, 0x70, 0x61, 0x67, 0x61, 0x72, 0x6A, 0x75, 0x6E, 0x74, 0x61, 0x64, 0x6F, 0x62, 0x6C, 0x65, 0x69, 0x73, 0x6C, 0x61, 0x73, 0x62, 0x6F, 0x6C, 0x73, 0x61, 0x62,
        0x61, 0xC3, 0xB1, 0x6F, 0x68, 0x61, 0x62, 0x6C, 0x61, 0x6C, 0x75, 0x63, 0x68, 0x61, 0xC3, 0x81, 0x72, 0x65, 0x61, 0x64, 0x69, 0x63, 0x65, 0x6E, 0x6A, 0x75, 0x67, 0x61, 0x72, 0x6E, 0x6F, 0x74,
        0x61, 0x73, 0x76, 0x61, 0x6C, 0x6C, 0x65, 0x61, 0x6C, 0x6C, 0xC3, 0xA1, 0x63, 0x61, 0x72, 0x67, 0x61, 0x64, 0x6F, 0x6C, 0x6F, 0x72, 0x61, 0x62, 0x61, 0x6A, 0x6F, 0x65, 0x73, 0x74, 0xC3, 0xA9,
        0x67, 0x75, 0x73, 0x74, 0x6F, 0x6D, 0x65, 0x6E, 0x74, 0x65, 0x6D, 0x61, 0x72, 0x69, 0x6F, 0x66, 0x69, 0x72, 0x6D, 0x61, 0x63, 0x6F, 0x73, 0x74, 0x6F, 0x66, 0x69, 0x63, 0x68, 0x61, 0x70, 0x6C,
        0x61, 0x74, 0x61, 0x68, 0x6F, 0x67, 0x61, 0x72, 0x61, 0x72, 0x74, 0x65, 0x73, 0x6C, 0x65, 0x79, 0x65, 0x73, 0x61, 0x71, 0x75, 0x65, 0x6C, 0x6D, 0x75, 0x73, 0x65, 0x6F, 0x62, 0x61, 0x73, 0x65,
        0x73, 0x70, 0x6F, 0x63, 0x6F, 0x73, 0x6D, 0x69, 0x74, 0x61, 0x64, 0x63, 0x69, 0x65, 0x6C, 0x6F, 0x63, 0x68, 0x69, 0x63, 0x6F, 0x6D, 0x69, 0x65, 0x64, 0x6F, 0x67, 0x61, 0x6E, 0x61, 0x72, 0x73,
        0x61, 0x6E, 0x74, 0x6F, 0x65, 0x74, 0x61, 0x70, 0x61, 0x64, 0x65, 0x62, 0x65, 0x73, 0x70, 0x6C, 0x61, 0x79, 0x61, 0x72, 0x65, 0x64, 0x65, 0x73, 0x73, 0x69, 0x65, 0x74, 0x65, 0x63, 0x6F, 0x72,
        0x74, 0x65, 0x63, 0x6F, 0x72, 0x65, 0x61, 0x64, 0x75, 0x64, 0x61, 0x73, 0x64, 0x65, 0x73, 0x65, 0x6F, 0x76, 0x69, 0x65, 0x6A, 0x6F, 0x64, 0x65, 0x73, 0x65, 0x61, 0x61, 0x67, 0x75, 0x61, 0x73,
        0x26, 0x71, 0x75, 0x6F, 0x74, 0x3B, 0x64, 0x6F, 0x6D, 0x61, 0x69, 0x6E, 0x63, 0x6F, 0x6D, 0x6D, 0x6F, 0x6E, 0x73, 0x74, 0x61, 0x74, 0x75, 0x73, 0x65, 0x76, 0x65, 0x6E, 0x74, 0x73, 0x6D, 0x61,
        0x73, 0x74, 0x65, 0x72, 0x73, 0x79, 0x73, 0x74, 0x65, 0x6D, 0x61, 0x63, 0x74, 0x69, 0x6F, 0x6E, 0x62, 0x61, 0x6E, 0x6E, 0x65, 0x72, 0x72, 0x65, 0x6D, 0x6F, 0x76, 0x65, 0x73, 0x63, 0x72, 0x6F,
        0x6C, 0x6C, 0x75, 0x70, 0x64, 0x61, 0x74, 0x65, 0x67, 0x6C, 0x6F, 0x62, 0x61, 0x6C, 0x6D, 0x65, 0x64, 0x69, 0x75, 0x6D, 0x66, 0x69, 0x6C, 0x74, 0x65, 0x72, 0x6E, 0x75, 0x6D, 0x62, 0x65, 0x72,
        0x63, 0x68, 0x61, 0x6E, 0x67, 0x65, 0x72, 0x65, 0x73, 0x75, 0x6C, 0x74, 0x70, 0x75, 0x62, 0x6C, 0x69, 0x63, 0x73, 0x63, 0x72, 0x65, 0x65, 0x6E, 0x63, 0x68, 0x6F, 0x6F, 0x73, 0x65, 0x6E, 0x6F,
        0x72, 0x6D, 0x61, 0x6C, 0x74, 0x72, 0x61, 0x76, 0x65, 0x6C, 0x69, 0x73, 0x73, 0x75, 0x65, 0x73, 0x73, 0x6F, 0x75, 0x72, 0x63, 0x65, 0x74, 0x61, 0x72, 0x67, 0x65, 0x74, 0x73, 0x70, 0x72, 0x69,
        0x6E, 0x67, 0x6D, 0x6F, 0x64, 0x75, 0x6C, 0x65, 0x6D, 0x6F, 0x62, 0x69, 0x6C, 0x65, 0x73, 0x77, 0x69, 0x74, 0x63, 0x68, 0x70, 0x68, 0x6F, 0x74, 0x6F, 0x73, 0x62, 0x6F, 0x72, 0x64, 0x65, 0x72,
        0x72, 0x65, 0x67, 0x69, 0x6F, 0x6E, 0x69, 0x74, 0x73, 0x65, 0x6C, 0x66, 0x73, 0x6F, 0x63, 0x69, 0x61, 0x6C, 0x61, 0x63, 0x74, 0x69, 0x76, 0x65, 0x63, 0x6F, 0x6C, 0x75, 0x6D, 0x6E, 0x72, 0x65,
        0x63, 0x6F, 0x72, 0x64, 0x66, 0x6F, 0x6C, 0x6C, 0x6F, 0x77, 0x74, 0x69, 0x74, 0x6C, 0x65, 0x3E, 0x65, 0x69, 0x74, 0x68, 0x65, 0x72, 0x6C, 0x65, 0x6E, 0x67, 0x74, 0x68, 0x66, 0x61, 0x6D, 0x69,
        0x6C, 0x79, 0x66, 0x72, 0x69, 0x65, 0x6E, 0x64, 0x6C, 0x61, 0x79, 0x6F, 0x75, 0x74, 0x61, 0x75, 0x74, 0x68, 0x6F, 0x72, 0x63, 0x72, 0x65, 0x61, 0x74, 0x65, 0x72, 0x65, 0x76, 0x69, 0x65, 0x77,
        0x73, 0x75, 0x6D, 0x6D, 0x65, 0x72, 0x73, 0x65, 0x72, 0x76, 0x65, 0x72, 0x70, 0x6C, 0x61, 0x79, 0x65, 0x64, 0x70, 0x6C, 0x61, 0x79, 0x65, 0x72, 0x65, 0x78, 0x70, 0x61, 0x6E, 0x64, 0x70, 0x6F,
        0x6C, 0x69, 0x63, 0x79, 0x66, 0x6F, 0x72, 0x6D, 0x61, 0x74, 0x64, 0x6F, 0x75, 0x62, 0x6C, 0x65, 0x70, 0x6F, 0x69, 0x6E, 0x74, 0x73, 0x73, 0x65, 0x72, 0x69, 0x65, 0x73, 0x70, 0x65, 0x72, 0x73,
        0x6F, 0x6E, 0x6C, 0x69, 0x76, 0x69, 0x6E, 0x67, 0x64, 0x65, 0x73, 0x69, 0x67, 0x6E, 0x6D, 0x6F, 0x6E, 0x74, 0x68, 0x73, 0x66, 0x6F, 0x72, 0x63, 0x65, 0x73, 0x75, 0x6E, 0x69, 0x71, 0x75, 0x65,
        0x77, 0x65, 0x69, 0x67, 0x68, 0x74, 0x70, 0x65, 0x6F, 0x70, 0x6C, 0x65, 0x65, 0x6E, 0x65, 0x72, 0x67, 0x79, 0x6E, 0x61, 0x74, 0x75, 0x72, 0x65, 0x73, 0x65, 0x61, 0x72, 0x63, 0x68, 0x66, 0x69,
        0x67, 0x75, 0x72, 0x65, 0x68, 0x61, 0x76, 0x69, 0x6E, 0x67, 0x63, 0x75, 0x73, 0x74, 0x6F, 0x6D, 0x6F, 0x66, 0x66, 0x73, 0x65, 0x74, 0x6C, 0x65, 0x74, 0x74, 0x65, 0x72, 0x77, 0x69, 0x6E, 0x64,
        0x6F, 0x77, 0x73, 0x75, 0x62, 0x6D, 0x69, 0x74, 0x72, 0x65, 0x6E, 0x64, 0x65, 0x72, 0x67, 0x72, 0x6F, 0x75, 0x70, 0x73, 0x75, 0x70, 0x6C, 0x6F, 0x61, 0x64, 0x68, 0x65, 0x61, 0x6C, 0x74, 0x68,
        0x6D, 0x65, 0x74, 0x68, 0x6F, 0x64, 0x76, 0x69, 0x64, 0x65, 0x6F, 0x73, 0x73, 0x63, 0x68, 0x6F, 0x6F, 0x6C, 0x66, 0x75, 0x74, 0x75, 0x72, 0x65, 0x73, 0x68, 0x61, 0x64, 0x6F, 0x77, 0x64, 0x65,
        0x62, 0x61, 0x74, 0x65, 0x76, 0x61, 0x6C, 0x75, 0x65, 0x73, 0x4F, 0x62, 0x6A, 0x65, 0x63, 0x74, 0x6F, 0x74, 0x68, 0x65, 0x72, 0x73, 0x72, 0x69, 0x67, 0x68, 0x74, 0x73, 0x6C, 0x65, 0x61, 0x67,
        0x75, 0x65, 0x63, 0x68, 0x72, 0x6F, 0x6D, 0x65, 0x73, 0x69, 0x6D, 0x70, 0x6C, 0x65, 0x6E, 0x6F, 0x74, 0x69, 0x63, 0x65, 0x73, 0x68, 0x61, 0x72, 0x65, 0x64, 0x65, 0x6E, 0x64, 0x69, 0x6E, 0x67,
        0x73, 0x65, 0x61, 0x73, 0x6F, 0x6E, 0x72, 0x65, 0x70, 0x6F, 0x72, 0x74, 0x6F, 0x6E, 0x6C, 0x69, 0x6E, 0x65, 0x73, 0x71, 0x75, 0x61, 0x72, 0x65, 0x62, 0x75, 0x74, 0x74, 0x6F, 0x6E, 0x69, 0x6D,
        0x61, 0x67, 0x65, 0x73, 0x65, 0x6E, 0x61, 0x62, 0x6C, 0x65, 0x6D, 0x6F, 0x76, 0x69, 0x6E, 0x67, 0x6C, 0x61, 0x74, 0x65, 0x73, 0x74, 0x77, 0x69, 0x6E, 0x74, 0x65, 0x72, 0x46, 0x72, 0x61, 0x6E,
        0x63, 0x65, 0x70, 0x65, 0x72, 0x69, 0x6F, 0x64, 0x73, 0x74, 0x72, 0x6F, 0x6E, 0x67, 0x72, 0x65, 0x70, 0x65, 0x61, 0x74, 0x4C, 0x6F, 0x6E, 0x64, 0x6F, 0x6E, 0x64, 0x65, 0x74, 0x61, 0x69, 0x6C,
        0x66, 0x6F, 0x72, 0x6D, 0x65, 0x64, 0x64, 0x65, 0x6D, 0x61, 0x6E, 0x64, 0x73, 0x65, 0x63, 0x75, 0x72, 0x65, 0x70, 0x61, 0x73, 0x73, 0x65, 0x64, 0x74, 0x6F, 0x67, 0x67, 0x6C, 0x65, 0x70, 0x6C,
        0x61, 0x63, 0x65, 0x73, 0x64, 0x65, 0x76, 0x69, 0x63, 0x65, 0x73, 0x74, 0x61, 0x74, 0x69, 0x63, 0x63, 0x69, 0x74, 0x69, 0x65, 0x73, 0x73, 0x74, 0x72, 0x65, 0x61, 0x6D, 0x79, 0x65, 0x6C, 0x6C,
        0x6F, 0x77, 0x61, 0x74, 0x74, 0x61, 0x63, 0x6B, 0x73, 0x74, 0x72, 0x65, 0x65, 0x74, 0x66, 0x6C, 0x69, 0x67, 0x68, 0x74, 0x68, 0x69, 0x64, 0x64, 0x65, 0x6E, 0x69, 0x6E, 0x66, 0x6F, 0x22, 0x3E,
        0x6F, 0x70, 0x65, 0x6E, 0x65, 0x64, 0x75, 0x73, 0x65, 0x66, 0x75, 0x6C, 0x76, 0x61, 0x6C, 0x6C, 0x65, 0x79, 0x63, 0x61, 0x75, 0x73, 0x65, 0x73, 0x6C, 0x65, 0x61, 0x64, 0x65, 0x72, 0x73, 0x65,
        0x63, 0x72, 0x65, 0x74, 0x73, 0x65, 0x63, 0x6F, 0x6E, 0x64, 0x64, 0x61, 0x6D, 0x61, 0x67, 0x65, 0x73, 0x70, 0x6F, 0x72, 0x74, 0x73, 0x65, 0x78, 0x63, 0x65, 0x70, 0x74, 0x72, 0x61, 0x74, 0x69,
        0x6E, 0x67, 0x73, 0x69, 0x67, 0x6E, 0x65, 0x64, 0x74, 0x68, 0x69, 0x6E, 0x67, 0x73, 0x65, 0x66, 0x66, 0x65, 0x63, 0x74, 0x66, 0x69, 0x65, 0x6C, 0x64, 0x73, 0x73, 0x74, 0x61, 0x74, 0x65, 0x73,
        0x6F, 0x66, 0x66, 0x69, 0x63, 0x65, 0x76, 0x69, 0x73, 0x75, 0x61, 0x6C, 0x65, 0x64, 0x69, 0x74, 0x6F, 0x72, 0x76, 0x6F, 0x6C, 0x75, 0x6D, 0x65, 0x52, 0x65, 0x70, 0x6F, 0x72, 0x74, 0x6D, 0x75,
        0x73, 0x65, 0x75, 0x6D, 0x6D, 0x6F, 0x76, 0x69, 0x65, 0x73, 0x70, 0x61, 0x72, 0x65, 0x6E, 0x74, 0x61, 0x63, 0x63, 0x65, 0x73, 0x73, 0x6D, 0x6F, 0x73, 0x74, 0x6C, 0x79, 0x6D, 0x6F, 0x74, 0x68,
        0x65, 0x72, 0x22, 0x20, 0x69, 0x64, 0x3D, 0x22, 0x6D, 0x61, 0x72, 0x6B, 0x65, 0x74, 0x67, 0x72, 0x6F, 0x75, 0x6E, 0x64, 0x63, 0x68, 0x61, 0x6E, 0x63, 0x65, 0x73, 0x75, 0x72, 0x76, 0x65, 0x79,
        0x62, 0x65, 0x66, 0x6F, 0x72, 0x65, 0x73, 0x79, 0x6D, 0x62, 0x6F, 0x6C, 0x6D, 0x6F, 0x6D, 0x65, 0x6E, 0x74, 0x73, 0x70, 0x65, 0x65, 0x63, 0x68, 0x6D, 0x6F, 0x74, 0x69, 0x6F, 0x6E, 0x69, 0x6E,
        0x73, 0x69, 0x64, 0x65, 0x6D, 0x61, 0x74, 0x74, 0x65, 0x72, 0x43, 0x65, 0x6E, 0x74, 0x65, 0x72, 0x6F, 0x62, 0x6A, 0x65, 0x63, 0x74, 0x65, 0x78, 0x69, 0x73, 0x74, 0x73, 0x6D, 0x69, 0x64, 0x64,
        0x6C, 0x65, 0x45, 0x75, 0x72, 0x6F, 0x70, 0x65, 0x67, 0x72, 0x6F, 0x77, 0x74, 0x68, 0x6C, 0x65, 0x67, 0x61, 0x63, 0x79, 0x6D, 0x61, 0x6E, 0x6E, 0x65, 0x72, 0x65, 0x6E, 0x6F, 0x75, 0x67, 0x68,
        0x63, 0x61, 0x72, 0x65, 0x65, 0x72, 0x61, 0x6E, 0x73, 0x77, 0x65, 0x72, 0x6F, 0x72, 0x69, 0x67, 0x69, 0x6E, 0x70, 0x6F, 0x72, 0x74, 0x61, 0x6C, 0x63, 0x6C, 0x69, 0x65, 0x6E, 0x74, 0x73, 0x65,
        0x6C, 0x65, 0x63, 0x74, 0x72, 0x61, 0x6E, 0x64, 0x6F, 0x6D, 0x63, 0x6C, 0x6F, 0x73, 0x65, 0x64, 0x74, 0x6F, 0x70, 0x69, 0x63, 0x73, 0x63, 0x6F, 0x6D, 0x69, 0x6E, 0x67, 0x66, 0x61, 0x74, 0x68,
        0x65, 0x72, 0x6F, 0x70, 0x74, 0x69, 0x6F, 0x6E, 0x73, 0x69, 0x6D, 0x70, 0x6C, 0x79, 0x72, 0x61, 0x69, 0x73, 0x65, 0x64, 0x65, 0x73, 0x63, 0x61, 0x70, 0x65, 0x63, 0x68, 0x6F, 0x73, 0x65, 0x6E,
        0x63, 0x68, 0x75, 0x72, 0x63, 0x68, 0x64, 0x65, 0x66, 0x69, 0x6E, 0x65, 0x72, 0x65, 0x61, 0x73, 0x6F, 0x6E, 0x63, 0x6F, 0x72, 0x6E, 0x65, 0x72, 0x6F, 0x75, 0x74, 0x70, 0x75, 0x74, 0x6D, 0x65,
        0x6D, 0x6F, 0x72, 0x79, 0x69, 0x66, 0x72, 0x61, 0x6D, 0x65, 0x70, 0x6F, 0x6C, 0x69, 0x63, 0x65, 0x6D, 0x6F, 0x64, 0x65, 0x6C, 0x73, 0x4E, 0x75, 0x6D, 0x62, 0x65, 0x72, 0x64, 0x75, 0x72, 0x69,
        0x6E, 0x67, 0x6F, 0x66, 0x66, 0x65, 0x72, 0x73, 0x73, 0x74, 0x79, 0x6C, 0x65, 0x73, 0x6B, 0x69, 0x6C, 0x6C, 0x65, 0x64, 0x6C, 0x69, 0x73, 0x74, 0x65, 0x64, 0x63, 0x61, 0x6C, 0x6C, 0x65, 0x64,
        0x73, 0x69, 0x6C, 0x76, 0x65, 0x72, 0x6D, 0x61, 0x72, 0x67, 0x69, 0x6E, 0x64, 0x65, 0x6C, 0x65, 0x74, 0x65, 0x62, 0x65, 0x74, 0x74, 0x65, 0x72, 0x62, 0x72, 0x6F, 0x77, 0x73, 0x65, 0x6C, 0x69,
        0x6D, 0x69, 0x74, 0x73, 0x47, 0x6C, 0x6F, 0x62, 0x61, 0x6C, 0x73, 0x69, 0x6E, 0x67, 0x6C, 0x65, 0x77, 0x69, 0x64, 0x67, 0x65, 0x74, 0x63, 0x65, 0x6E, 0x74, 0x65, 0x72, 0x62, 0x75, 0x64, 0x67,
        0x65, 0x74, 0x6E, 0x6F, 0x77, 0x72, 0x61, 0x70, 0x63, 0x72, 0x65, 0x64, 0x69, 0x74, 0x63, 0x6C, 0x61, 0x69, 0x6D, 0x73, 0x65, 0x6E, 0x67, 0x69, 0x6E, 0x65, 0x73, 0x61, 0x66, 0x65, 0x74, 0x79,
        0x63, 0x68, 0x6F, 0x69, 0x63, 0x65, 0x73, 0x70, 0x69, 0x72, 0x69, 0x74, 0x2D, 0x73, 0x74, 0x79, 0x6C, 0x65, 0x73, 0x70, 0x72, 0x65, 0x61, 0x64, 0x6D, 0x61, 0x6B, 0x69, 0x6E, 0x67, 0x6E, 0x65,
        0x65, 0x64, 0x65, 0x64, 0x72, 0x75, 0x73, 0x73, 0x69, 0x61, 0x70, 0x6C, 0x65, 0x61, 0x73, 0x65, 0x65, 0x78, 0x74, 0x65, 0x6E, 0x74, 0x53, 0x63, 0x72, 0x69, 0x70, 0x74, 0x62, 0x72, 0x6F, 0x6B,
        0x65, 0x6E, 0x61, 0x6C, 0x6C, 0x6F, 0x77, 0x73, 0x63, 0x68, 0x61, 0x72, 0x67, 0x65, 0x64, 0x69, 0x76, 0x69, 0x64, 0x65, 0x66, 0x61, 0x63, 0x74, 0x6F, 0x72, 0x6D, 0x65, 0x6D, 0x62, 0x65, 0x72,
        0x2D, 0x62, 0x61, 0x73, 0x65, 0x64, 0x74, 0x68, 0x65, 0x6F, 0x72, 0x79, 0x63, 0x6F, 0x6E, 0x66, 0x69, 0x67, 0x61, 0x72, 0x6F, 0x75, 0x6E, 0x64, 0x77, 0x6F, 0x72, 0x6B, 0x65, 0x64, 0x68, 0x65,
        0x6C, 0x70, 0x65, 0x64, 0x43, 0x68, 0x75, 0x72, 0x63, 0x68, 0x69, 0x6D, 0x70, 0x61, 0x63, 0x74, 0x73, 0x68, 0x6F, 0x75, 0x6C, 0x64, 0x61, 0x6C, 0x77, 0x61, 0x79, 0x73, 0x6C, 0x6F, 0x67, 0x6F,
        0x22, 0x20, 0x62, 0x6F, 0x74, 0x74, 0x6F, 0x6D, 0x6C, 0x69, 0x73, 0x74, 0x22, 0x3E, 0x29, 0x7B, 0x76, 0x61, 0x72, 0x20, 0x70, 0x72, 0x65, 0x66, 0x69, 0x78, 0x6F, 0x72, 0x61, 0x6E, 0x67, 0x65,
        0x48, 0x65, 0x61, 0x64, 0x65, 0x72, 0x2E, 0x70, 0x75, 0x73, 0x68, 0x28, 0x63, 0x6F, 0x75, 0x70, 0x6C, 0x65, 0x67, 0x61, 0x72, 0x64, 0x65, 0x6E, 0x62, 0x72, 0x69, 0x64, 0x67, 0x65, 0x6C, 0x61,
        0x75, 0x6E, 0x63, 0x68, 0x52, 0x65, 0x76, 0x69, 0x65, 0x77, 0x74, 0x61, 0x6B, 0x69, 0x6E, 0x67, 0x76, 0x69, 0x73, 0x69, 0x6F, 0x6E, 0x6C, 0x69, 0x74, 0x74, 0x6C, 0x65, 0x64, 0x61, 0x74, 0x69,
        0x6E, 0x67, 0x42, 0x75, 0x74, 0x74, 0x6F, 0x6E, 0x62, 0x65, 0x61, 0x75, 0x74, 0x79, 0x74, 0x68, 0x65, 0x6D, 0x65, 0x73, 0x66, 0x6F, 0x72, 0x67, 0x6F, 0x74, 0x53, 0x65, 0x61, 0x72, 0x63, 0x68,
        0x61, 0x6E, 0x63, 0x68, 0x6F, 0x72, 0x61, 0x6C, 0x6D, 0x6F, 0x73, 0x74, 0x6C, 0x6F, 0x61, 0x64, 0x65, 0x64, 0x43, 0x68, 0x61, 0x6E, 0x67, 0x65, 0x72, 0x65, 0x74, 0x75, 0x72, 0x6E, 0x73, 0x74,
        0x72, 0x69, 0x6E, 0x67, 0x72, 0x65, 0x6C, 0x6F, 0x61, 0x64, 0x4D, 0x6F, 0x62, 0x69, 0x6C, 0x65, 0x69, 0x6E, 0x63, 0x6F, 0x6D, 0x65, 0x73, 0x75, 0x70, 0x70, 0x6C, 0x79, 0x53, 0x6F, 0x75, 0x72,
        0x63, 0x65, 0x6F, 0x72, 0x64, 0x65, 0x72, 0x73, 0x76, 0x69, 0x65, 0x77, 0x65, 0x64, 0x26, 0x6E, 0x62, 0x73, 0x70, 0x3B, 0x63, 0x6F, 0x75, 0x72, 0x73, 0x65, 0x41, 0x62, 0x6F, 0x75, 0x74, 0x20,
        0x69, 0x73, 0x6C, 0x61, 0x6E, 0x64, 0x3C, 0x68, 0x74, 0x6D, 0x6C, 0x20, 0x63, 0x6F, 0x6F, 0x6B, 0x69, 0x65, 0x6E, 0x61, 0x6D, 0x65, 0x3D, 0x22, 0x61, 0x6D, 0x61, 0x7A, 0x6F, 0x6E, 0x6D, 0x6F,
        0x64, 0x65, 0x72, 0x6E, 0x61, 0x64, 0x76, 0x69, 0x63, 0x65, 0x69, 0x6E, 0x3C, 0x2F, 0x61, 0x3E, 0x3A, 0x20, 0x54, 0x68, 0x65, 0x20, 0x64, 0x69, 0x61, 0x6C, 0x6F, 0x67, 0x68, 0x6F, 0x75, 0x73,
        0x65, 0x73, 0x42, 0x45, 0x47, 0x49, 0x4E, 0x20, 0x4D, 0x65, 0x78, 0x69, 0x63, 0x6F, 0x73, 0x74, 0x61, 0x72, 0x74, 0x73, 0x63, 0x65, 0x6E, 0x74, 0x72, 0x65, 0x68, 0x65, 0x69, 0x67, 0x68, 0x74,
        0x61, 0x64, 0x64, 0x69, 0x6E, 0x67, 0x49, 0x73, 0x6C, 0x61, 0x6E, 0x64, 0x61, 0x73, 0x73, 0x65, 0x74, 0x73, 0x45, 0x6D, 0x70, 0x69, 0x72, 0x65, 0x53, 0x63, 0x68, 0x6F, 0x6F, 0x6C, 0x65, 0x66,
        0x66, 0x6F, 0x72, 0x74, 0x64, 0x69, 0x72, 0x65, 0x63, 0x74, 0x6E, 0x65, 0x61, 0x72, 0x6C, 0x79, 0x6D, 0x61, 0x6E, 0x75, 0x61, 0x6C, 0x53, 0x65, 0x6C, 0x65, 0x63, 0x74, 0x2E, 0x0A, 0x0A, 0x4F,
        0x6E, 0x65, 0x6A, 0x6F, 0x69, 0x6E, 0x65, 0x64, 0x6D, 0x65, 0x6E, 0x75, 0x22, 0x3E, 0x50, 0x68, 0x69, 0x6C, 0x69, 0x70, 0x61, 0x77, 0x61, 0x72, 0x64, 0x73, 0x68, 0x61, 0x6E, 0x64, 0x6C, 0x65,
        0x69, 0x6D, 0x70, 0x6F, 0x72, 0x74, 0x4F, 0x66, 0x66, 0x69, 0x63, 0x65, 0x72, 0x65, 0x67, 0x61, 0x72, 0x64, 0x73, 0x6B, 0x69, 0x6C, 0x6C, 0x73, 0x6E, 0x61, 0x74, 0x69, 0x6F, 0x6E, 0x53, 0x70,
        0x6F, 0x72, 0x74, 0x73, 0x64, 0x65, 0x67, 0x72, 0x65, 0x65, 0x77, 0x65, 0x65, 0x6B, 0x6C, 0x79, 0x20, 0x28, 0x65, 0x2E, 0x67, 0x2E, 0x62, 0x65, 0x68, 0x69, 0x6E, 0x64, 0x64, 0x6F, 0x63, 0x74,
        0x6F, 0x72, 0x6C, 0x6F, 0x67, 0x67, 0x65, 0x64, 0x75, 0x6E, 0x69, 0x74, 0x65, 0x64, 0x3C, 0x2F, 0x62, 0x3E, 0x3C, 0x2F, 0x62, 0x65, 0x67, 0x69, 0x6E, 0x73, 0x70, 0x6C, 0x61, 0x6E, 0x74, 0x73,
        0x61, 0x73, 0x73, 0x69, 0x73, 0x74, 0x61, 0x72, 0x74, 0x69, 0x73, 0x74, 0x69, 0x73, 0x73, 0x75, 0x65, 0x64, 0x33, 0x30, 0x30, 0x70, 0x78, 0x7C, 0x63, 0x61, 0x6E, 0x61, 0x64, 0x61, 0x61, 0x67,
        0x65, 0x6E, 0x63, 0x79, 0x73, 0x63, 0x68, 0x65, 0x6D, 0x65, 0x72, 0x65, 0x6D, 0x61, 0x69, 0x6E, 0x42, 0x72, 0x61, 0x7A, 0x69, 0x6C, 0x73, 0x61, 0x6D, 0x70, 0x6C, 0x65, 0x6C, 0x6F, 0x67, 0x6F,
        0x22, 0x3E, 0x62, 0x65, 0x79, 0x6F, 0x6E, 0x64, 0x2D, 0x73, 0x63, 0x61, 0x6C, 0x65, 0x61, 0x63, 0x63, 0x65, 0x70, 0x74, 0x73, 0x65, 0x72, 0x76, 0x65, 0x64, 0x6D, 0x61, 0x72, 0x69, 0x6E, 0x65,
        0x46, 0x6F, 0x6F, 0x74, 0x65, 0x72, 0x63, 0x61, 0x6D, 0x65, 0x72, 0x61, 0x3C, 0x2F, 0x68, 0x31, 0x3E, 0x0A, 0x5F, 0x66, 0x6F, 0x72, 0x6D, 0x22, 0x6C, 0x65, 0x61, 0x76, 0x65, 0x73, 0x73, 0x74,
        0x72, 0x65, 0x73, 0x73, 0x22, 0x20, 0x2F, 0x3E, 0x0D, 0x0A, 0x2E, 0x67, 0x69, 0x66, 0x22, 0x20, 0x6F, 0x6E, 0x6C, 0x6F, 0x61, 0x64, 0x6C, 0x6F, 0x61, 0x64, 0x65, 0x72, 0x4F, 0x78, 0x66, 0x6F,
        0x72, 0x64, 0x73, 0x69, 0x73, 0x74, 0x65, 0x72, 0x73, 0x75, 0x72, 0x76, 0x69, 0x76, 0x6C, 0x69, 0x73, 0x74, 0x65, 0x6E, 0x66, 0x65, 0x6D, 0x61, 0x6C, 0x65, 0x44, 0x65, 0x73, 0x69, 0x67, 0x6E,
        0x73, 0x69, 0x7A, 0x65, 0x3D, 0x22, 0x61, 0x70, 0x70, 0x65, 0x61, 0x6C, 0x74, 0x65, 0x78, 0x74, 0x22, 0x3E, 0x6C, 0x65, 0x76, 0x65, 0x6C, 0x73, 0x74, 0x68, 0x61, 0x6E, 0x6B, 0x73, 0x68, 0x69,
        0x67, 0x68, 0x65, 0x72, 0x66, 0x6F, 0x72, 0x63, 0x65, 0x64, 0x61, 0x6E, 0x69, 0x6D, 0x61, 0x6C, 0x61, 0x6E, 0x79, 0x6F, 0x6E, 0x65, 0x41, 0x66, 0x72, 0x69, 0x63, 0x61, 0x61, 0x67, 0x72, 0x65,
        0x65, 0x64, 0x72, 0x65, 0x63, 0x65, 0x6E, 0x74, 0x50, 0x65, 0x6F, 0x70, 0x6C, 0x65, 0x3C, 0x62, 0x72, 0x20, 0x2F, 0x3E, 0x77, 0x6F, 0x6E, 0x64, 0x65, 0x72, 0x70, 0x72, 0x69, 0x63, 0x65, 0x73,
        0x74, 0x75, 0x72, 0x6E, 0x65, 0x64, 0x7C, 0x7C, 0x20, 0x7B, 0x7D, 0x3B, 0x6D, 0x61, 0x69, 0x6E, 0x22, 0x3E, 0x69, 0x6E, 0x6C, 0x69, 0x6E, 0x65, 0x73, 0x75, 0x6E, 0x64, 0x61, 0x79, 0x77, 0x72,
        0x61, 0x70, 0x22, 0x3E, 0x66, 0x61, 0x69, 0x6C, 0x65, 0x64, 0x63, 0x65, 0x6E, 0x73, 0x75, 0x73, 0x6D, 0x69, 0x6E, 0x75, 0x74, 0x65, 0x62, 0x65, 0x61, 0x63, 0x6F, 0x6E, 0x71, 0x75, 0x6F, 0x74,
        0x65, 0x73, 0x31, 0x35, 0x30, 0x70, 0x78, 0x7C, 0x65, 0x73, 0x74, 0x61, 0x74, 0x65, 0x72, 0x65, 0x6D, 0x6F, 0x74, 0x65, 0x65, 0x6D, 0x61, 0x69, 0x6C, 0x22, 0x6C, 0x69, 0x6E, 0x6B, 0x65, 0x64,
        0x72, 0x69, 0x67, 0x68, 0x74, 0x3B, 0x73, 0x69, 0x67, 0x6E, 0x61, 0x6C, 0x66, 0x6F, 0x72, 0x6D, 0x61, 0x6C, 0x31, 0x2E, 0x68, 0x74, 0x6D, 0x6C, 0x73, 0x69, 0x67, 0x6E, 0x75, 0x70, 0x70, 0x72,
        0x69, 0x6E, 0x63, 0x65, 0x66, 0x6C, 0x6F, 0x61, 0x74, 0x3A, 0x2E, 0x70, 0x6E, 0x67, 0x22, 0x20, 0x66, 0x6F, 0x72, 0x75, 0x6D, 0x2E, 0x41, 0x63, 0x63, 0x65, 0x73, 0x73, 0x70, 0x61, 0x70, 0x65,
        0x72, 0x73, 0x73, 0x6F, 0x75, 0x6E, 0x64, 0x73, 0x65, 0x78, 0x74, 0x65, 0x6E, 0x64, 0x48, 0x65, 0x69, 0x67, 0x68, 0x74, 0x73, 0x6C, 0x69, 0x64, 0x65, 0x72, 0x55, 0x54, 0x46, 0x2D, 0x38, 0x22,
        0x26, 0x61, 0x6D, 0x70, 0x3B, 0x20, 0x42, 0x65, 0x66, 0x6F, 0x72, 0x65, 0x2E, 0x20, 0x57, 0x69, 0x74, 0x68, 0x73, 0x74, 0x75, 0x64, 0x69, 0x6F, 0x6F, 0x77, 0x6E, 0x65, 0x72, 0x73, 0x6D, 0x61,
        0x6E, 0x61, 0x67, 0x65, 0x70, 0x72, 0x6F, 0x66, 0x69, 0x74, 0x6A, 0x51, 0x75, 0x65, 0x72, 0x79, 0x61, 0x6E, 0x6E, 0x75, 0x61, 0x6C, 0x70, 0x61, 0x72, 0x61, 0x6D, 0x73, 0x62, 0x6F, 0x75, 0x67,
        0x68, 0x74, 0x66, 0x61, 0x6D, 0x6F, 0x75, 0x73, 0x67, 0x6F, 0x6F, 0x67, 0x6C, 0x65, 0x6C, 0x6F, 0x6E, 0x67, 0x65, 0x72, 0x69, 0x2B, 0x2B, 0x29, 0x20, 0x7B, 0x69, 0x73, 0x72, 0x61, 0x65, 0x6C,
        0x73, 0x61, 0x79, 0x69, 0x6E, 0x67, 0x64, 0x65, 0x63, 0x69, 0x64, 0x65, 0x68, 0x6F, 0x6D, 0x65, 0x22, 0x3E, 0x68, 0x65, 0x61, 0x64, 0x65, 0x72, 0x65, 0x6E, 0x73, 0x75, 0x72, 0x65, 0x62, 0x72,
        0x61, 0x6E, 0x63, 0x68, 0x70, 0x69, 0x65, 0x63, 0x65, 0x73, 0x62, 0x6C, 0x6F, 0x63, 0x6B, 0x3B, 0x73, 0x74, 0x61, 0x74, 0x65, 0x64, 0x74, 0x6F, 0x70, 0x22, 0x3E, 0x3C, 0x72, 0x61, 0x63, 0x69,
        0x6E, 0x67, 0x72, 0x65, 0x73, 0x69, 0x7A, 0x65, 0x2D, 0x2D, 0x26, 0x67, 0x74, 0x3B, 0x70, 0x61, 0x63, 0x69, 0x74, 0x79, 0x73, 0x65, 0x78, 0x75, 0x61, 0x6C, 0x62, 0x75, 0x72, 0x65, 0x61, 0x75,
        0x2E, 0x6A, 0x70, 0x67, 0x22, 0x20, 0x31, 0x30, 0x2C, 0x30, 0x30, 0x30, 0x6F, 0x62, 0x74, 0x61, 0x69, 0x6E, 0x74, 0x69, 0x74, 0x6C, 0x65, 0x73, 0x61, 0x6D, 0x6F, 0x75, 0x6E, 0x74, 0x2C, 0x20,
        0x49, 0x6E, 0x63, 0x2E, 0x63, 0x6F, 0x6D, 0x65, 0x64, 0x79, 0x6D, 0x65, 0x6E, 0x75, 0x22, 0x20, 0x6C, 0x79, 0x72, 0x69, 0x63, 0x73, 0x74, 0x6F, 0x64, 0x61, 0x79, 0x2E, 0x69, 0x6E, 0x64, 0x65,
        0x65, 0x64, 0x63, 0x6F, 0x75, 0x6E, 0x74, 0x79, 0x5F, 0x6C, 0x6F, 0x67, 0x6F, 0x2E, 0x46, 0x61, 0x6D, 0x69, 0x6C, 0x79, 0x6C, 0x6F, 0x6F, 0x6B, 0x65, 0x64, 0x4D, 0x61, 0x72, 0x6B, 0x65, 0x74,
        0x6C, 0x73, 0x65, 0x20, 0x69, 0x66, 0x50, 0x6C, 0x61, 0x79, 0x65, 0x72, 0x74, 0x75, 0x72, 0x6B, 0x65, 0x79, 0x29, 0x3B, 0x76, 0x61, 0x72, 0x20, 0x66, 0x6F, 0x72, 0x65, 0x73, 0x74, 0x67, 0x69,
        0x76, 0x69, 0x6E, 0x67, 0x65, 0x72, 0x72, 0x6F, 0x72, 0x73, 0x44, 0x6F, 0x6D, 0x61, 0x69, 0x6E, 0x7D, 0x65, 0x6C, 0x73, 0x65, 0x7B, 0x69, 0x6E, 0x73, 0x65, 0x72, 0x74, 0x42, 0x6C, 0x6F, 0x67,
        0x3C, 0x2F, 0x66, 0x6F, 0x6F, 0x74, 0x65, 0x72, 0x6C, 0x6F, 0x67, 0x69, 0x6E, 0x2E, 0x66, 0x61, 0x73, 0x74, 0x65, 0x72, 0x61, 0x67, 0x65, 0x6E, 0x74, 0x73, 0x3C, 0x62, 0x6F, 0x64, 0x79, 0x20,
        0x31, 0x30, 0x70, 0x78, 0x20, 0x30, 0x70, 0x72, 0x61, 0x67, 0x6D, 0x61, 0x66, 0x72, 0x69, 0x64, 0x61, 0x79, 0x6A, 0x75, 0x6E, 0x69, 0x6F, 0x72, 0x64, 0x6F, 0x6C, 0x6C, 0x61, 0x72, 0x70, 0x6C,
        0x61, 0x63, 0x65, 0x64, 0x63, 0x6F, 0x76, 0x65, 0x72, 0x73, 0x70, 0x6C, 0x75, 0x67, 0x69, 0x6E, 0x35, 0x2C, 0x30, 0x30, 0x30, 0x20, 0x70, 0x61, 0x67, 0x65, 0x22, 0x3E, 0x62, 0x6F, 0x73, 0x74,
        0x6F, 0x6E, 0x2E, 0x74, 0x65, 0x73, 0x74, 0x28, 0x61, 0x76, 0x61, 0x74, 0x61, 0x72, 0x74, 0x65, 0x73, 0x74, 0x65, 0x64, 0x5F, 0x63, 0x6F, 0x75, 0x6E, 0x74, 0x66, 0x6F, 0x72, 0x75, 0x6D, 0x73,
        0x73, 0x63, 0x68, 0x65, 0x6D, 0x61, 0x69, 0x6E, 0x64, 0x65, 0x78, 0x2C, 0x66, 0x69, 0x6C, 0x6C, 0x65, 0x64, 0x73, 0x68, 0x61, 0x72, 0x65, 0x73, 0x72, 0x65, 0x61, 0x64, 0x65, 0x72, 0x61, 0x6C,
        0x65, 0x72, 0x74, 0x28, 0x61, 0x70, 0x70, 0x65, 0x61, 0x72, 0x53, 0x75, 0x62, 0x6D, 0x69, 0x74, 0x6C, 0x69, 0x6E, 0x65, 0x22, 0x3E, 0x62, 0x6F, 0x64, 0x79, 0x22, 0x3E, 0x0A, 0x2A, 0x20, 0x54,
        0x68, 0x65, 0x54, 0x68, 0x6F, 0x75, 0x67, 0x68, 0x73, 0x65, 0x65, 0x69, 0x6E, 0x67, 0x6A, 0x65, 0x72, 0x73, 0x65, 0x79, 0x4E, 0x65, 0x77, 0x73, 0x3C, 0x2F, 0x76, 0x65, 0x72, 0x69, 0x66, 0x79,
        0x65, 0x78, 0x70, 0x65, 0x72, 0x74, 0x69, 0x6E, 0x6A, 0x75, 0x72, 0x79, 0x77, 0x69, 0x64, 0x74, 0x68, 0x3D, 0x43, 0x6F, 0x6F, 0x6B, 0x69, 0x65, 0x53, 0x54, 0x41, 0x52, 0x54, 0x20, 0x61, 0x63,
        0x72, 0x6F, 0x73, 0x73, 0x5F, 0x69, 0x6D, 0x61, 0x67, 0x65, 0x74, 0x68, 0x72, 0x65, 0x61, 0x64, 0x6E, 0x61, 0x74, 0x69, 0x76, 0x65, 0x70, 0x6F, 0x63, 0x6B, 0x65, 0x74, 0x62, 0x6F, 0x78, 0x22,
        0x3E, 0x0A, 0x53, 0x79, 0x73, 0x74, 0x65, 0x6D, 0x20, 0x44, 0x61, 0x76, 0x69, 0x64, 0x63, 0x61, 0x6E, 0x63, 0x65, 0x72, 0x74, 0x61, 0x62, 0x6C, 0x65, 0x73, 0x70, 0x72, 0x6F, 0x76, 0x65, 0x64,
        0x41, 0x70, 0x72, 0x69, 0x6C, 0x20, 0x72, 0x65, 0x61, 0x6C, 0x6C, 0x79, 0x64, 0x72, 0x69, 0x76, 0x65, 0x72, 0x69, 0x74, 0x65, 0x6D, 0x22, 0x3E, 0x6D, 0x6F, 0x72, 0x65, 0x22, 0x3E, 0x62, 0x6F,
        0x61, 0x72, 0x64, 0x73, 0x63, 0x6F, 0x6C, 0x6F, 0x72, 0x73, 0x63, 0x61, 0x6D, 0x70, 0x75, 0x73, 0x66, 0x69, 0x72, 0x73, 0x74, 0x20, 0x7C, 0x7C, 0x20, 0x5B, 0x5D, 0x3B, 0x6D, 0x65, 0x64, 0x69,
        0x61, 0x2E, 0x67, 0x75, 0x69, 0x74, 0x61, 0x72, 0x66, 0x69, 0x6E, 0x69, 0x73, 0x68, 0x77, 0x69, 0x64, 0x74, 0x68, 0x3A, 0x73, 0x68, 0x6F, 0x77, 0x65, 0x64, 0x4F, 0x74, 0x68, 0x65, 0x72, 0x20,
        0x2E, 0x70, 0x68, 0x70, 0x22, 0x20, 0x61, 0x73, 0x73, 0x75, 0x6D, 0x65, 0x6C, 0x61, 0x79, 0x65, 0x72, 0x73, 0x77, 0x69, 0x6C, 0x73, 0x6F, 0x6E, 0x73, 0x74, 0x6F, 0x72, 0x65, 0x73, 0x72, 0x65,
        0x6C, 0x69, 0x65, 0x66, 0x73, 0x77, 0x65, 0x64, 0x65, 0x6E, 0x43, 0x75, 0x73, 0x74, 0x6F, 0x6D, 0x65, 0x61, 0x73, 0x69, 0x6C, 0x79, 0x20, 0x79, 0x6F, 0x75, 0x72, 0x20, 0x53, 0x74, 0x72, 0x69,
        0x6E, 0x67, 0x0A, 0x0A, 0x57, 0x68, 0x69, 0x6C, 0x74, 0x61, 0x79, 0x6C, 0x6F, 0x72, 0x63, 0x6C, 0x65, 0x61, 0x72, 0x3A, 0x72, 0x65, 0x73, 0x6F, 0x72, 0x74, 0x66, 0x72, 0x65, 0x6E, 0x63, 0x68,
        0x74, 0x68, 0x6F, 0x75, 0x67, 0x68, 0x22, 0x29, 0x20, 0x2B, 0x20, 0x22, 0x3C, 0x62, 0x6F, 0x64, 0x79, 0x3E, 0x62, 0x75, 0x79, 0x69, 0x6E, 0x67, 0x62, 0x72, 0x61, 0x6E, 0x64, 0x73, 0x4D, 0x65,
        0x6D, 0x62, 0x65, 0x72, 0x6E, 0x61, 0x6D, 0x65, 0x22, 0x3E, 0x6F, 0x70, 0x70, 0x69, 0x6E, 0x67, 0x73, 0x65, 0x63, 0x74, 0x6F, 0x72, 0x35, 0x70, 0x78, 0x3B, 0x22, 0x3E, 0x76, 0x73, 0x70, 0x61,
        0x63, 0x65, 0x70, 0x6F, 0x73, 0x74, 0x65, 0x72, 0x6D, 0x61, 0x6A, 0x6F, 0x72, 0x20, 0x63, 0x6F, 0x66, 0x66, 0x65, 0x65, 0x6D, 0x61, 0x72, 0x74, 0x69, 0x6E, 0x6D, 0x61, 0x74, 0x75, 0x72, 0x65,
        0x68, 0x61, 0x70, 0x70, 0x65, 0x6E, 0x3C, 0x2F, 0x6E, 0x61, 0x76, 0x3E, 0x6B, 0x61, 0x6E, 0x73, 0x61, 0x73, 0x6C, 0x69, 0x6E, 0x6B, 0x22, 0x3E, 0x49, 0x6D, 0x61, 0x67, 0x65, 0x73, 0x3D, 0x66,
        0x61, 0x6C, 0x73, 0x65, 0x77, 0x68, 0x69, 0x6C, 0x65, 0x20, 0x68, 0x73, 0x70, 0x61, 0x63, 0x65, 0x30, 0x26, 0x61, 0x6D, 0x70, 0x3B, 0x20, 0x0A, 0x0A, 0x49, 0x6E, 0x20, 0x20, 0x70, 0x6F, 0x77,
        0x65, 0x72, 0x50, 0x6F, 0x6C, 0x73, 0x6B, 0x69, 0x2D, 0x63, 0x6F, 0x6C, 0x6F, 0x72, 0x6A, 0x6F, 0x72, 0x64, 0x61, 0x6E, 0x42, 0x6F, 0x74, 0x74, 0x6F, 0x6D, 0x53, 0x74, 0x61, 0x72, 0x74, 0x20,
        0x2D, 0x63, 0x6F, 0x75, 0x6E, 0x74, 0x32, 0x2E, 0x68, 0x74, 0x6D, 0x6C, 0x6E, 0x65, 0x77, 0x73, 0x22, 0x3E, 0x30, 0x31, 0x2E, 0x6A, 0x70, 0x67, 0x4F, 0x6E, 0x6C, 0x69, 0x6E, 0x65, 0x2D, 0x72,
        0x69, 0x67, 0x68, 0x74, 0x6D, 0x69, 0x6C, 0x6C, 0x65, 0x72, 0x73, 0x65, 0x6E, 0x69, 0x6F, 0x72, 0x49, 0x53, 0x42, 0x4E, 0x20, 0x30, 0x30, 0x2C, 0x30, 0x30, 0x30, 0x20, 0x67, 0x75, 0x69, 0x64,
        0x65, 0x73, 0x76, 0x61, 0x6C, 0x75, 0x65, 0x29, 0x65, 0x63, 0x74, 0x69, 0x6F, 0x6E, 0x72, 0x65, 0x70, 0x61, 0x69, 0x72, 0x2E, 0x78, 0x6D, 0x6C, 0x22, 0x20, 0x20, 0x72, 0x69, 0x67, 0x68, 0x74,
        0x73, 0x2E, 0x68, 0x74, 0x6D, 0x6C, 0x2D, 0x62, 0x6C, 0x6F, 0x63, 0x6B, 0x72, 0x65, 0x67, 0x45, 0x78, 0x70, 0x3A, 0x68, 0x6F, 0x76, 0x65, 0x72, 0x77, 0x69, 0x74, 0x68, 0x69, 0x6E, 0x76, 0x69,
        0x72, 0x67, 0x69, 0x6E, 0x70, 0x68, 0x6F, 0x6E, 0x65, 0x73, 0x3C, 0x2F, 0x74, 0x72, 0x3E, 0x0D, 0x75, 0x73, 0x69, 0x6E, 0x67, 0x20, 0x0A, 0x09, 0x76, 0x61, 0x72, 0x20, 0x3E, 0x27, 0x29, 0x3B,
        0x0A, 0x09, 0x3C, 0x2F, 0x74, 0x64, 0x3E, 0x0A, 0x3C, 0x2F, 0x74, 0x72, 0x3E, 0x0A, 0x62, 0x61, 0x68, 0x61, 0x73, 0x61, 0x62, 0x72, 0x61, 0x73, 0x69, 0x6C, 0x67, 0x61, 0x6C, 0x65, 0x67, 0x6F,
        0x6D, 0x61, 0x67, 0x79, 0x61, 0x72, 0x70, 0x6F, 0x6C, 0x73, 0x6B, 0x69, 0x73, 0x72, 0x70, 0x73, 0x6B, 0x69, 0xD8, 0xB1, 0xD8, 0xAF, 0xD9, 0x88, 0xE4, 0xB8, 0xAD, 0xE6, 0x96, 0x87, 0xE7, 0xAE,
        0x80, 0xE4, 0xBD, 0x93, 0xE7, 0xB9, 0x81, 0xE9, 0xAB, 0x94, 0xE4, 0xBF, 0xA1, 0xE6, 0x81, 0xAF, 0xE4, 0xB8, 0xAD, 0xE5, 0x9B, 0xBD, 0xE6, 0x88, 0x91, 0xE4, 0xBB, 0xAC, 0xE4, 0xB8, 0x80, 0xE4,
        0xB8, 0xAA, 0xE5, 0x85, 0xAC, 0xE5, 0x8F, 0xB8, 0xE7, 0xAE, 0xA1, 0xE7, 0x90, 0x86, 0xE8, 0xAE, 0xBA, 0xE5, 0x9D, 0x9B, 0xE5, 0x8F, 0xAF, 0xE4, 0xBB, 0xA5, 0xE6, 0x9C, 0x8D, 0xE5, 0x8A, 0xA1,
        0xE6, 0x97, 0xB6, 0xE9, 0x97, 0xB4, 0xE4, 0xB8, 0xAA, 0xE4, 0xBA, 0xBA, 0xE4, 0xBA, 0xA7, 0xE5, 0x93, 0x81, 0xE8, 0x87, 0xAA, 0xE5, 0xB7, 0xB1, 0xE4, 0xBC, 0x81, 0xE4, 0xB8, 0x9A, 0xE6, 0x9F,
        0xA5, 0xE7, 0x9C, 0x8B, 0xE5, 0xB7, 0xA5, 0xE4, 0xBD, 0x9C, 0xE8, 0x81, 0x94, 0xE7, 0xB3, 0xBB, 0xE6, 0xB2, 0xA1, 0xE6, 0x9C, 0x89, 0xE7, 0xBD, 0x91, 0xE7, 0xAB, 0x99, 0xE6, 0x89, 0x80, 0xE6,
        0x9C, 0x89, 0xE8, 0xAF, 0x84, 0xE8, 0xAE, 0xBA, 0xE4, 0xB8, 0xAD, 0xE5, 0xBF, 0x83, 0xE6, 0x96, 0x87, 0xE7, 0xAB, 0xA0, 0xE7, 0x94, 0xA8, 0xE6, 0x88, 0xB7, 0xE9, 0xA6, 0x96, 0xE9, 0xA1, 0xB5,
        0xE4, 0xBD, 0x9C, 0xE8, 0x80, 0x85, 0xE6, 0x8A, 0x80, 0xE6, 0x9C, 0xAF, 0xE9, 0x97, 0xAE, 0xE9, 0xA2, 0x98, 0xE7, 0x9B, 0xB8, 0xE5, 0x85, 0xB3, 0xE4, 0xB8, 0x8B, 0xE8, 0xBD, 0xBD, 0xE6, 0x90,
        0x9C, 0xE7, 0xB4, 0xA2, 0xE4, 0xBD, 0xBF, 0xE7, 0x94, 0xA8, 0xE8, 0xBD, 0xAF, 0xE4, 0xBB, 0xB6, 0xE5, 0x9C, 0xA8, 0xE7, 0xBA, 0xBF, 0xE4, 0xB8, 0xBB, 0xE9, 0xA2, 0x98, 0xE8, 0xB5, 0x84, 0xE6,
        0x96, 0x99, 0xE8, 0xA7, 0x86, 0xE9, 0xA2, 0x91, 0xE5, 0x9B, 0x9E, 0xE5, 0xA4, 0x8D, 0xE6, 0xB3, 0xA8, 0xE5, 0x86, 0x8C, 0xE7, 0xBD, 0x91, 0xE7, 0xBB, 0x9C, 0xE6, 0x94, 0xB6, 0xE8, 0x97, 0x8F,
        0xE5, 0x86, 0x85, 0xE5, 0xAE, 0xB9, 0xE6, 0x8E, 0xA8, 0xE8, 0x8D, 0x90, 0xE5, 0xB8, 0x82, 0xE5, 0x9C, 0xBA, 0xE6, 0xB6, 0x88, 0xE6, 0x81, 0xAF, 0xE7, 0xA9, 0xBA, 0xE9, 0x97, 0xB4, 0xE5, 0x8F,
        0x91, 0xE5, 0xB8, 0x83, 0xE4, 0xBB, 0x80, 0xE4, 0xB9, 0x88, 0xE5, 0xA5, 0xBD, 0xE5, 0x8F, 0x8B, 0xE7, 0x94, 0x9F, 0xE6, 0xB4, 0xBB, 0xE5, 0x9B, 0xBE, 0xE7, 0x89, 0x87, 0xE5, 0x8F, 0x91, 0xE5,
        0xB1, 0x95, 0xE5, 0xA6, 0x82, 0xE6, 0x9E, 0x9C, 0xE6, 0x89, 0x8B, 0xE6, 0x9C, 0xBA, 0xE6, 0x96, 0xB0, 0xE9, 0x97, 0xBB, 0xE6, 0x9C, 0x80, 0xE6, 0x96, 0xB0, 0xE6, 0x96, 0xB9, 0xE5, 0xBC, 0x8F,
        0xE5, 0x8C, 0x97, 0xE4, 0xBA, 0xAC, 0xE6, 0x8F, 0x90, 0xE4, 0xBE, 0x9B, 0xE5, 0x85, 0xB3, 0xE4, 0xBA, 0x8E, 0xE6, 0x9B, 0xB4, 0xE5, 0xA4, 0x9A, 0xE8, 0xBF, 0x99, 0xE4, 0xB8, 0xAA, 0xE7, 0xB3,
        0xBB, 0xE7, 0xBB, 0x9F, 0xE7, 0x9F, 0xA5, 0xE9, 0x81, 0x93, 0xE6, 0xB8, 0xB8, 0xE6, 0x88, 0x8F, 0xE5, 0xB9, 0xBF, 0xE5, 0x91, 0x8A, 0xE5, 0x85, 0xB6, 0xE4, 0xBB, 0x96, 0xE5, 0x8F, 0x91, 0xE8,
        0xA1, 0xA8, 0xE5, 0xAE, 0x89, 0xE5, 0x85, 0xA8, 0xE7, 0xAC, 0xAC, 0xE4, 0xB8, 0x80, 0xE4, 0xBC, 0x9A, 0xE5, 0x91, 0x98, 0xE8, 0xBF, 0x9B, 0xE8, 0xA1, 0x8C, 0xE7, 0x82, 0xB9, 0xE5, 0x87, 0xBB,
        0xE7, 0x89, 0x88, 0xE6, 0x9D, 0x83, 0xE7, 0x94, 0xB5, 0xE5, 0xAD, 0x90, 0xE4, 0xB8, 0x96, 0xE7, 0x95, 0x8C, 0xE8, 0xAE, 0xBE, 0xE8, 0xAE, 0xA1, 0xE5, 0x85, 0x8D, 0xE8, 0xB4, 0xB9, 0xE6, 0x95,
        0x99, 0xE8, 0x82, 0xB2, 0xE5, 0x8A, 0xA0, 0xE5, 0x85, 0xA5, 0xE6, 0xB4, 0xBB, 0xE5, 0x8A, 0xA8, 0xE4, 0xBB, 0x96, 0xE4, 0xBB, 0xAC, 0xE5, 0x95, 0x86, 0xE5, 0x93, 0x81, 0xE5, 0x8D, 0x9A, 0xE5,
        0xAE, 0xA2, 0xE7, 0x8E, 0xB0, 0xE5, 0x9C, 0xA8, 0xE4, 0xB8, 0x8A, 0xE6, 0xB5, 0xB7, 0xE5, 0xA6, 0x82, 0xE4, 0xBD, 0x95, 0xE5, 0xB7, 0xB2, 0xE7, 0xBB, 0x8F, 0xE7, 0x95, 0x99, 0xE8, 0xA8, 0x80,
        0xE8, 0xAF, 0xA6, 0xE7, 0xBB, 0x86, 0xE7, 0xA4, 0xBE, 0xE5, 0x8C, 0xBA, 0xE7, 0x99, 0xBB, 0xE5, 0xBD, 0x95, 0xE6, 0x9C, 0xAC, 0xE7, 0xAB, 0x99, 0xE9, 0x9C, 0x80, 0xE8, 0xA6, 0x81, 0xE4, 0xBB,
        0xB7, 0xE6, 0xA0, 0xBC, 0xE6, 0x94, 0xAF, 0xE6, 0x8C, 0x81, 0xE5, 0x9B, 0xBD, 0xE9, 0x99, 0x85, 0xE9, 0x93, 0xBE, 0xE6, 0x8E, 0xA5, 0xE5, 0x9B, 0xBD, 0xE5, 0xAE, 0xB6, 0xE5, 0xBB, 0xBA, 0xE8,
        0xAE, 0xBE, 0xE6, 0x9C, 0x8B, 0xE5, 0x8F, 0x8B, 0xE9, 0x98, 0x85, 0xE8, 0xAF, 0xBB, 0xE6, 0xB3, 0x95, 0xE5, 0xBE, 0x8B, 0xE4, 0xBD, 0x8D, 0xE7, 0xBD, 0xAE, 0xE7, 0xBB, 0x8F, 0xE6, 0xB5, 0x8E,
        0xE9, 0x80, 0x89, 0xE6, 0x8B, 0xA9, 0xE8, 0xBF, 0x99, 0xE6, 0xA0, 0xB7, 0xE5, 0xBD, 0x93, 0xE5, 0x89, 0x8D, 0xE5, 0x88, 0x86, 0xE7, 0xB1, 0xBB, 0xE6, 0x8E, 0x92, 0xE8, 0xA1, 0x8C, 0xE5, 0x9B,
        0xA0, 0xE4, 0xB8, 0xBA, 0xE4, 0xBA, 0xA4, 0xE6, 0x98, 0x93, 0xE6, 0x9C, 0x80, 0xE5, 0x90, 0x8E, 0xE9, 0x9F, 0xB3, 0xE4, 0xB9, 0x90, 0xE4, 0xB8, 0x8D, 0xE8, 0x83, 0xBD, 0xE9, 0x80, 0x9A, 0xE8,
        0xBF, 0x87, 0xE8, 0xA1, 0x8C, 0xE4, 0xB8, 0x9A, 0xE7, 0xA7, 0x91, 0xE6, 0x8A, 0x80, 0xE5, 0x8F, 0xAF, 0xE8, 0x83, 0xBD, 0xE8, 0xAE, 0xBE, 0xE5, 0xA4, 0x87, 0xE5, 0x90, 0x88, 0xE4, 0xBD, 0x9C,
        0xE5, 0xA4, 0xA7, 0xE5, 0xAE, 0xB6, 0xE7, 0xA4, 0xBE, 0xE4, 0xBC, 0x9A, 0xE7, 0xA0, 0x94, 0xE7, 0xA9, 0xB6, 0xE4, 0xB8, 0x93, 0xE4, 0xB8, 0x9A, 0xE5, 0x85, 0xA8, 0xE9, 0x83, 0xA8, 0xE9, 0xA1,
        0xB9, 0xE7, 0x9B, 0xAE, 0xE8, 0xBF, 0x99, 0xE9, 0x87, 0x8C, 0xE8, 0xBF, 0x98, 0xE6, 0x98, 0xAF, 0xE5, 0xBC, 0x80, 0xE5, 0xA7, 0x8B, 0xE6, 0x83, 0x85, 0xE5, 0x86, 0xB5, 0xE7, 0x94, 0xB5, 0xE8,
        0x84, 0x91, 0xE6, 0x96, 0x87, 0xE4, 0xBB, 0xB6, 0xE5, 0x93, 0x81, 0xE7, 0x89, 0x8C, 0xE5, 0xB8, 0xAE, 0xE5, 0x8A, 0xA9, 0xE6, 0x96, 0x87, 0xE5, 0x8C, 0x96, 0xE8, 0xB5, 0x84, 0xE6, 0xBA, 0x90,
        0xE5, 0xA4, 0xA7, 0xE5, 0xAD, 0xA6, 0xE5, 0xAD, 0xA6, 0xE4, 0xB9, 0xA0, 0xE5, 0x9C, 0xB0, 0xE5, 0x9D, 0x80, 0xE6, 0xB5, 0x8F, 0xE8, 0xA7, 0x88, 0xE6, 0x8A, 0x95, 0xE8, 0xB5, 0x84, 0xE5, 0xB7,
        0xA5, 0xE7, 0xA8, 0x8B, 0xE8, 0xA6, 0x81, 0xE6, 0xB1, 0x82, 0xE6, 0x80, 0x8E, 0xE4, 0xB9, 0x88, 0xE6, 0x97, 0xB6, 0xE5, 0x80, 0x99, 0xE5, 0x8A, 0x9F, 0xE8, 0x83, 0xBD, 0xE4, 0xB8, 0xBB, 0xE8,
        0xA6, 0x81, 0xE7, 0x9B, 0xAE, 0xE5, 0x89, 0x8D, 0xE8, 0xB5, 0x84, 0xE8, 0xAE, 0xAF, 0xE5, 0x9F, 0x8E, 0xE5, 0xB8, 0x82, 0xE6, 0x96, 0xB9, 0xE6, 0xB3, 0x95, 0xE7, 0x94, 0xB5, 0xE5, 0xBD, 0xB1,
        0xE6, 0x8B, 0x9B, 0xE8, 0x81, 0x98, 0xE5, 0xA3, 0xB0, 0xE6, 0x98, 0x8E, 0xE4, 0xBB, 0xBB, 0xE4, 0xBD, 0x95, 0xE5, 0x81, 0xA5, 0xE5, 0xBA, 0xB7, 0xE6, 0x95, 0xB0, 0xE6, 0x8D, 0xAE, 0xE7, 0xBE,
        0x8E, 0xE5, 0x9B, 0xBD, 0xE6, 0xB1, 0xBD, 0xE8, 0xBD, 0xA6, 0xE4, 0xBB, 0x8B, 0xE7, 0xBB, 0x8D, 0xE4, 0xBD, 0x86, 0xE6, 0x98, 0xAF, 0xE4, 0xBA, 0xA4, 0xE6, 0xB5, 0x81, 0xE7, 0x94, 0x9F, 0xE4,
        0xBA, 0xA7, 0xE6, 0x89, 0x80, 0xE4, 0xBB, 0xA5, 0xE7, 0x94, 0xB5, 0xE8, 0xAF, 0x9D, 0xE6, 0x98, 0xBE, 0xE7, 0xA4, 0xBA, 0xE4, 0xB8, 0x80, 0xE4, 0xBA, 0x9B, 0xE5, 0x8D, 0x95, 0xE4, 0xBD, 0x8D,
        0xE4, 0xBA, 0xBA, 0xE5, 0x91, 0x98, 0xE5, 0x88, 0x86, 0xE6, 0x9E, 0x90, 0xE5, 0x9C, 0xB0, 0xE5, 0x9B, 0xBE, 0xE6, 0x97, 0x85, 0xE6, 0xB8, 0xB8, 0xE5, 0xB7, 0xA5, 0xE5, 0x85, 0xB7, 0xE5, 0xAD,
        0xA6, 0xE7, 0x94, 0x9F, 0xE7, 0xB3, 0xBB, 0xE5, 0x88, 0x97, 0xE7, 0xBD, 0x91, 0xE5, 0x8F, 0x8B, 0xE5, 0xB8, 0x96, 0xE5, 0xAD, 0x90, 0xE5, 0xAF, 0x86, 0xE7, 0xA0, 0x81, 0xE9, 0xA2, 0x91, 0xE9,
        0x81, 0x93, 0xE6, 0x8E, 0xA7, 0xE5, 0x88, 0xB6, 0xE5, 0x9C, 0xB0, 0xE5, 0x8C, 0xBA, 0xE5, 0x9F, 0xBA, 0xE6, 0x9C, 0xAC, 0xE5, 0x85, 0xA8, 0xE5, 0x9B, 0xBD, 0xE7, 0xBD, 0x91, 0xE4, 0xB8, 0x8A,
        0xE9, 0x87, 0x8D, 0xE8, 0xA6, 0x81, 0xE7, 0xAC, 0xAC, 0xE4, 0xBA, 0x8C, 0xE5, 0x96, 0x9C, 0xE6, 0xAC, 0xA2, 0xE8, 0xBF, 0x9B, 0xE5, 0x85, 0xA5, 0xE5, 0x8F, 0x8B, 0xE6, 0x83, 0x85, 0xE8, 0xBF,
        0x99, 0xE4, 0xBA, 0x9B, 0xE8, 0x80, 0x83, 0xE8, 0xAF, 0x95, 0xE5, 0x8F, 0x91, 0xE7, 0x8E, 0xB0, 0xE5, 0x9F, 0xB9, 0xE8, 0xAE, 0xAD, 0xE4, 0xBB, 0xA5, 0xE4, 0xB8, 0x8A, 0xE6, 0x94, 0xBF, 0xE5,
        0xBA, 0x9C, 0xE6, 0x88, 0x90, 0xE4, 0xB8, 0xBA, 0xE7, 0x8E, 0xAF, 0xE5, 0xA2, 0x83, 0xE9, 0xA6, 0x99, 0xE6, 0xB8, 0xAF, 0xE5, 0x90, 0x8C, 0xE6, 0x97, 0xB6, 0xE5, 0xA8, 0xB1, 0xE4, 0xB9, 0x90,
        0xE5, 0x8F, 0x91, 0xE9, 0x80, 0x81, 0xE4, 0xB8, 0x80, 0xE5, 0xAE, 0x9A, 0xE5, 0xBC, 0x80, 0xE5, 0x8F, 0x91, 0xE4, 0xBD, 0x9C, 0xE5, 0x93, 0x81, 0xE6, 0xA0, 0x87, 0xE5, 0x87, 0x86, 0xE6, 0xAC,
        0xA2, 0xE8, 0xBF, 0x8E, 0xE8, 0xA7, 0xA3, 0xE5, 0x86, 0xB3, 0xE5, 0x9C, 0xB0, 0xE6, 0x96, 0xB9, 0xE4, 0xB8, 0x80, 0xE4, 0xB8, 0x8B, 0xE4, 0xBB, 0xA5, 0xE5, 0x8F, 0x8A, 0xE8, 0xB4, 0xA3, 0xE4,
        0xBB, 0xBB, 0xE6, 0x88, 0x96, 0xE8, 0x80, 0x85, 0xE5, 0xAE, 0xA2, 0xE6, 0x88, 0xB7, 0xE4, 0xBB, 0xA3, 0xE8, 0xA1, 0xA8, 0xE7, 0xA7, 0xAF, 0xE5, 0x88, 0x86, 0xE5, 0xA5, 0xB3, 0xE4, 0xBA, 0xBA,
        0xE6, 0x95, 0xB0, 0xE7, 0xA0, 0x81, 0xE9, 0x94, 0x80, 0xE5, 0x94, 0xAE, 0xE5, 0x87, 0xBA, 0xE7, 0x8E, 0xB0, 0xE7, 0xA6, 0xBB, 0xE7, 0xBA, 0xBF, 0xE5, 0xBA, 0x94, 0xE7, 0x94, 0xA8, 0xE5, 0x88,
        0x97, 0xE8, 0xA1, 0xA8, 0xE4, 0xB8, 0x8D, 0xE5, 0x90, 0x8C, 0xE7, 0xBC, 0x96, 0xE8, 0xBE, 0x91, 0xE7, 0xBB, 0x9F, 0xE8, 0xAE, 0xA1, 0xE6, 0x9F, 0xA5, 0xE8, 0xAF, 0xA2, 0xE4, 0xB8, 0x8D, 0xE8,
        0xA6, 0x81, 0xE6, 0x9C, 0x89, 0xE5, 0x85, 0xB3, 0xE6, 0x9C, 0xBA, 0xE6, 0x9E, 0x84, 0xE5, 0xBE, 0x88, 0xE5, 0xA4, 0x9A, 0xE6, 0x92, 0xAD, 0xE6, 0x94, 0xBE, 0xE7, 0xBB, 0x84, 0xE7, 0xBB, 0x87,
        0xE6, 0x94, 0xBF, 0xE7, 0xAD, 0x96, 0xE7, 0x9B, 0xB4, 0xE6, 0x8E, 0xA5, 0xE8, 0x83, 0xBD, 0xE5, 0x8A, 0x9B, 0xE6, 0x9D, 0xA5, 0xE6, 0xBA, 0x90, 0xE6, 0x99, 0x82, 0xE9, 0x96, 0x93, 0xE7, 0x9C,
        0x8B, 0xE5, 0x88, 0xB0, 0xE7, 0x83, 0xAD, 0xE9, 0x97, 0xA8, 0xE5, 0x85, 0xB3, 0xE9, 0x94, 0xAE, 0xE4, 0xB8, 0x93, 0xE5, 0x8C, 0xBA, 0xE9, 0x9D, 0x9E, 0xE5, 0xB8, 0xB8, 0xE8, 0x8B, 0xB1, 0xE8,
        0xAF, 0xAD, 0xE7, 0x99, 0xBE, 0xE5, 0xBA, 0xA6, 0xE5, 0xB8, 0x8C, 0xE6, 0x9C, 0x9B, 0xE7, 0xBE, 0x8E, 0xE5, 0xA5, 0xB3, 0xE6, 0xAF, 0x94, 0xE8, 0xBE, 0x83, 0xE7, 0x9F, 0xA5, 0xE8, 0xAF, 0x86,
        0xE8, 0xA7, 0x84, 0xE5, 0xAE, 0x9A, 0xE5, 0xBB, 0xBA, 0xE8, 0xAE, 0xAE, 0xE9, 0x83, 0xA8, 0xE9, 0x97, 0xA8, 0xE6, 0x84, 0x8F, 0xE8, 0xA7, 0x81, 0xE7, 0xB2, 0xBE, 0xE5, 0xBD, 0xA9, 0xE6, 0x97,
        0xA5, 0xE6, 0x9C, 0xAC, 0xE6, 0x8F, 0x90, 0xE9, 0xAB, 0x98, 0xE5, 0x8F, 0x91, 0xE8, 0xA8, 0x80, 0xE6, 0x96, 0xB9, 0xE9, 0x9D, 0xA2, 0xE5, 0x9F, 0xBA, 0xE9, 0x87, 0x91, 0xE5, 0xA4, 0x84, 0xE7,
        0x90, 0x86, 0xE6, 0x9D, 0x83, 0xE9, 0x99, 0x90, 0xE5, 0xBD, 0xB1, 0xE7, 0x89, 0x87, 0xE9, 0x93, 0xB6, 0xE8, 0xA1, 0x8C, 0xE8, 0xBF, 0x98, 0xE6, 0x9C, 0x89, 0xE5, 0x88, 0x86, 0xE4, 0xBA, 0xAB,
        0xE7, 0x89, 0xA9, 0xE5, 0x93, 0x81, 0xE7, 0xBB, 0x8F, 0xE8, 0x90, 0xA5, 0xE6, 0xB7, 0xBB, 0xE5, 0x8A, 0xA0, 0xE4, 0xB8, 0x93, 0xE5, 0xAE, 0xB6, 0xE8, 0xBF, 0x99, 0xE7, 0xA7, 0x8D, 0xE8, 0xAF,
        0x9D, 0xE9, 0xA2, 0x98, 0xE8, 0xB5, 0xB7, 0xE6, 0x9D, 0xA5, 0xE4, 0xB8, 0x9A, 0xE5, 0x8A, 0xA1, 0xE5, 0x85, 0xAC, 0xE5, 0x91, 0x8A, 0xE8, 0xAE, 0xB0, 0xE5, 0xBD, 0x95, 0xE7, 0xAE, 0x80, 0xE4,
        0xBB, 0x8B, 0xE8, 0xB4, 0xA8, 0xE9, 0x87, 0x8F, 0xE7, 0x94, 0xB7, 0xE4, 0xBA, 0xBA, 0xE5, 0xBD, 0xB1, 0xE5, 0x93, 0x8D, 0xE5, 0xBC, 0x95, 0xE7, 0x94, 0xA8, 0xE6, 0x8A, 0xA5, 0xE5, 0x91, 0x8A,
        0xE9, 0x83, 0xA8, 0xE5, 0x88, 0x86, 0xE5, 0xBF, 0xAB, 0xE9, 0x80, 0x9F, 0xE5, 0x92, 0xA8, 0xE8, 0xAF, 0xA2, 0xE6, 0x97, 0xB6, 0xE5, 0xB0, 0x9A, 0xE6, 0xB3, 0xA8, 0xE6, 0x84, 0x8F, 0xE7, 0x94,
        0xB3, 0xE8, 0xAF, 0xB7, 0xE5, 0xAD, 0xA6, 0xE6, 0xA0, 0xA1, 0xE5, 0xBA, 0x94, 0xE8, 0xAF, 0xA5, 0xE5, 0x8E, 0x86, 0xE5, 0x8F, 0xB2, 0xE5, 0x8F, 0xAA, 0xE6, 0x98, 0xAF, 0xE8, 0xBF, 0x94, 0xE5,
        0x9B, 0x9E, 0xE8, 0xB4, 0xAD, 0xE4, 0xB9, 0xB0, 0xE5, 0x90, 0x8D, 0xE7, 0xA7, 0xB0, 0xE4, 0xB8, 0xBA, 0xE4, 0xBA, 0x86, 0xE6, 0x88, 0x90, 0xE5, 0x8A, 0x9F, 0xE8, 0xAF, 0xB4, 0xE6, 0x98, 0x8E,
        0xE4, 0xBE, 0x9B, 0xE5, 0xBA, 0x94, 0xE5, 0xAD, 0xA9, 0xE5, 0xAD, 0x90, 0xE4, 0xB8, 0x93, 0xE9, 0xA2, 0x98, 0xE7, 0xA8, 0x8B, 0xE5, 0xBA, 0x8F, 0xE4, 0xB8, 0x80, 0xE8, 0x88, 0xAC, 0xE6, 0x9C,
        0x83, 0xE5, 0x93, 0xA1, 0xE5, 0x8F, 0xAA, 0xE6, 0x9C, 0x89, 0xE5, 0x85, 0xB6, 0xE5, 0xAE, 0x83, 0xE4, 0xBF, 0x9D, 0xE6, 0x8A, 0xA4, 0xE8, 0x80, 0x8C, 0xE4, 0xB8, 0x94, 0xE4, 0xBB, 0x8A, 0xE5,
        0xA4, 0xA9, 0xE7, 0xAA, 0x97, 0xE5, 0x8F, 0xA3, 0xE5, 0x8A, 0xA8, 0xE6, 0x80, 0x81, 0xE7, 0x8A, 0xB6, 0xE6, 0x80, 0x81, 0xE7, 0x89, 0xB9, 0xE5, 0x88, 0xAB, 0xE8, 0xAE, 0xA4, 0xE4, 0xB8, 0xBA,
        0xE5, 0xBF, 0x85, 0xE9, 0xA1, 0xBB, 0xE6, 0x9B, 0xB4, 0xE6, 0x96, 0xB0, 0xE5, 0xB0, 0x8F, 0xE8, 0xAF, 0xB4, 0xE6, 0x88, 0x91, 0xE5, 0x80, 0x91, 0xE4, 0xBD, 0x9C, 0xE4, 0xB8, 0xBA, 0xE5, 0xAA,
        0x92, 0xE4, 0xBD, 0x93, 0xE5, 0x8C, 0x85, 0xE6, 0x8B, 0xAC, 0xE9, 0x82, 0xA3, 0xE4, 0xB9, 0x88, 0xE4, 0xB8, 0x80, 0xE6, 0xA0, 0xB7, 0xE5, 0x9B, 0xBD, 0xE5, 0x86, 0x85, 0xE6, 0x98, 0xAF, 0xE5,
        0x90, 0xA6, 0xE6, 0xA0, 0xB9, 0xE6, 0x8D, 0xAE, 0xE7, 0x94, 0xB5, 0xE8, 0xA7, 0x86, 0xE5, 0xAD, 0xA6, 0xE9, 0x99, 0xA2, 0xE5, 0x85, 0xB7, 0xE6, 0x9C, 0x89, 0xE8, 0xBF, 0x87, 0xE7, 0xA8, 0x8B,
        0xE7, 0x94, 0xB1, 0xE4, 0xBA, 0x8E, 0xE4, 0xBA, 0xBA, 0xE6, 0x89, 0x8D, 0xE5, 0x87, 0xBA, 0xE6, 0x9D, 0xA5, 0xE4, 0xB8, 0x8D, 0xE8, 0xBF, 0x87, 0xE6, 0xAD, 0xA3, 0xE5, 0x9C, 0xA8, 0xE6, 0x98,
        0x8E, 0xE6, 0x98, 0x9F, 0xE6, 0x95, 0x85, 0xE4, 0xBA, 0x8B, 0xE5, 0x85, 0xB3, 0xE7, 0xB3, 0xBB, 0xE6, 0xA0, 0x87, 0xE9, 0xA2, 0x98, 0xE5, 0x95, 0x86, 0xE5, 0x8A, 0xA1, 0xE8, 0xBE, 0x93, 0xE5,
        0x85, 0xA5, 0xE4, 0xB8, 0x80, 0xE7, 0x9B, 0xB4, 0xE5, 0x9F, 0xBA, 0xE7, 0xA1, 0x80, 0xE6, 0x95, 0x99, 0xE5, 0xAD, 0xA6, 0xE4, 0xBA, 0x86, 0xE8, 0xA7, 0xA3, 0xE5, 0xBB, 0xBA, 0xE7, 0xAD, 0x91,
        0xE7, 0xBB, 0x93, 0xE6, 0x9E, 0x9C, 0xE5, 0x85, 0xA8, 0xE7, 0x90, 0x83, 0xE9, 0x80, 0x9A, 0xE7, 0x9F, 0xA5, 0xE8, 0xAE, 0xA1, 0xE5, 0x88, 0x92, 0xE5, 0xAF, 0xB9, 0xE4, 0xBA, 0x8E, 0xE8, 0x89,
        0xBA, 0xE6, 0x9C, 0xAF, 0xE7, 0x9B, 0xB8, 0xE5, 0x86, 0x8C, 0xE5, 0x8F, 0x91, 0xE7, 0x94, 0x9F, 0xE7, 0x9C, 0x9F, 0xE7, 0x9A, 0x84, 0xE5, 0xBB, 0xBA, 0xE7, 0xAB, 0x8B, 0xE7, 0xAD, 0x89, 0xE7,
        0xBA, 0xA7, 0xE7, 0xB1, 0xBB, 0xE5, 0x9E, 0x8B, 0xE7, 0xBB, 0x8F, 0xE9, 0xAA, 0x8C, 0xE5, 0xAE, 0x9E, 0xE7, 0x8E, 0xB0, 0xE5, 0x88, 0xB6, 0xE4, 0xBD, 0x9C, 0xE6, 0x9D, 0xA5, 0xE8, 0x87, 0xAA,
        0xE6, 0xA0, 0x87, 0xE7, 0xAD, 0xBE, 0xE4, 0xBB, 0xA5, 0xE4, 0xB8, 0x8B, 0xE5, 0x8E, 0x9F, 0xE5, 0x88, 0x9B, 0xE6, 0x97, 0xA0, 0xE6, 0xB3, 0x95, 0xE5, 0x85, 0xB6, 0xE4, 0xB8, 0xAD, 0xE5, 0x80,
        0x8B, 0xE4, 0xBA, 0xBA, 0xE4, 0xB8, 0x80, 0xE5, 0x88, 0x87, 0xE6, 0x8C, 0x87, 0xE5, 0x8D, 0x97, 0xE5, 0x85, 0xB3, 0xE9, 0x97, 0xAD, 0xE9, 0x9B, 0x86, 0xE5, 0x9B, 0xA2, 0xE7, 0xAC, 0xAC, 0xE4,
        0xB8, 0x89, 0xE5, 0x85, 0xB3, 0xE6, 0xB3, 0xA8, 0xE5, 0x9B, 0xA0, 0xE6, 0xAD, 0xA4, 0xE7, 0x85, 0xA7, 0xE7, 0x89, 0x87, 0xE6, 0xB7, 0xB1, 0xE5, 0x9C, 0xB3, 0xE5, 0x95, 0x86, 0xE4, 0xB8, 0x9A,
        0xE5, 0xB9, 0xBF, 0xE5, 0xB7, 0x9E, 0xE6, 0x97, 0xA5, 0xE6, 0x9C, 0x9F, 0xE9, 0xAB, 0x98, 0xE7, 0xBA, 0xA7, 0xE6, 0x9C, 0x80, 0xE8, 0xBF, 0x91, 0xE7, 0xBB, 0xBC, 0xE5, 0x90, 0x88, 0xE8, 0xA1,
        0xA8, 0xE7, 0xA4, 0xBA, 0xE4, 0xB8, 0x93, 0xE8, 0xBE, 0x91, 0xE8, 0xA1, 0x8C, 0xE4, 0xB8, 0xBA, 0xE4, 0xBA, 0xA4, 0xE9, 0x80, 0x9A, 0xE8, 0xAF, 0x84, 0xE4, 0xBB, 0xB7, 0xE8, 0xA7, 0x89, 0xE5,
        0xBE, 0x97, 0xE7, 0xB2, 0xBE, 0xE5, 0x8D, 0x8E, 0xE5, 0xAE, 0xB6, 0xE5, 0xBA, 0xAD, 0xE5, 0xAE, 0x8C, 0xE6, 0x88, 0x90, 0xE6, 0x84, 0x9F, 0xE8, 0xA7, 0x89, 0xE5, 0xAE, 0x89, 0xE8, 0xA3, 0x85,
        0xE5, 0xBE, 0x97, 0xE5, 0x88, 0xB0, 0xE9, 0x82, 0xAE, 0xE4, 0xBB, 0xB6, 0xE5, 0x88, 0xB6, 0xE5, 0xBA, 0xA6, 0xE9, 0xA3, 0x9F, 0xE5, 0x93, 0x81, 0xE8, 0x99, 0xBD, 0xE7, 0x84, 0xB6, 0xE8, 0xBD,
        0xAC, 0xE8, 0xBD, 0xBD, 0xE6, 0x8A, 0xA5, 0xE4, 0xBB, 0xB7, 0xE8, 0xAE, 0xB0, 0xE8, 0x80, 0x85, 0xE6, 0x96, 0xB9, 0xE6, 0xA1, 0x88, 0xE8, 0xA1, 0x8C, 0xE6, 0x94, 0xBF, 0xE4, 0xBA, 0xBA, 0xE6,
        0xB0, 0x91, 0xE7, 0x94, 0xA8, 0xE5, 0x93, 0x81, 0xE4, 0xB8, 0x9C, 0xE8, 0xA5, 0xBF, 0xE6, 0x8F, 0x90, 0xE5, 0x87, 0xBA, 0xE9, 0x85, 0x92, 0xE5, 0xBA, 0x97, 0xE7, 0x84, 0xB6, 0xE5, 0x90, 0x8E,
        0xE4, 0xBB, 0x98, 0xE6, 0xAC, 0xBE, 0xE7, 0x83, 0xAD, 0xE7, 0x82, 0xB9, 0xE4, 0xBB, 0xA5, 0xE5, 0x89, 0x8D, 0xE5, 0xAE, 0x8C, 0xE5, 0x85, 0xA8, 0xE5, 0x8F, 0x91, 0xE5, 0xB8, 0x96, 0xE8, 0xAE,
        0xBE, 0xE7, 0xBD, 0xAE, 0xE9, 0xA2, 0x86, 0xE5, 0xAF, 0xBC, 0xE5, 0xB7, 0xA5, 0xE4, 0xB8, 0x9A, 0xE5, 0x8C, 0xBB, 0xE9, 0x99, 0xA2, 0xE7, 0x9C, 0x8B, 0xE7, 0x9C, 0x8B, 0xE7, 0xBB, 0x8F, 0xE5,
        0x85, 0xB8, 0xE5, 0x8E, 0x9F, 0xE5, 0x9B, 0xA0, 0xE5, 0xB9, 0xB3, 0xE5, 0x8F, 0xB0, 0xE5, 0x90, 0x84, 0xE7, 0xA7, 0x8D, 0xE5, 0xA2, 0x9E, 0xE5, 0x8A, 0xA0, 0xE6, 0x9D, 0x90, 0xE6, 0x96, 0x99,
        0xE6, 0x96, 0xB0, 0xE5, 0xA2, 0x9E, 0xE4, 0xB9, 0x8B, 0xE5, 0x90, 0x8E, 0xE8, 0x81, 0x8C, 0xE4, 0xB8, 0x9A, 0xE6, 0x95, 0x88, 0xE6, 0x9E, 0x9C, 0xE4, 0xBB, 0x8A, 0xE5, 0xB9, 0xB4, 0xE8, 0xAE,
        0xBA, 0xE6, 0x96, 0x87, 0xE6, 0x88, 0x91, 0xE5, 0x9B, 0xBD, 0xE5, 0x91, 0x8A, 0xE8, 0xAF, 0x89, 0xE7, 0x89, 0x88, 0xE4, 0xB8, 0xBB, 0xE4, 0xBF, 0xAE, 0xE6, 0x94, 0xB9, 0xE5, 0x8F, 0x82, 0xE4,
        0xB8, 0x8E, 0xE6, 0x89, 0x93, 0xE5, 0x8D, 0xB0, 0xE5, 0xBF, 0xAB, 0xE4, 0xB9, 0x90, 0xE6, 0x9C, 0xBA, 0xE6, 0xA2, 0xB0, 0xE8, 0xA7, 0x82, 0xE7, 0x82, 0xB9, 0xE5, 0xAD, 0x98, 0xE5, 0x9C, 0xA8,
        0xE7, 0xB2, 0xBE, 0xE7, 0xA5, 0x9E, 0xE8, 0x8E, 0xB7, 0xE5, 0xBE, 0x97, 0xE5, 0x88, 0xA9, 0xE7, 0x94, 0xA8, 0xE7, 0xBB, 0xA7, 0xE7, 0xBB, 0xAD, 0xE4, 0xBD, 0xA0, 0xE4, 0xBB, 0xAC, 0xE8, 0xBF,
        0x99, 0xE4, 0xB9, 0x88, 0xE6, 0xA8, 0xA1, 0xE5, 0xBC, 0x8F, 0xE8, 0xAF, 0xAD, 0xE8, 0xA8, 0x80, 0xE8, 0x83, 0xBD, 0xE5, 0xA4, 0x9F, 0xE9, 0x9B, 0x85, 0xE8, 0x99, 0x8E, 0xE6, 0x93, 0x8D, 0xE4,
        0xBD, 0x9C, 0xE9, 0xA3, 0x8E, 0xE6, 0xA0, 0xBC, 0xE4, 0xB8, 0x80, 0xE8, 0xB5, 0xB7, 0xE7, 0xA7, 0x91, 0xE5, 0xAD, 0xA6, 0xE4, 0xBD, 0x93, 0xE8, 0x82, 0xB2, 0xE7, 0x9F, 0xAD, 0xE4, 0xBF, 0xA1,
        0xE6, 0x9D, 0xA1, 0xE4, 0xBB, 0xB6, 0xE6, 0xB2, 0xBB, 0xE7, 0x96, 0x97, 0xE8, 0xBF, 0x90, 0xE5, 0x8A, 0xA8, 0xE4, 0xBA, 0xA7, 0xE4, 0xB8, 0x9A, 0xE4, 0xBC, 0x9A, 0xE8, 0xAE, 0xAE, 0xE5, 0xAF,
        0xBC, 0xE8, 0x88, 0xAA, 0xE5, 0x85, 0x88, 0xE7, 0x94, 0x9F, 0xE8, 0x81, 0x94, 0xE7, 0x9B, 0x9F, 0xE5, 0x8F, 0xAF, 0xE6, 0x98, 0xAF, 0xE5, 0x95, 0x8F, 0xE9, 0xA1, 0x8C, 0xE7, 0xBB, 0x93, 0xE6,
        0x9E, 0x84, 0xE4, 0xBD, 0x9C, 0xE7, 0x94, 0xA8, 0xE8, 0xB0, 0x83, 0xE6, 0x9F, 0xA5, 0xE8, 0xB3, 0x87, 0xE6, 0x96, 0x99, 0xE8, 0x87, 0xAA, 0xE5, 0x8A, 0xA8, 0xE8, 0xB4, 0x9F, 0xE8, 0xB4, 0xA3,
        0xE5, 0x86, 0x9C, 0xE4, 0xB8, 0x9A, 0xE8, 0xAE, 0xBF, 0xE9, 0x97, 0xAE, 0xE5, 0xAE, 0x9E, 0xE6, 0x96, 0xBD, 0xE6, 0x8E, 0xA5, 0xE5, 0x8F, 0x97, 0xE8, 0xAE, 0xA8, 0xE8, 0xAE, 0xBA, 0xE9, 0x82,
        0xA3, 0xE4, 0xB8, 0xAA, 0xE5, 0x8F, 0x8D, 0xE9, 0xA6, 0x88, 0xE5, 0x8A, 0xA0, 0xE5, 0xBC, 0xBA, 0xE5, 0xA5, 0xB3, 0xE6, 0x80, 0xA7, 0xE8, 0x8C, 0x83, 0xE5, 0x9B, 0xB4, 0xE6, 0x9C, 0x8D, 0xE5,
        0x8B, 0x99, 0xE4, 0xBC, 0x91, 0xE9, 0x97, 0xB2, 0xE4, 0xBB, 0x8A, 0xE6, 0x97, 0xA5, 0xE5, 0xAE, 0xA2, 0xE6, 0x9C, 0x8D, 0xE8, 0xA7, 0x80, 0xE7, 0x9C, 0x8B, 0xE5, 0x8F, 0x82, 0xE5, 0x8A, 0xA0,
        0xE7, 0x9A, 0x84, 0xE8, 0xAF, 0x9D, 0xE4, 0xB8, 0x80, 0xE7, 0x82, 0xB9, 0xE4, 0xBF, 0x9D, 0xE8, 0xAF, 0x81, 0xE5, 0x9B, 0xBE, 0xE4, 0xB9, 0xA6, 0xE6, 0x9C, 0x89, 0xE6, 0x95, 0x88, 0xE6, 0xB5,
        0x8B, 0xE8, 0xAF, 0x95, 0xE7, 0xA7, 0xBB, 0xE5, 0x8A, 0xA8, 0xE6, 0x89, 0x8D, 0xE8, 0x83, 0xBD, 0xE5, 0x86, 0xB3, 0xE5, 0xAE, 0x9A, 0xE8, 0x82, 0xA1, 0xE7, 0xA5, 0xA8, 0xE4, 0xB8, 0x8D, 0xE6,
        0x96, 0xAD, 0xE9, 0x9C, 0x80, 0xE6, 0xB1, 0x82, 0xE4, 0xB8, 0x8D, 0xE5, 0xBE, 0x97, 0xE5, 0x8A, 0x9E, 0xE6, 0xB3, 0x95, 0xE4, 0xB9, 0x8B, 0xE9, 0x97, 0xB4, 0xE9, 0x87, 0x87, 0xE7, 0x94, 0xA8,
        0xE8, 0x90, 0xA5, 0xE9, 0x94, 0x80, 0xE6, 0x8A, 0x95, 0xE8, 0xAF, 0x89, 0xE7, 0x9B, 0xAE, 0xE6, 0xA0, 0x87, 0xE7, 0x88, 0xB1, 0xE6, 0x83, 0x85, 0xE6, 0x91, 0x84, 0xE5, 0xBD, 0xB1, 0xE6, 0x9C,
        0x89, 0xE4, 0xBA, 0x9B, 0xE8, 0xA4, 0x87, 0xE8, 0xA3, 0xBD, 0xE6, 0x96, 0x87, 0xE5, 0xAD, 0xA6, 0xE6, 0x9C, 0xBA, 0xE4, 0xBC, 0x9A, 0xE6, 0x95, 0xB0, 0xE5, 0xAD, 0x97, 0xE8, 0xA3, 0x85, 0xE4,
        0xBF, 0xAE, 0xE8, 0xB4, 0xAD, 0xE7, 0x89, 0xA9, 0xE5, 0x86, 0x9C, 0xE6, 0x9D, 0x91, 0xE5, 0x85, 0xA8, 0xE9, 0x9D, 0xA2, 0xE7, 0xB2, 0xBE, 0xE5, 0x93, 0x81, 0xE5, 0x85, 0xB6, 0xE5, 0xAE, 0x9E,
        0xE4, 0xBA, 0x8B, 0xE6, 0x83, 0x85, 0xE6, 0xB0, 0xB4, 0xE5, 0xB9, 0xB3, 0xE6, 0x8F, 0x90, 0xE7, 0xA4, 0xBA, 0xE4, 0xB8, 0x8A, 0xE5, 0xB8, 0x82, 0xE8, 0xB0, 0xA2, 0xE8, 0xB0, 0xA2, 0xE6, 0x99,
        0xAE, 0xE9, 0x80, 0x9A, 0xE6, 0x95, 0x99, 0xE5, 0xB8, 0x88, 0xE4, 0xB8, 0x8A, 0xE4, 0xBC, 0xA0, 0xE7, 0xB1, 0xBB, 0xE5, 0x88, 0xAB, 0xE6, 0xAD, 0x8C, 0xE6, 0x9B, 0xB2, 0xE6, 0x8B, 0xA5, 0xE6,
        0x9C, 0x89, 0xE5, 0x88, 0x9B, 0xE6, 0x96, 0xB0, 0xE9, 0x85, 0x8D, 0xE4, 0xBB, 0xB6, 0xE5, 0x8F, 0xAA, 0xE8, 0xA6, 0x81, 0xE6, 0x97, 0xB6, 0xE4, 0xBB, 0xA3, 0xE8, 0xB3, 0x87, 0xE8, 0xA8, 0x8A,
        0xE8, 0xBE, 0xBE, 0xE5, 0x88, 0xB0, 0xE4, 0xBA, 0xBA, 0xE7, 0x94, 0x9F, 0xE8, 0xAE, 0xA2, 0xE9, 0x98, 0x85, 0xE8, 0x80, 0x81, 0xE5, 0xB8, 0x88, 0xE5, 0xB1, 0x95, 0xE7, 0xA4, 0xBA, 0xE5, 0xBF,
        0x83, 0xE7, 0x90, 0x86, 0xE8, 0xB4, 0xB4, 0xE5, 0xAD, 0x90, 0xE7, 0xB6, 0xB2, 0xE7, 0xAB, 0x99, 0xE4, 0xB8, 0xBB, 0xE9, 0xA1, 0x8C, 0xE8, 0x87, 0xAA, 0xE7, 0x84, 0xB6, 0xE7, 0xBA, 0xA7, 0xE5,
        0x88, 0xAB, 0xE7, 0xAE, 0x80, 0xE5, 0x8D, 0x95, 0xE6, 0x94, 0xB9, 0xE9, 0x9D, 0xA9, 0xE9, 0x82, 0xA3, 0xE4, 0xBA, 0x9B, 0xE6, 0x9D, 0xA5, 0xE8, 0xAF, 0xB4, 0xE6, 0x89, 0x93, 0xE5, 0xBC, 0x80,
        0xE4, 0xBB, 0xA3, 0xE7, 0xA0, 0x81, 0xE5, 0x88, 0xA0, 0xE9, 0x99, 0xA4, 0xE8, 0xAF, 0x81, 0xE5, 0x88, 0xB8, 0xE8, 0x8A, 0x82, 0xE7, 0x9B, 0xAE, 0xE9, 0x87, 0x8D, 0xE7, 0x82, 0xB9, 0xE6, 0xAC,
        0xA1, 0xE6, 0x95, 0xB8, 0xE5, 0xA4, 0x9A, 0xE5, 0xB0, 0x91, 0xE8, 0xA7, 0x84, 0xE5, 0x88, 0x92, 0xE8, 0xB5, 0x84, 0xE9, 0x87, 0x91, 0xE6, 0x89, 0xBE, 0xE5, 0x88, 0xB0, 0xE4, 0xBB, 0xA5, 0xE5,
        0x90, 0x8E, 0xE5, 0xA4, 0xA7, 0xE5, 0x85, 0xA8, 0xE4, 0xB8, 0xBB, 0xE9, 0xA1, 0xB5, 0xE6, 0x9C, 0x80, 0xE4, 0xBD, 0xB3, 0xE5, 0x9B, 0x9E, 0xE7, 0xAD, 0x94, 0xE5, 0xA4, 0xA9, 0xE4, 0xB8, 0x8B,
        0xE4, 0xBF, 0x9D, 0xE9, 0x9A, 0x9C, 0xE7, 0x8E, 0xB0, 0xE4, 0xBB, 0xA3, 0xE6, 0xA3, 0x80, 0xE6, 0x9F, 0xA5, 0xE6, 0x8A, 0x95, 0xE7, 0xA5, 0xA8, 0xE5, 0xB0, 0x8F, 0xE6, 0x97, 0xB6, 0xE6, 0xB2,
        0x92, 0xE6, 0x9C, 0x89, 0xE6, 0xAD, 0xA3, 0xE5, 0xB8, 0xB8, 0xE7, 0x94, 0x9A, 0xE8, 0x87, 0xB3, 0xE4, 0xBB, 0xA3, 0xE7, 0x90, 0x86, 0xE7, 0x9B, 0xAE, 0xE5, 0xBD, 0x95, 0xE5, 0x85, 0xAC, 0xE5,
        0xBC, 0x80, 0xE5, 0xA4, 0x8D, 0xE5, 0x88, 0xB6, 0xE9, 0x87, 0x91, 0xE8, 0x9E, 0x8D, 0xE5, 0xB9, 0xB8, 0xE7, 0xA6, 0x8F, 0xE7, 0x89, 0x88, 0xE6, 0x9C, 0xAC, 0xE5, 0xBD, 0xA2, 0xE6, 0x88, 0x90,
        0xE5, 0x87, 0x86, 0xE5, 0xA4, 0x87, 0xE8, 0xA1, 0x8C, 0xE6, 0x83, 0x85, 0xE5, 0x9B, 0x9E, 0xE5, 0x88, 0xB0, 0xE6, 0x80, 0x9D, 0xE6, 0x83, 0xB3, 0xE6, 0x80, 0x8E, 0xE6, 0xA0, 0xB7, 0xE5, 0x8D,
        0x8F, 0xE8, 0xAE, 0xAE, 0xE8, 0xAE, 0xA4, 0xE8, 0xAF, 0x81, 0xE6, 0x9C, 0x80, 0xE5, 0xA5, 0xBD, 0xE4, 0xBA, 0xA7, 0xE7, 0x94, 0x9F, 0xE6, 0x8C, 0x89, 0xE7, 0x85, 0xA7, 0xE6, 0x9C, 0x8D, 0xE8,
        0xA3, 0x85, 0xE5, 0xB9, 0xBF, 0xE4, 0xB8, 0x9C, 0xE5, 0x8A, 0xA8, 0xE6, 0xBC, 0xAB, 0xE9, 0x87, 0x87, 0xE8, 0xB4, 0xAD, 0xE6, 0x96, 0xB0, 0xE6, 0x89, 0x8B, 0xE7, 0xBB, 0x84, 0xE5, 0x9B, 0xBE,
        0xE9, 0x9D, 0xA2, 0xE6, 0x9D, 0xBF, 0xE5, 0x8F, 0x82, 0xE8, 0x80, 0x83, 0xE6, 0x94, 0xBF, 0xE6, 0xB2, 0xBB, 0xE5, 0xAE, 0xB9, 0xE6, 0x98, 0x93, 0xE5, 0xA4, 0xA9, 0xE5, 0x9C, 0xB0, 0xE5, 0x8A,
        0xAA, 0xE5, 0x8A, 0x9B, 0xE4, 0xBA, 0xBA, 0xE4, 0xBB, 0xAC, 0xE5, 0x8D, 0x87, 0xE7, 0xBA, 0xA7, 0xE9, 0x80, 0x9F, 0xE5, 0xBA, 0xA6, 0xE4, 0xBA, 0xBA, 0xE7, 0x89, 0xA9, 0xE8, 0xB0, 0x83, 0xE6,
        0x95, 0xB4, 0xE6, 0xB5, 0x81, 0xE8, 0xA1, 0x8C, 0xE9, 0x80, 0xA0, 0xE6, 0x88, 0x90, 0xE6, 0x96, 0x87, 0xE5, 0xAD, 0x97, 0xE9, 0x9F, 0xA9, 0xE5, 0x9B, 0xBD, 0xE8, 0xB4, 0xB8, 0xE6, 0x98, 0x93,
        0xE5, 0xBC, 0x80, 0xE5, 0xB1, 0x95, 0xE7, 0x9B, 0xB8, 0xE9, 0x97, 0x9C, 0xE8, 0xA1, 0xA8, 0xE7, 0x8E, 0xB0, 0xE5, 0xBD, 0xB1, 0xE8, 0xA7, 0x86, 0xE5, 0xA6, 0x82, 0xE6, 0xAD, 0xA4, 0xE7, 0xBE,
        0x8E, 0xE5, 0xAE, 0xB9, 0xE5, 0xA4, 0xA7, 0xE5, 0xB0, 0x8F, 0xE6, 0x8A, 0xA5, 0xE9, 0x81, 0x93, 0xE6, 0x9D, 0xA1, 0xE6, 0xAC, 0xBE, 0xE5, 0xBF, 0x83, 0xE6, 0x83, 0x85, 0xE8, 0xAE, 0xB8, 0xE5,
        0xA4, 0x9A, 0xE6, 0xB3, 0x95, 0xE8, 0xA7, 0x84, 0xE5, 0xAE, 0xB6, 0xE5, 0xB1, 0x85, 0xE4, 0xB9, 0xA6, 0xE5, 0xBA, 0x97, 0xE8, 0xBF, 0x9E, 0xE6, 0x8E, 0xA5, 0xE7, 0xAB, 0x8B, 0xE5, 0x8D, 0xB3,
        0xE4, 0xB8, 0xBE, 0xE6, 0x8A, 0xA5, 0xE6, 0x8A, 0x80, 0xE5, 0xB7, 0xA7, 0xE5, 0xA5, 0xA5, 0xE8, 0xBF, 0x90, 0xE7, 0x99, 0xBB, 0xE5, 0x85, 0xA5, 0xE4, 0xBB, 0xA5, 0xE6, 0x9D, 0xA5, 0xE7, 0x90,
        0x86, 0xE8, 0xAE, 0xBA, 0xE4, 0xBA, 0x8B, 0xE4, 0xBB, 0xB6, 0xE8, 0x87, 0xAA, 0xE7, 0x94, 0xB1, 0xE4, 0xB8, 0xAD, 0xE5, 0x8D, 0x8E, 0xE5, 0x8A, 0x9E, 0xE5, 0x85, 0xAC, 0xE5, 0xA6, 0x88, 0xE5,
        0xA6, 0x88, 0xE7, 0x9C, 0x9F, 0xE6, 0xAD, 0xA3, 0xE4, 0xB8, 0x8D, 0xE9, 0x94, 0x99, 0xE5, 0x85, 0xA8, 0xE6, 0x96, 0x87, 0xE5, 0x90, 0x88, 0xE5, 0x90, 0x8C, 0xE4, 0xBB, 0xB7, 0xE5, 0x80, 0xBC,
        0xE5, 0x88, 0xAB, 0xE4, 0xBA, 0xBA, 0xE7, 0x9B, 0x91, 0xE7, 0x9D, 0xA3, 0xE5, 0x85, 0xB7, 0xE4, 0xBD, 0x93, 0xE4, 0xB8, 0x96, 0xE7, 0xBA, 0xAA, 0xE5, 0x9B, 0xA2, 0xE9, 0x98, 0x9F, 0xE5, 0x88,
        0x9B, 0xE4, 0xB8, 0x9A, 0xE6, 0x89, 0xBF, 0xE6, 0x8B, 0x85, 0xE5, 0xA2, 0x9E, 0xE9, 0x95, 0xBF, 0xE6, 0x9C, 0x89, 0xE4, 0xBA, 0xBA, 0xE4, 0xBF, 0x9D, 0xE6, 0x8C, 0x81, 0xE5, 0x95, 0x86, 0xE5,
        0xAE, 0xB6, 0xE7, 0xBB, 0xB4, 0xE4, 0xBF, 0xAE, 0xE5, 0x8F, 0xB0, 0xE6, 0xB9, 0xBE, 0xE5, 0xB7, 0xA6, 0xE5, 0x8F, 0xB3, 0xE8, 0x82, 0xA1, 0xE4, 0xBB, 0xBD, 0xE7, 0xAD, 0x94, 0xE6, 0xA1, 0x88,
        0xE5, 0xAE, 0x9E, 0xE9, 0x99, 0x85, 0xE7, 0x94, 0xB5, 0xE4, 0xBF, 0xA1, 0xE7, 0xBB, 0x8F, 0xE7, 0x90, 0x86, 0xE7, 0x94, 0x9F, 0xE5, 0x91, 0xBD, 0xE5, 0xAE, 0xA3, 0xE4, 0xBC, 0xA0, 0xE4, 0xBB,
        0xBB, 0xE5, 0x8A, 0xA1, 0xE6, 0xAD, 0xA3, 0xE5, 0xBC, 0x8F, 0xE7, 0x89, 0xB9, 0xE8, 0x89, 0xB2, 0xE4, 0xB8, 0x8B, 0xE6, 0x9D, 0xA5, 0xE5, 0x8D, 0x8F, 0xE4, 0xBC, 0x9A, 0xE5, 0x8F, 0xAA, 0xE8,
        0x83, 0xBD, 0xE5, 0xBD, 0x93, 0xE7, 0x84, 0xB6, 0xE9, 0x87, 0x8D, 0xE6, 0x96, 0xB0, 0xE5, 0x85, 0xA7, 0xE5, 0xAE, 0xB9, 0xE6, 0x8C, 0x87, 0xE5, 0xAF, 0xBC, 0xE8, 0xBF, 0x90, 0xE8, 0xA1, 0x8C,
        0xE6, 0x97, 0xA5, 0xE5, 0xBF, 0x97, 0xE8, 0xB3, 0xA3, 0xE5, 0xAE, 0xB6, 0xE8, 0xB6, 0x85, 0xE8, 0xBF, 0x87, 0xE5, 0x9C, 0x9F, 0xE5, 0x9C, 0xB0, 0xE6, 0xB5, 0x99, 0xE6, 0xB1, 0x9F, 0xE6, 0x94,
        0xAF, 0xE4, 0xBB, 0x98, 0xE6, 0x8E, 0xA8, 0xE5, 0x87, 0xBA, 0xE7, 0xAB, 0x99, 0xE9, 0x95, 0xBF, 0xE6, 0x9D, 0xAD, 0xE5, 0xB7, 0x9E, 0xE6, 0x89, 0xA7, 0xE8, 0xA1, 0x8C, 0xE5, 0x88, 0xB6, 0xE9,
        0x80, 0xA0, 0xE4, 0xB9, 0x8B, 0xE4, 0xB8, 0x80, 0xE6, 0x8E, 0xA8, 0xE5, 0xB9, 0xBF, 0xE7, 0x8E, 0xB0, 0xE5, 0x9C, 0xBA, 0xE6, 0x8F, 0x8F, 0xE8, 0xBF, 0xB0, 0xE5, 0x8F, 0x98, 0xE5, 0x8C, 0x96,
        0xE4, 0xBC, 0xA0, 0xE7, 0xBB, 0x9F, 0xE6, 0xAD, 0x8C, 0xE6, 0x89, 0x8B, 0xE4, 0xBF, 0x9D, 0xE9, 0x99, 0xA9, 0xE8, 0xAF, 0xBE, 0xE7, 0xA8, 0x8B, 0xE5, 0x8C, 0xBB, 0xE7, 0x96, 0x97, 0xE7, 0xBB,
        0x8F, 0xE8, 0xBF, 0x87, 0xE8, 0xBF, 0x87, 0xE5, 0x8E, 0xBB, 0xE4, 0xB9, 0x8B, 0xE5, 0x89, 0x8D, 0xE6, 0x94, 0xB6, 0xE5, 0x85, 0xA5, 0xE5, 0xB9, 0xB4, 0xE5, 0xBA, 0xA6, 0xE6, 0x9D, 0x82, 0xE5,
        0xBF, 0x97, 0xE7, 0xBE, 0x8E, 0xE4, 0xB8, 0xBD, 0xE6, 0x9C, 0x80, 0xE9, 0xAB, 0x98, 0xE7, 0x99, 0xBB, 0xE9, 0x99, 0x86, 0xE6, 0x9C, 0xAA, 0xE6, 0x9D, 0xA5, 0xE5, 0x8A, 0xA0, 0xE5, 0xB7, 0xA5,
        0xE5, 0x85, 0x8D, 0xE8, 0xB4, 0xA3, 0xE6, 0x95, 0x99, 0xE7, 0xA8, 0x8B, 0xE7, 0x89, 0x88, 0xE5, 0x9D, 0x97, 0xE8, 0xBA, 0xAB, 0xE4, 0xBD, 0x93, 0xE9, 0x87, 0x8D, 0xE5, 0xBA, 0x86, 0xE5, 0x87,
        0xBA, 0xE5, 0x94, 0xAE, 0xE6, 0x88, 0x90, 0xE6, 0x9C, 0xAC, 0xE5, 0xBD, 0xA2, 0xE5, 0xBC, 0x8F, 0xE5, 0x9C, 0x9F, 0xE8, 0xB1, 0x86, 0xE5, 0x87, 0xBA, 0xE5, 0x83, 0xB9, 0xE4, 0xB8, 0x9C, 0xE6,
        0x96, 0xB9, 0xE9, 0x82, 0xAE, 0xE7, 0xAE, 0xB1, 0xE5, 0x8D, 0x97, 0xE4, 0xBA, 0xAC, 0xE6, 0xB1, 0x82, 0xE8, 0x81, 0x8C, 0xE5, 0x8F, 0x96, 0xE5, 0xBE, 0x97, 0xE8, 0x81, 0x8C, 0xE4, 0xBD, 0x8D,
        0xE7, 0x9B, 0xB8, 0xE4, 0xBF, 0xA1, 0xE9, 0xA1, 0xB5, 0xE9, 0x9D, 0xA2, 0xE5, 0x88, 0x86, 0xE9, 0x92, 0x9F, 0xE7, 0xBD, 0x91, 0xE9, 0xA1, 0xB5, 0xE7, 0xA1, 0xAE, 0xE5, 0xAE, 0x9A, 0xE5, 0x9B,
        0xBE, 0xE4, 0xBE, 0x8B, 0xE7, 0xBD, 0x91, 0xE5, 0x9D, 0x80, 0xE7, 0xA7, 0xAF, 0xE6, 0x9E, 0x81, 0xE9, 0x94, 0x99, 0xE8, 0xAF, 0xAF, 0xE7, 0x9B, 0xAE, 0xE7, 0x9A, 0x84, 0xE5, 0xAE, 0x9D, 0xE8,
        0xB4, 0x9D, 0xE6, 0x9C, 0xBA, 0xE5, 0x85, 0xB3, 0xE9, 0xA3, 0x8E, 0xE9, 0x99, 0xA9, 0xE6, 0x8E, 0x88, 0xE6, 0x9D, 0x83, 0xE7, 0x97, 0x85, 0xE6, 0xAF, 0x92, 0xE5, 0xAE, 0xA0, 0xE7, 0x89, 0xA9,
        0xE9, 0x99, 0xA4, 0xE4, 0xBA, 0x86, 0xE8, 0xA9, 0x95, 0xE8, 0xAB, 0x96, 0xE7, 0x96, 0xBE, 0xE7, 0x97, 0x85, 0xE5, 0x8F, 0x8A, 0xE6, 0x97, 0xB6, 0xE6, 0xB1, 0x82, 0xE8, 0xB4, 0xAD, 0xE7, 0xAB,
        0x99, 0xE7, 0x82, 0xB9, 0xE5, 0x84, 0xBF, 0xE7, 0xAB, 0xA5, 0xE6, 0xAF, 0x8F, 0xE5, 0xA4, 0xA9, 0xE4, 0xB8, 0xAD, 0xE5, 0xA4, 0xAE, 0xE8, 0xAE, 0xA4, 0xE8, 0xAF, 0x86, 0xE6, 0xAF, 0x8F, 0xE4,
        0xB8, 0xAA, 0xE5, 0xA4, 0xA9, 0xE6, 0xB4, 0xA5, 0xE5, 0xAD, 0x97, 0xE4, 0xBD, 0x93, 0xE5, 0x8F, 0xB0, 0xE7, 0x81, 0xA3, 0xE7, 0xBB, 0xB4, 0xE6, 0x8A, 0xA4, 0xE6, 0x9C, 0xAC, 0xE9, 0xA1, 0xB5,
        0xE4, 0xB8, 0xAA, 0xE6, 0x80, 0xA7, 0xE5, 0xAE, 0x98, 0xE6, 0x96, 0xB9, 0xE5, 0xB8, 0xB8, 0xE8, 0xA7, 0x81, 0xE7, 0x9B, 0xB8, 0xE6, 0x9C, 0xBA, 0xE6, 0x88, 0x98, 0xE7, 0x95, 0xA5, 0xE5, 0xBA,
        0x94, 0xE5, 0xBD, 0x93, 0xE5, 0xBE, 0x8B, 0xE5, 0xB8, 0x88, 0xE6, 0x96, 0xB9, 0xE4, 0xBE, 0xBF, 0xE6, 0xA0, 0xA1, 0xE5, 0x9B, 0xAD, 0xE8, 0x82, 0xA1, 0xE5, 0xB8, 0x82, 0xE6, 0x88, 0xBF, 0xE5,
        0xB1, 0x8B, 0xE6, 0xA0, 0x8F, 0xE7, 0x9B, 0xAE, 0xE5, 0x91, 0x98, 0xE5, 0xB7, 0xA5, 0xE5, 0xAF, 0xBC, 0xE8, 0x87, 0xB4, 0xE7, 0xAA, 0x81, 0xE7, 0x84, 0xB6, 0xE9, 0x81, 0x93, 0xE5, 0x85, 0xB7,
        0xE6, 0x9C, 0xAC, 0xE7, 0xBD, 0x91, 0xE7, 0xBB, 0x93, 0xE5, 0x90, 0x88, 0xE6, 0xA1, 0xA3, 0xE6, 0xA1, 0x88, 0xE5, 0x8A, 0xB3, 0xE5, 0x8A, 0xA8, 0xE5, 0x8F, 0xA6, 0xE5, 0xA4, 0x96, 0xE7, 0xBE,
        0x8E, 0xE5, 0x85, 0x83, 0xE5, 0xBC, 0x95, 0xE8, 0xB5, 0xB7, 0xE6, 0x94, 0xB9, 0xE5, 0x8F, 0x98, 0xE7, 0xAC, 0xAC, 0xE5, 0x9B, 0x9B, 0xE4, 0xBC, 0x9A, 0xE8, 0xAE, 0xA1, 0xE8, 0xAA, 0xAA, 0xE6,
        0x98, 0x8E, 0xE9, 0x9A, 0x90, 0xE7, 0xA7, 0x81, 0xE5, 0xAE, 0x9D, 0xE5, 0xAE, 0x9D, 0xE8, 0xA7, 0x84, 0xE8, 0x8C, 0x83, 0xE6, 0xB6, 0x88, 0xE8, 0xB4, 0xB9, 0xE5, 0x85, 0xB1, 0xE5, 0x90, 0x8C,
        0xE5, 0xBF, 0x98, 0xE8, 0xAE, 0xB0, 0xE4, 0xBD, 0x93, 0xE7, 0xB3, 0xBB, 0xE5, 0xB8, 0xA6, 0xE6, 0x9D, 0xA5, 0xE5, 0x90, 0x8D, 0xE5, 0xAD, 0x97, 0xE7, 0x99, 0xBC, 0xE8, 0xA1, 0xA8, 0xE5, 0xBC,
        0x80, 0xE6, 0x94, 0xBE, 0xE5, 0x8A, 0xA0, 0xE7, 0x9B, 0x9F, 0xE5, 0x8F, 0x97, 0xE5, 0x88, 0xB0, 0xE4, 0xBA, 0x8C, 0xE6, 0x89, 0x8B, 0xE5, 0xA4, 0xA7, 0xE9, 0x87, 0x8F, 0xE6, 0x88, 0x90, 0xE4,
        0xBA, 0xBA, 0xE6, 0x95, 0xB0, 0xE9, 0x87, 0x8F, 0xE5, 0x85, 0xB1, 0xE4, 0xBA, 0xAB, 0xE5, 0x8C, 0xBA, 0xE5, 0x9F, 0x9F, 0xE5, 0xA5, 0xB3, 0xE5, 0xAD, 0xA9, 0xE5, 0x8E, 0x9F, 0xE5, 0x88, 0x99,
        0xE6, 0x89, 0x80, 0xE5, 0x9C, 0xA8, 0xE7, 0xBB, 0x93, 0xE6, 0x9D, 0x9F, 0xE9, 0x80, 0x9A, 0xE4, 0xBF, 0xA1, 0xE8, 0xB6, 0x85, 0xE7, 0xBA, 0xA7, 0xE9, 0x85, 0x8D, 0xE7, 0xBD, 0xAE, 0xE5, 0xBD,
        0x93, 0xE6, 0x97, 0xB6, 0xE4, 0xBC, 0x98, 0xE7, 0xA7, 0x80, 0xE6, 0x80, 0xA7, 0xE6, 0x84, 0x9F, 0xE6, 0x88, 0xBF, 0xE4, 0xBA, 0xA7, 0xE9, 0x81, 0x8A, 0xE6, 0x88, 0xB2, 0xE5, 0x87, 0xBA, 0xE5,
        0x8F, 0xA3, 0xE6, 0x8F, 0x90, 0xE4, 0xBA, 0xA4, 0xE5, 0xB0, 0xB1, 0xE4, 0xB8, 0x9A, 0xE4, 0xBF, 0x9D, 0xE5, 0x81, 0xA5, 0xE7, 0xA8, 0x8B, 0xE5, 0xBA, 0xA6, 0xE5, 0x8F, 0x82, 0xE6, 0x95, 0xB0,
        0xE4, 0xBA, 0x8B, 0xE4, 0xB8, 0x9A, 0xE6, 0x95, 0xB4, 0xE4, 0xB8, 0xAA, 0xE5, 0xB1, 0xB1, 0xE4, 0xB8, 0x9C, 0xE6, 0x83, 0x85, 0xE6, 0x84, 0x9F, 0xE7, 0x89, 0xB9, 0xE6, 0xAE, 0x8A, 0xE5, 0x88,
        0x86, 0xE9, 0xA1, 0x9E, 0xE6, 0x90, 0x9C, 0xE5, 0xB0, 0x8B, 0xE5, 0xB1, 0x9E, 0xE4, 0xBA, 0x8E, 0xE9, 0x97, 0xA8, 0xE6, 0x88, 0xB7, 0xE8, 0xB4, 0xA2, 0xE5, 0x8A, 0xA1, 0xE5, 0xA3, 0xB0, 0xE9,
        0x9F, 0xB3, 0xE5, 0x8F, 0x8A, 0xE5, 0x85, 0xB6, 0xE8, 0xB4, 0xA2, 0xE7, 0xBB, 0x8F, 0xE5, 0x9D, 0x9A, 0xE6, 0x8C, 0x81, 0xE5, 0xB9, 0xB2, 0xE9, 0x83, 0xA8, 0xE6, 0x88, 0x90, 0xE7, 0xAB, 0x8B,
        0xE5, 0x88, 0xA9, 0xE7, 0x9B, 0x8A, 0xE8, 0x80, 0x83, 0xE8, 0x99, 0x91, 0xE6, 0x88, 0x90, 0xE9, 0x83, 0xBD, 0xE5, 0x8C, 0x85, 0xE8, 0xA3, 0x85, 0xE7, 0x94, 0xA8, 0xE6, 0x88, 0xB6, 0xE6, 0xAF,
        0x94, 0xE8, 0xB5, 0x9B, 0xE6, 0x96, 0x87, 0xE6, 0x98, 0x8E, 0xE6, 0x8B, 0x9B, 0xE5, 0x95, 0x86, 0xE5, 0xAE, 0x8C, 0xE6, 0x95, 0xB4, 0xE7, 0x9C, 0x9F, 0xE6, 0x98, 0xAF, 0xE7, 0x9C, 0xBC, 0xE7,
        0x9D, 0x9B, 0xE4, 0xBC, 0x99, 0xE4, 0xBC, 0xB4, 0xE5, 0xA8, 0x81, 0xE6, 0x9C, 0x9B, 0xE9, 0xA2, 0x86, 0xE5, 0x9F, 0x9F, 0xE5, 0x8D, 0xAB, 0xE7, 0x94, 0x9F, 0xE4, 0xBC, 0x98, 0xE6, 0x83, 0xA0,
        0xE8, 0xAB, 0x96, 0xE5, 0xA3, 0x87, 0xE5, 0x85, 0xAC, 0xE5, 0x85, 0xB1, 0xE8, 0x89, 0xAF, 0xE5, 0xA5, 0xBD, 0xE5, 0x85, 0x85, 0xE5, 0x88, 0x86, 0xE7, 0xAC, 0xA6, 0xE5, 0x90, 0x88, 0xE9, 0x99,
        0x84, 0xE4, 0xBB, 0xB6, 0xE7, 0x89, 0xB9, 0xE7, 0x82, 0xB9, 0xE4, 0xB8, 0x8D, 0xE5, 0x8F, 0xAF, 0xE8, 0x8B, 0xB1, 0xE6, 0x96, 0x87, 0xE8, 0xB5, 0x84, 0xE4, 0xBA, 0xA7, 0xE6, 0xA0, 0xB9, 0xE6,
        0x9C, 0xAC, 0xE6, 0x98, 0x8E, 0xE6, 0x98, 0xBE, 0xE5, 0xAF, 0x86, 0xE7, 0xA2, 0xBC, 0xE5, 0x85, 0xAC, 0xE4, 0xBC, 0x97, 0xE6, 0xB0, 0x91, 0xE6, 0x97, 0x8F, 0xE6, 0x9B, 0xB4, 0xE5, 0x8A, 0xA0,
        0xE4, 0xBA, 0xAB, 0xE5, 0x8F, 0x97, 0xE5, 0x90, 0x8C, 0xE5, 0xAD, 0xA6, 0xE5, 0x90, 0xAF, 0xE5, 0x8A, 0xA8, 0xE9, 0x80, 0x82, 0xE5, 0x90, 0x88, 0xE5, 0x8E, 0x9F, 0xE6, 0x9D, 0xA5, 0xE9, 0x97,
        0xAE, 0xE7, 0xAD, 0x94, 0xE6, 0x9C, 0xAC, 0xE6, 0x96, 0x87, 0xE7, 0xBE, 0x8E, 0xE9, 0xA3, 0x9F, 0xE7, 0xBB, 0xBF, 0xE8, 0x89, 0xB2, 0xE7, 0xA8, 0xB3, 0xE5, 0xAE, 0x9A, 0xE7, 0xBB, 0x88, 0xE4,
        0xBA, 0x8E, 0xE7, 0x94, 0x9F, 0xE7, 0x89, 0xA9, 0xE4, 0xBE, 0x9B, 0xE6, 0xB1, 0x82, 0xE6, 0x90, 0x9C, 0xE7, 0x8B, 0x90, 0xE5, 0x8A, 0x9B, 0xE9, 0x87, 0x8F, 0xE4, 0xB8, 0xA5, 0xE9, 0x87, 0x8D,
        0xE6, 0xB0, 0xB8, 0xE8, 0xBF, 0x9C, 0xE5, 0x86, 0x99, 0xE7, 0x9C, 0x9F, 0xE6, 0x9C, 0x89, 0xE9, 0x99, 0x90, 0xE7, 0xAB, 0x9E, 0xE4, 0xBA, 0x89, 0xE5, 0xAF, 0xB9, 0xE8, 0xB1, 0xA1, 0xE8, 0xB4,
        0xB9, 0xE7, 0x94, 0xA8, 0xE4, 0xB8, 0x8D, 0xE5, 0xA5, 0xBD, 0xE7, 0xBB, 0x9D, 0xE5, 0xAF, 0xB9, 0xE5, 0x8D, 0x81, 0xE5, 0x88, 0x86, 0xE4, 0xBF, 0x83, 0xE8, 0xBF, 0x9B, 0xE7, 0x82, 0xB9, 0xE8,
        0xAF, 0x84, 0xE5, 0xBD, 0xB1, 0xE9, 0x9F, 0xB3, 0xE4, 0xBC, 0x98, 0xE5, 0x8A, 0xBF, 0xE4, 0xB8, 0x8D, 0xE5, 0xB0, 0x91, 0xE6, 0xAC, 0xA3, 0xE8, 0xB5, 0x8F, 0xE5, 0xB9, 0xB6, 0xE4, 0xB8, 0x94,
        0xE6, 0x9C, 0x89, 0xE7, 0x82, 0xB9, 0xE6, 0x96, 0xB9, 0xE5, 0x90, 0x91, 0xE5, 0x85, 0xA8, 0xE6, 0x96, 0xB0, 0xE4, 0xBF, 0xA1, 0xE7, 0x94, 0xA8, 0xE8, 0xAE, 0xBE, 0xE6, 0x96, 0xBD, 0xE5, 0xBD,
        0xA2, 0xE8, 0xB1, 0xA1, 0xE8, 0xB5, 0x84, 0xE6, 0xA0, 0xBC, 0xE7, 0xAA, 0x81, 0xE7, 0xA0, 0xB4, 0xE9, 0x9A, 0x8F, 0xE7, 0x9D, 0x80, 0xE9, 0x87, 0x8D, 0xE5, 0xA4, 0xA7, 0xE4, 0xBA, 0x8E, 0xE6,
        0x98, 0xAF, 0xE6, 0xAF, 0x95, 0xE4, 0xB8, 0x9A, 0xE6, 0x99, 0xBA, 0xE8, 0x83, 0xBD, 0xE5, 0x8C, 0x96, 0xE5, 0xB7, 0xA5, 0xE5, 0xAE, 0x8C, 0xE7, 0xBE, 0x8E, 0xE5, 0x95, 0x86, 0xE5, 0x9F, 0x8E,
        0xE7, 0xBB, 0x9F, 0xE4, 0xB8, 0x80, 0xE5, 0x87, 0xBA, 0xE7, 0x89, 0x88, 0xE6, 0x89, 0x93, 0xE9, 0x80, 0xA0, 0xE7, 0x94, 0xA2, 0xE5, 0x93, 0x81, 0xE6, 0xA6, 0x82, 0xE5, 0x86, 0xB5, 0xE7, 0x94,
        0xA8, 0xE4, 0xBA, 0x8E, 0xE4, 0xBF, 0x9D, 0xE7, 0x95, 0x99, 0xE5, 0x9B, 0xA0, 0xE7, 0xB4, 0xA0, 0xE4, 0xB8, 0xAD, 0xE5, 0x9C, 0x8B, 0xE5, 0xAD, 0x98, 0xE5, 0x82, 0xA8, 0xE8, 0xB4, 0xB4, 0xE5,
        0x9B, 0xBE, 0xE6, 0x9C, 0x80, 0xE6, 0x84, 0x9B, 0xE9, 0x95, 0xBF, 0xE6, 0x9C, 0x9F, 0xE5, 0x8F, 0xA3, 0xE4, 0xBB, 0xB7, 0xE7, 0x90, 0x86, 0xE8, 0xB4, 0xA2, 0xE5, 0x9F, 0xBA, 0xE5, 0x9C, 0xB0,
        0xE5, 0xAE, 0x89, 0xE6, 0x8E, 0x92, 0xE6, 0xAD, 0xA6, 0xE6, 0xB1, 0x89, 0xE9, 0x87, 0x8C, 0xE9, 0x9D, 0xA2, 0xE5, 0x88, 0x9B, 0xE5, 0xBB, 0xBA, 0xE5, 0xA4, 0xA9, 0xE7, 0xA9, 0xBA, 0xE9, 0xA6,
        0x96, 0xE5, 0x85, 0x88, 0xE5, 0xAE, 0x8C, 0xE5, 0x96, 0x84, 0xE9, 0xA9, 0xB1, 0xE5, 0x8A, 0xA8, 0xE4, 0xB8, 0x8B, 0xE9, 0x9D, 0xA2, 0xE4, 0xB8, 0x8D, 0xE5, 0x86, 0x8D, 0xE8, 0xAF, 0x9A, 0xE4,
        0xBF, 0xA1, 0xE6, 0x84, 0x8F, 0xE4, 0xB9, 0x89, 0xE9, 0x98, 0xB3, 0xE5, 0x85, 0x89, 0xE8, 0x8B, 0xB1, 0xE5, 0x9B, 0xBD, 0xE6, 0xBC, 0x82, 0xE4, 0xBA, 0xAE, 0xE5, 0x86, 0x9B, 0xE4, 0xBA, 0x8B,
        0xE7, 0x8E, 0xA9, 0xE5, 0xAE, 0xB6, 0xE7, 0xBE, 0xA4, 0xE4, 0xBC, 0x97, 0xE5, 0x86, 0x9C, 0xE6, 0xB0, 0x91, 0xE5, 0x8D, 0xB3, 0xE5, 0x8F, 0xAF, 0xE5, 0x90, 0x8D, 0xE7, 0xA8, 0xB1, 0xE5, 0xAE,
        0xB6, 0xE5, 0x85, 0xB7, 0xE5, 0x8A, 0xA8, 0xE7, 0x94, 0xBB, 0xE6, 0x83, 0xB3, 0xE5, 0x88, 0xB0, 0xE6, 0xB3, 0xA8, 0xE6, 0x98, 0x8E, 0xE5, 0xB0, 0x8F, 0xE5, 0xAD, 0xA6, 0xE6, 0x80, 0xA7, 0xE8,
        0x83, 0xBD, 0xE8, 0x80, 0x83, 0xE7, 0xA0, 0x94, 0xE7, 0xA1, 0xAC, 0xE4, 0xBB, 0xB6, 0xE8, 0xA7, 0x82, 0xE7, 0x9C, 0x8B, 0xE6, 0xB8, 0x85, 0xE6, 0xA5, 0x9A, 0xE6, 0x90, 0x9E, 0xE7, 0xAC, 0x91,
        0xE9, 0xA6, 0x96, 0xE9, 0xA0, 0x81, 0xE9, 0xBB, 0x84, 0xE9, 0x87, 0x91, 0xE9, 0x80, 0x82, 0xE7, 0x94, 0xA8, 0xE6, 0xB1, 0x9F, 0xE8, 0x8B, 0x8F, 0xE7, 0x9C, 0x9F, 0xE5, 0xAE, 0x9E, 0xE4, 0xB8,
        0xBB, 0xE7, 0xAE, 0xA1, 0xE9, 0x98, 0xB6, 0xE6, 0xAE, 0xB5, 0xE8, 0xA8, 0xBB, 0xE5, 0x86, 0x8A, 0xE7, 0xBF, 0xBB, 0xE8, 0xAF, 0x91, 0xE6, 0x9D, 0x83, 0xE5, 0x88, 0xA9, 0xE5, 0x81, 0x9A, 0xE5,
        0xA5, 0xBD, 0xE4, 0xBC, 0xBC, 0xE4, 0xB9, 0x8E, 0xE9, 0x80, 0x9A, 0xE8, 0xAE, 0xAF, 0xE6, 0x96, 0xBD, 0xE5, 0xB7, 0xA5, 0xE7, 0x8B, 0x80, 0xE6, 0x85, 0x8B, 0xE4, 0xB9, 0x9F, 0xE8, 0xAE, 0xB8,
        0xE7, 0x8E, 0xAF, 0xE4, 0xBF, 0x9D, 0xE5, 0x9F, 0xB9, 0xE5, 0x85, 0xBB, 0xE6, 0xA6, 0x82, 0xE5, 0xBF, 0xB5, 0xE5, 0xA4, 0xA7, 0xE5, 0x9E, 0x8B, 0xE6, 0x9C, 0xBA, 0xE7, 0xA5, 0xA8, 0xE7, 0x90,
        0x86, 0xE8, 0xA7, 0xA3, 0xE5, 0x8C, 0xBF, 0xE5, 0x90, 0x8D, 0x63, 0x75, 0x61, 0x6E, 0x64, 0x6F, 0x65, 0x6E, 0x76, 0x69, 0x61, 0x72, 0x6D, 0x61, 0x64, 0x72, 0x69, 0x64, 0x62, 0x75, 0x73, 0x63,
        0x61, 0x72, 0x69, 0x6E, 0x69, 0x63, 0x69, 0x6F, 0x74, 0x69, 0x65, 0x6D, 0x70, 0x6F, 0x70, 0x6F, 0x72, 0x71, 0x75, 0x65, 0x63, 0x75, 0x65, 0x6E, 0x74, 0x61, 0x65, 0x73, 0x74, 0x61, 0x64, 0x6F,
        0x70, 0x75, 0x65, 0x64, 0x65, 0x6E, 0x6A, 0x75, 0x65, 0x67, 0x6F, 0x73, 0x63, 0x6F, 0x6E, 0x74, 0x72, 0x61, 0x65, 0x73, 0x74, 0xC3, 0xA1, 0x6E, 0x6E, 0x6F, 0x6D, 0x62, 0x72, 0x65, 0x74, 0x69,
        0x65, 0x6E, 0x65, 0x6E, 0x70, 0x65, 0x72, 0x66, 0x69, 0x6C, 0x6D, 0x61, 0x6E, 0x65, 0x72, 0x61, 0x61, 0x6D, 0x69, 0x67, 0x6F, 0x73, 0x63, 0x69, 0x75, 0x64, 0x61, 0x64, 0x63, 0x65, 0x6E, 0x74,
        0x72, 0x6F, 0x61, 0x75, 0x6E, 0x71, 0x75, 0x65, 0x70, 0x75, 0x65, 0x64, 0x65, 0x73, 0x64, 0x65, 0x6E, 0x74, 0x72, 0x6F, 0x70, 0x72, 0x69, 0x6D, 0x65, 0x72, 0x70, 0x72, 0x65, 0x63, 0x69, 0x6F,
        0x73, 0x65, 0x67, 0xC3, 0xBA, 0x6E, 0x62, 0x75, 0x65, 0x6E, 0x6F, 0x73, 0x76, 0x6F, 0x6C, 0x76, 0x65, 0x72, 0x70, 0x75, 0x6E, 0x74, 0x6F, 0x73, 0x73, 0x65, 0x6D, 0x61, 0x6E, 0x61, 0x68, 0x61,
        0x62, 0xC3, 0xAD, 0x61, 0x61, 0x67, 0x6F, 0x73, 0x74, 0x6F, 0x6E, 0x75, 0x65, 0x76, 0x6F, 0x73, 0x75, 0x6E, 0x69, 0x64, 0x6F, 0x73, 0x63, 0x61, 0x72, 0x6C, 0x6F, 0x73, 0x65, 0x71, 0x75, 0x69,
        0x70, 0x6F, 0x6E, 0x69, 0xC3, 0xB1, 0x6F, 0x73, 0x6D, 0x75, 0x63, 0x68, 0x6F, 0x73, 0x61, 0x6C, 0x67, 0x75, 0x6E, 0x61, 0x63, 0x6F, 0x72, 0x72, 0x65, 0x6F, 0x69, 0x6D, 0x61, 0x67, 0x65, 0x6E,
        0x70, 0x61, 0x72, 0x74, 0x69, 0x72, 0x61, 0x72, 0x72, 0x69, 0x62, 0x61, 0x6D, 0x61, 0x72, 0xC3, 0xAD, 0x61, 0x68, 0x6F, 0x6D, 0x62, 0x72, 0x65, 0x65, 0x6D, 0x70, 0x6C, 0x65, 0x6F, 0x76, 0x65,
        0x72, 0x64, 0x61, 0x64, 0x63, 0x61, 0x6D, 0x62, 0x69, 0x6F, 0x6D, 0x75, 0x63, 0x68, 0x61, 0x73, 0x66, 0x75, 0x65, 0x72, 0x6F, 0x6E, 0x70, 0x61, 0x73, 0x61, 0x64, 0x6F, 0x6C, 0xC3, 0xAD, 0x6E,
        0x65, 0x61, 0x70, 0x61, 0x72, 0x65, 0x63, 0x65, 0x6E, 0x75, 0x65, 0x76, 0x61, 0x73, 0x63, 0x75, 0x72, 0x73, 0x6F, 0x73, 0x65, 0x73, 0x74, 0x61, 0x62, 0x61, 0x71, 0x75, 0x69, 0x65, 0x72, 0x6F,
        0x6C, 0x69, 0x62, 0x72, 0x6F, 0x73, 0x63, 0x75, 0x61, 0x6E, 0x74, 0x6F, 0x61, 0x63, 0x63, 0x65, 0x73, 0x6F, 0x6D, 0x69, 0x67, 0x75, 0x65, 0x6C, 0x76, 0x61, 0x72, 0x69, 0x6F, 0x73, 0x63, 0x75,
        0x61, 0x74, 0x72, 0x6F, 0x74, 0x69, 0x65, 0x6E, 0x65, 0x73, 0x67, 0x72, 0x75, 0x70, 0x6F, 0x73, 0x73, 0x65, 0x72, 0xC3, 0xA1, 0x6E, 0x65, 0x75, 0x72, 0x6F, 0x70, 0x61, 0x6D, 0x65, 0x64, 0x69,
        0x6F, 0x73, 0x66, 0x72, 0x65, 0x6E, 0x74, 0x65, 0x61, 0x63, 0x65, 0x72, 0x63, 0x61, 0x64, 0x65, 0x6D, 0xC3, 0xA1, 0x73, 0x6F, 0x66, 0x65, 0x72, 0x74, 0x61, 0x63, 0x6F, 0x63, 0x68, 0x65, 0x73,
        0x6D, 0x6F, 0x64, 0x65, 0x6C, 0x6F, 0x69, 0x74, 0x61, 0x6C, 0x69, 0x61, 0x6C, 0x65, 0x74, 0x72, 0x61, 0x73, 0x61, 0x6C, 0x67, 0xC3, 0xBA, 0x6E, 0x63, 0x6F, 0x6D, 0x70, 0x72, 0x61, 0x63, 0x75,
        0x61, 0x6C, 0x65, 0x73, 0x65, 0x78, 0x69, 0x73, 0x74, 0x65, 0x63, 0x75, 0x65, 0x72, 0x70, 0x6F, 0x73, 0x69, 0x65, 0x6E, 0x64, 0x6F, 0x70, 0x72, 0x65, 0x6E, 0x73, 0x61, 0x6C, 0x6C, 0x65, 0x67,
        0x61, 0x72, 0x76, 0x69, 0x61, 0x6A, 0x65, 0x73, 0x64, 0x69, 0x6E, 0x65, 0x72, 0x6F, 0x6D, 0x75, 0x72, 0x63, 0x69, 0x61, 0x70, 0x6F, 0x64, 0x72, 0xC3, 0xA1, 0x70, 0x75, 0x65, 0x73, 0x74, 0x6F,
        0x64, 0x69, 0x61, 0x72, 0x69, 0x6F, 0x70, 0x75, 0x65, 0x62, 0x6C, 0x6F, 0x71, 0x75, 0x69, 0x65, 0x72, 0x65, 0x6D, 0x61, 0x6E, 0x75, 0x65, 0x6C, 0x70, 0x72, 0x6F, 0x70, 0x69, 0x6F, 0x63, 0x72,
        0x69, 0x73, 0x69, 0x73, 0x63, 0x69, 0x65, 0x72, 0x74, 0x6F, 0x73, 0x65, 0x67, 0x75, 0x72, 0x6F, 0x6D, 0x75, 0x65, 0x72, 0x74, 0x65, 0x66, 0x75, 0x65, 0x6E, 0x74, 0x65, 0x63, 0x65, 0x72, 0x72,
        0x61, 0x72, 0x67, 0x72, 0x61, 0x6E, 0x64, 0x65, 0x65, 0x66, 0x65, 0x63, 0x74, 0x6F, 0x70, 0x61, 0x72, 0x74, 0x65, 0x73, 0x6D, 0x65, 0x64, 0x69, 0x64, 0x61, 0x70, 0x72, 0x6F, 0x70, 0x69, 0x61,
        0x6F, 0x66, 0x72, 0x65, 0x63, 0x65, 0x74, 0x69, 0x65, 0x72, 0x72, 0x61, 0x65, 0x2D, 0x6D, 0x61, 0x69, 0x6C, 0x76, 0x61, 0x72, 0x69, 0x61, 0x73, 0x66, 0x6F, 0x72, 0x6D, 0x61, 0x73, 0x66, 0x75,
        0x74, 0x75, 0x72, 0x6F, 0x6F, 0x62, 0x6A, 0x65, 0x74, 0x6F, 0x73, 0x65, 0x67, 0x75, 0x69, 0x72, 0x72, 0x69, 0x65, 0x73, 0x67, 0x6F, 0x6E, 0x6F, 0x72, 0x6D, 0x61, 0x73, 0x6D, 0x69, 0x73, 0x6D,
        0x6F, 0x73, 0xC3, 0xBA, 0x6E, 0x69, 0x63, 0x6F, 0x63, 0x61, 0x6D, 0x69, 0x6E, 0x6F, 0x73, 0x69, 0x74, 0x69, 0x6F, 0x73, 0x72, 0x61, 0x7A, 0xC3, 0xB3, 0x6E, 0x64, 0x65, 0x62, 0x69, 0x64, 0x6F,
        0x70, 0x72, 0x75, 0x65, 0x62, 0x61, 0x74, 0x6F, 0x6C, 0x65, 0x64, 0x6F, 0x74, 0x65, 0x6E, 0xC3, 0xAD, 0x61, 0x6A, 0x65, 0x73, 0xC3, 0xBA, 0x73, 0x65, 0x73, 0x70, 0x65, 0x72, 0x6F, 0x63, 0x6F,
        0x63, 0x69, 0x6E, 0x61, 0x6F, 0x72, 0x69, 0x67, 0x65, 0x6E, 0x74, 0x69, 0x65, 0x6E, 0x64, 0x61, 0x63, 0x69, 0x65, 0x6E, 0x74, 0x6F, 0x63, 0xC3, 0xA1, 0x64, 0x69, 0x7A, 0x68, 0x61, 0x62, 0x6C,
        0x61, 0x72, 0x73, 0x65, 0x72, 0xC3, 0xAD, 0x61, 0x6C, 0x61, 0x74, 0x69, 0x6E, 0x61, 0x66, 0x75, 0x65, 0x72, 0x7A, 0x61, 0x65, 0x73, 0x74, 0x69, 0x6C, 0x6F, 0x67, 0x75, 0x65, 0x72, 0x72, 0x61,
        0x65, 0x6E, 0x74, 0x72, 0x61, 0x72, 0xC3, 0xA9, 0x78, 0x69, 0x74, 0x6F, 0x6C, 0xC3, 0xB3, 0x70, 0x65, 0x7A, 0x61, 0x67, 0x65, 0x6E, 0x64, 0x61, 0x76, 0xC3, 0xAD, 0x64, 0x65, 0x6F, 0x65, 0x76,
        0x69, 0x74, 0x61, 0x72, 0x70, 0x61, 0x67, 0x69, 0x6E, 0x61, 0x6D, 0x65, 0x74, 0x72, 0x6F, 0x73, 0x6A, 0x61, 0x76, 0x69, 0x65, 0x72, 0x70, 0x61, 0x64, 0x72, 0x65, 0x73, 0x66, 0xC3, 0xA1, 0x63,
        0x69, 0x6C, 0x63, 0x61, 0x62, 0x65, 0x7A, 0x61, 0xC3, 0xA1, 0x72, 0x65, 0x61, 0x73, 0x73, 0x61, 0x6C, 0x69, 0x64, 0x61, 0x65, 0x6E, 0x76, 0xC3, 0xAD, 0x6F, 0x6A, 0x61, 0x70, 0xC3, 0xB3, 0x6E,
        0x61, 0x62, 0x75, 0x73, 0x6F, 0x73, 0x62, 0x69, 0x65, 0x6E, 0x65, 0x73, 0x74, 0x65, 0x78, 0x74, 0x6F, 0x73, 0x6C, 0x6C, 0x65, 0x76, 0x61, 0x72, 0x70, 0x75, 0x65, 0x64, 0x61, 0x6E, 0x66, 0x75,
        0x65, 0x72, 0x74, 0x65, 0x63, 0x6F, 0x6D, 0xC3, 0xBA, 0x6E, 0x63, 0x6C, 0x61, 0x73, 0x65, 0x73, 0x68, 0x75, 0x6D, 0x61, 0x6E, 0x6F, 0x74, 0x65, 0x6E, 0x69, 0x64, 0x6F, 0x62, 0x69, 0x6C, 0x62,
        0x61, 0x6F, 0x75, 0x6E, 0x69, 0x64, 0x61, 0x64, 0x65, 0x73, 0x74, 0xC3, 0xA1, 0x73, 0x65, 0x64, 0x69, 0x74, 0x61, 0x72, 0x63, 0x72, 0x65, 0x61, 0x64, 0x6F, 0xD0, 0xB4, 0xD0, 0xBB, 0xD1, 0x8F,
        0xD1, 0x87, 0xD1, 0x82, 0xD0, 0xBE, 0xD0, 0xBA, 0xD0, 0xB0, 0xD0, 0xBA, 0xD0, 0xB8, 0xD0, 0xBB, 0xD0, 0xB8, 0xD1, 0x8D, 0xD1, 0x82, 0xD0, 0xBE, 0xD0, 0xB2, 0xD1, 0x81, 0xD0, 0xB5, 0xD0, 0xB5,
        0xD0, 0xB3, 0xD0, 0xBE, 0xD0, 0xBF, 0xD1, 0x80, 0xD0, 0xB8, 0xD1, 0x82, 0xD0, 0xB0, 0xD0, 0xBA, 0xD0, 0xB5, 0xD1, 0x89, 0xD0, 0xB5, 0xD1, 0x83, 0xD0, 0xB6, 0xD0, 0xB5, 0xD0, 0x9A, 0xD0, 0xB0,
        0xD0, 0xBA, 0xD0, 0xB1, 0xD0, 0xB5, 0xD0, 0xB7, 0xD0, 0xB1, 0xD1, 0x8B, 0xD0, 0xBB, 0xD0, 0xBE, 0xD0, 0xBD, 0xD0, 0xB8, 0xD0, 0x92, 0xD1, 0x81, 0xD0, 0xB5, 0xD0, 0xBF, 0xD0, 0xBE, 0xD0, 0xB4,
        0xD0, 0xAD, 0xD1, 0x82, 0xD0, 0xBE, 0xD1, 0x82, 0xD0, 0xBE, 0xD0, 0xBC, 0xD1, 0x87, 0xD0, 0xB5, 0xD0, 0xBC, 0xD0, 0xBD, 0xD0, 0xB5, 0xD1, 0x82, 0xD0, 0xBB, 0xD0, 0xB5, 0xD1, 0x82, 0xD1, 0x80,
        0xD0, 0xB0, 0xD0, 0xB7, 0xD0, 0xBE, 0xD0, 0xBD, 0xD0, 0xB0, 0xD0, 0xB3, 0xD0, 0xB4, 0xD0, 0xB5, 0xD0, 0xBC, 0xD0, 0xBD, 0xD0, 0xB5, 0xD0, 0x94, 0xD0, 0xBB, 0xD1, 0x8F, 0xD0, 0x9F, 0xD1, 0x80,
        0xD0, 0xB8, 0xD0, 0xBD, 0xD0, 0xB0, 0xD1, 0x81, 0xD0, 0xBD, 0xD0, 0xB8, 0xD1, 0x85, 0xD1, 0x82, 0xD0, 0xB5, 0xD0, 0xBC, 0xD0, 0xBA, 0xD1, 0x82, 0xD0, 0xBE, 0xD0, 0xB3, 0xD0, 0xBE, 0xD0, 0xB4,
        0xD0, 0xB2, 0xD0, 0xBE, 0xD1, 0x82, 0xD1, 0x82, 0xD0, 0xB0, 0xD0, 0xBC, 0xD0, 0xA1, 0xD0, 0xA8, 0xD0, 0x90, 0xD0, 0xBC, 0xD0, 0xB0, 0xD1, 0x8F, 0xD0, 0xA7, 0xD1, 0x82, 0xD0, 0xBE, 0xD0, 0xB2,
        0xD0, 0xB0, 0xD1, 0x81, 0xD0, 0xB2, 0xD0, 0xB0, 0xD0, 0xBC, 0xD0, 0xB5, 0xD0, 0xBC, 0xD1, 0x83, 0xD0, 0xA2, 0xD0, 0xB0, 0xD0, 0xBA, 0xD0, 0xB4, 0xD0, 0xB2, 0xD0, 0xB0, 0xD0, 0xBD, 0xD0, 0xB0,
        0xD0, 0xBC, 0xD1, 0x8D, 0xD1, 0x82, 0xD0, 0xB8, 0xD1, 0x8D, 0xD1, 0x82, 0xD1, 0x83, 0xD0, 0x92, 0xD0, 0xB0, 0xD0, 0xBC, 0xD1, 0x82, 0xD0, 0xB5, 0xD1, 0x85, 0xD0, 0xBF, 0xD1, 0x80, 0xD0, 0xBE,
        0xD1, 0x82, 0xD1, 0x83, 0xD1, 0x82, 0xD0, 0xBD, 0xD0, 0xB0, 0xD0, 0xB4, 0xD0, 0xB4, 0xD0, 0xBD, 0xD1, 0x8F, 0xD0, 0x92, 0xD0, 0xBE, 0xD1, 0x82, 0xD1, 0x82, 0xD1, 0x80, 0xD0, 0xB8, 0xD0, 0xBD,
        0xD0, 0xB5, 0xD0, 0xB9, 0xD0, 0x92, 0xD0, 0xB0, 0xD1, 0x81, 0xD0, 0xBD, 0xD0, 0xB8, 0xD0, 0xBC, 0xD1, 0x81, 0xD0, 0xB0, 0xD0, 0xBC, 0xD1, 0x82, 0xD0, 0xBE, 0xD1, 0x82, 0xD1, 0x80, 0xD1, 0x83,
        0xD0, 0xB1, 0xD0, 0x9E, 0xD0, 0xBD, 0xD0, 0xB8, 0xD0, 0xBC, 0xD0, 0xB8, 0xD1, 0x80, 0xD0, 0xBD, 0xD0, 0xB5, 0xD0, 0xB5, 0xD0, 0x9E, 0xD0, 0x9E, 0xD0, 0x9E, 0xD0, 0xBB, 0xD0, 0xB8, 0xD1, 0x86,
        0xD1, 0x8D, 0xD1, 0x82, 0xD0, 0xB0, 0xD0, 0x9E, 0xD0, 0xBD, 0xD0, 0xB0, 0xD0, 0xBD, 0xD0, 0xB5, 0xD0, 0xBC, 0xD0, 0xB4, 0xD0, 0xBE, 0xD0, 0xBC, 0xD0, 0xBC, 0xD0, 0xBE, 0xD0, 0xB9, 0xD0, 0xB4,
        0xD0, 0xB2, 0xD0, 0xB5, 0xD0, 0xBE, 0xD0, 0xBD, 0xD0, 0xBE, 0xD1, 0x81, 0xD1, 0x83, 0xD0, 0xB4, 0xE0, 0xA4, 0x95, 0xE0, 0xA5, 0x87, 0xE0, 0xA4, 0xB9, 0xE0, 0xA5, 0x88, 0xE0, 0xA4, 0x95, 0xE0,
        0xA5, 0x80, 0xE0, 0xA4, 0xB8, 0xE0, 0xA5, 0x87, 0xE0, 0xA4, 0x95, 0xE0, 0xA4, 0xBE, 0xE0, 0xA4, 0x95, 0xE0, 0xA5, 0x8B, 0xE0, 0xA4, 0x94, 0xE0, 0xA4, 0xB0, 0xE0, 0xA4, 0xAA, 0xE0, 0xA4, 0xB0,
        0xE0, 0xA4, 0xA8, 0xE0, 0xA5, 0x87, 0xE0, 0xA4, 0x8F, 0xE0, 0xA4, 0x95, 0xE0, 0xA4, 0x95, 0xE0, 0xA4, 0xBF, 0xE0, 0xA4, 0xAD, 0xE0, 0xA5, 0x80, 0xE0, 0xA4, 0x87, 0xE0, 0xA4, 0xB8, 0xE0, 0xA4,
        0x95, 0xE0, 0xA4, 0xB0, 0xE0, 0xA4, 0xA4, 0xE0, 0xA5, 0x8B, 0xE0, 0xA4, 0xB9, 0xE0, 0xA5, 0x8B, 0xE0, 0xA4, 0x86, 0xE0, 0xA4, 0xAA, 0xE0, 0xA4, 0xB9, 0xE0, 0xA5, 0x80, 0xE0, 0xA4, 0xAF, 0xE0,
        0xA4, 0xB9, 0xE0, 0xA4, 0xAF, 0xE0, 0xA4, 0xBE, 0xE0, 0xA4, 0xA4, 0xE0, 0xA4, 0x95, 0xE0, 0xA4, 0xA5, 0xE0, 0xA4, 0xBE, 0x6A, 0x61, 0x67, 0x72, 0x61, 0x6E, 0xE0, 0xA4, 0x86, 0xE0, 0xA4, 0x9C,
        0xE0, 0xA4, 0x9C, 0xE0, 0xA5, 0x8B, 0xE0, 0xA4, 0x85, 0xE0, 0xA4, 0xAC, 0xE0, 0xA4, 0xA6, 0xE0, 0xA5, 0x8B, 0xE0, 0xA4, 0x97, 0xE0, 0xA4, 0x88, 0xE0, 0xA4, 0x9C, 0xE0, 0xA4, 0xBE, 0xE0, 0xA4,
        0x97, 0xE0, 0xA4, 0x8F, 0xE0, 0xA4, 0xB9, 0xE0, 0xA4, 0xAE, 0xE0, 0xA4, 0x87, 0xE0, 0xA4, 0xA8, 0xE0, 0xA4, 0xB5, 0xE0, 0xA4, 0xB9, 0xE0, 0xA4, 0xAF, 0xE0, 0xA5, 0x87, 0xE0, 0xA4, 0xA5, 0xE0,
        0xA5, 0x87, 0xE0, 0xA4, 0xA5, 0xE0, 0xA5, 0x80, 0xE0, 0xA4, 0x98, 0xE0, 0xA4, 0xB0, 0xE0, 0xA4, 0x9C, 0xE0, 0xA4, 0xAC, 0xE0, 0xA4, 0xA6, 0xE0, 0xA5, 0x80, 0xE0, 0xA4, 0x95, 0xE0, 0xA4, 0x88,
        0xE0, 0xA4, 0x9C, 0xE0, 0xA5, 0x80, 0xE0, 0xA4, 0xB5, 0xE0, 0xA5, 0x87, 0xE0, 0xA4, 0xA8, 0xE0, 0xA4, 0x88, 0xE0, 0xA4, 0xA8, 0xE0, 0xA4, 0x8F, 0xE0, 0xA4, 0xB9, 0xE0, 0xA4, 0xB0, 0xE0, 0xA4,
        0x89, 0xE0, 0xA4, 0xB8, 0xE0, 0xA4, 0xAE, 0xE0, 0xA5, 0x87, 0xE0, 0xA4, 0x95, 0xE0, 0xA4, 0xAE, 0xE0, 0xA4, 0xB5, 0xE0, 0xA5, 0x8B, 0xE0, 0xA4, 0xB2, 0xE0, 0xA5, 0x87, 0xE0, 0xA4, 0xB8, 0xE0,
        0xA4, 0xAC, 0xE0, 0xA4, 0xAE, 0xE0, 0xA4, 0x88, 0xE0, 0xA4, 0xA6, 0xE0, 0xA5, 0x87, 0xE0, 0xA4, 0x93, 0xE0, 0xA4, 0xB0, 0xE0, 0xA4, 0x86, 0xE0, 0xA4, 0xAE, 0xE0, 0xA4, 0xAC, 0xE0, 0xA4, 0xB8,
        0xE0, 0xA4, 0xAD, 0xE0, 0xA4, 0xB0, 0xE0, 0xA4, 0xAC, 0xE0, 0xA4, 0xA8, 0xE0, 0xA4, 0x9A, 0xE0, 0xA4, 0xB2, 0xE0, 0xA4, 0xAE, 0xE0, 0xA4, 0xA8, 0xE0, 0xA4, 0x86, 0xE0, 0xA4, 0x97, 0xE0, 0xA4,
        0xB8, 0xE0, 0xA5, 0x80, 0xE0, 0xA4, 0xB2, 0xE0, 0xA5, 0x80, 0xD8, 0xB9, 0xD9, 0x84, 0xD9, 0x89, 0xD8, 0xA5, 0xD9, 0x84, 0xD9, 0x89, 0xD9, 0x87, 0xD8, 0xB0, 0xD8, 0xA7, 0xD8, 0xA2, 0xD8, 0xAE,
        0xD8, 0xB1, 0xD8, 0xB9, 0xD8, 0xAF, 0xD8, 0xAF, 0xD8, 0xA7, 0xD9, 0x84, 0xD9, 0x89, 0xD9, 0x87, 0xD8, 0xB0, 0xD9, 0x87, 0xD8, 0xB5, 0xD9, 0x88, 0xD8, 0xB1, 0xD8, 0xBA, 0xD9, 0x8A, 0xD8, 0xB1,
        0xD9, 0x83, 0xD8, 0xA7, 0xD9, 0x86, 0xD9, 0x88, 0xD9, 0x84, 0xD8, 0xA7, 0xD8, 0xA8, 0xD9, 0x8A, 0xD9, 0x86, 0xD8, 0xB9, 0xD8, 0xB1, 0xD8, 0xB6, 0xD8, 0xB0, 0xD9, 0x84, 0xD9, 0x83, 0xD9, 0x87,
        0xD9, 0x86, 0xD8, 0xA7, 0xD9, 0x8A, 0xD9, 0x88, 0xD9, 0x85, 0xD9, 0x82, 0xD8, 0xA7, 0xD9, 0x84, 0xD8, 0xB9, 0xD9, 0x84, 0xD9, 0x8A, 0xD8, 0xA7, 0xD9, 0x86, 0xD8, 0xA7, 0xD9, 0x84, 0xD9, 0x83,
        0xD9, 0x86, 0xD8, 0xAD, 0xD8, 0xAA, 0xD9, 0x89, 0xD9, 0x82, 0xD8, 0xA8, 0xD9, 0x84, 0xD9, 0x88, 0xD8, 0xAD, 0xD8, 0xA9, 0xD8, 0xA7, 0xD8, 0xAE, 0xD8, 0xB1, 0xD9, 0x81, 0xD9, 0x82, 0xD8, 0xB7,
        0xD8, 0xB9, 0xD8, 0xA8, 0xD8, 0xAF, 0xD8, 0xB1, 0xD9, 0x83, 0xD9, 0x86, 0xD8, 0xA5, 0xD8, 0xB0, 0xD8, 0xA7, 0xD9, 0x83, 0xD9, 0x85, 0xD8, 0xA7, 0xD8, 0xA7, 0xD8, 0xAD, 0xD8, 0xAF, 0xD8, 0xA5,
        0xD9, 0x84, 0xD8, 0xA7, 0xD9, 0x81, 0xD9, 0x8A, 0xD9, 0x87, 0xD8, 0xA8, 0xD8, 0xB9, 0xD8, 0xB6, 0xD9, 0x83, 0xD9, 0x8A, 0xD9, 0x81, 0xD8, 0xA8, 0xD8, 0xAD, 0xD8, 0xAB, 0xD9, 0x88, 0xD9, 0x85,
        0xD9, 0x86, 0xD9, 0x88, 0xD9, 0x87, 0xD9, 0x88, 0xD8, 0xA3, 0xD9, 0x86, 0xD8, 0xA7, 0xD8, 0xAC, 0xD8, 0xAF, 0xD8, 0xA7, 0xD9, 0x84, 0xD9, 0x87, 0xD8, 0xA7, 0xD8, 0xB3, 0xD9, 0x84, 0xD9, 0x85,
        0xD8, 0xB9, 0xD9, 0x86, 0xD8, 0xAF, 0xD9, 0x84, 0xD9, 0x8A, 0xD8, 0xB3, 0xD8, 0xB9, 0xD8, 0xA8, 0xD8, 0xB1, 0xD8, 0xB5, 0xD9, 0x84, 0xD9, 0x89, 0xD9, 0x85, 0xD9, 0x86, 0xD8, 0xB0, 0xD8, 0xA8,
        0xD9, 0x87, 0xD8, 0xA7, 0xD8, 0xA3, 0xD9, 0x86, 0xD9, 0x87, 0xD9, 0x85, 0xD8, 0xAB, 0xD9, 0x84, 0xD9, 0x83, 0xD9, 0x86, 0xD8, 0xAA, 0xD8, 0xA7, 0xD9, 0x84, 0xD8, 0xA7, 0xD8, 0xAD, 0xD9, 0x8A,
        0xD8, 0xAB, 0xD9, 0x85, 0xD8, 0xB5, 0xD8, 0xB1, 0xD8, 0xB4, 0xD8, 0xB1, 0xD8, 0xAD, 0xD8, 0xAD, 0xD9, 0x88, 0xD9, 0x84, 0xD9, 0x88, 0xD9, 0x81, 0xD9, 0x8A, 0xD8, 0xA7, 0xD8, 0xB0, 0xD8, 0xA7,
        0xD9, 0x84, 0xD9, 0x83, 0xD9, 0x84, 0xD9, 0x85, 0xD8, 0xB1, 0xD8, 0xA9, 0xD8, 0xA7, 0xD9, 0x86, 0xD8, 0xAA, 0xD8, 0xA7, 0xD9, 0x84, 0xD9, 0x81, 0xD8, 0xA3, 0xD8, 0xA8, 0xD9, 0x88, 0xD8, 0xAE,
        0xD8, 0xA7, 0xD8, 0xB5, 0xD8, 0xA3, 0xD9, 0x86, 0xD8, 0xAA, 0xD8, 0xA7, 0xD9, 0x86, 0xD9, 0x87, 0xD8, 0xA7, 0xD9, 0x84, 0xD9, 0x8A, 0xD8, 0xB9, 0xD8, 0xB6, 0xD9, 0x88, 0xD9, 0x88, 0xD9, 0x82,
        0xD8, 0xAF, 0xD8, 0xA7, 0xD8, 0xA8, 0xD9, 0x86, 0xD8, 0xAE, 0xD9, 0x8A, 0xD8, 0xB1, 0xD8, 0xA8, 0xD9, 0x86, 0xD8, 0xAA, 0xD9, 0x84, 0xD9, 0x83, 0xD9, 0x85, 0xD8, 0xB4, 0xD8, 0xA7, 0xD8, 0xA1,
        0xD9, 0x88, 0xD9, 0x87, 0xD9, 0x8A, 0xD8, 0xA7, 0xD8, 0xA8, 0xD9, 0x88, 0xD9, 0x82, 0xD8, 0xB5, 0xD8, 0xB5, 0xD9, 0x88, 0xD9, 0x85, 0xD8, 0xA7, 0xD8, 0xB1, 0xD9, 0x82, 0xD9, 0x85, 0xD8, 0xA3,
        0xD8, 0xAD, 0xD8, 0xAF, 0xD9, 0x86, 0xD8, 0xAD, 0xD9, 0x86, 0xD8, 0xB9, 0xD8, 0xAF, 0xD9, 0x85, 0xD8, 0xB1, 0xD8, 0xA3, 0xD9, 0x8A, 0xD8, 0xA7, 0xD8, 0xAD, 0xD8, 0xA9, 0xD9, 0x83, 0xD8, 0xAA,
        0xD8, 0xA8, 0xD8, 0xAF, 0xD9, 0x88, 0xD9, 0x86, 0xD9, 0x8A, 0xD8, 0xAC, 0xD8, 0xA8, 0xD9, 0x85, 0xD9, 0x86, 0xD9, 0x87, 0xD8, 0xAA, 0xD8, 0xAD, 0xD8, 0xAA, 0xD8, 0xAC, 0xD9, 0x87, 0xD8, 0xA9,
        0xD8, 0xB3, 0xD9, 0x86, 0xD8, 0xA9, 0xD9, 0x8A, 0xD8, 0xAA, 0xD9, 0x85, 0xD9, 0x83, 0xD8, 0xB1, 0xD8, 0xA9, 0xD8, 0xBA, 0xD8, 0xB2, 0xD8, 0xA9, 0xD9, 0x86, 0xD9, 0x81, 0xD8, 0xB3, 0xD8, 0xA8,
        0xD9, 0x8A, 0xD8, 0xAA, 0xD9, 0x84, 0xD9, 0x84, 0xD9, 0x87, 0xD9, 0x84, 0xD9, 0x86, 0xD8, 0xA7, 0xD8, 0xAA, 0xD9, 0x84, 0xD9, 0x83, 0xD9, 0x82, 0xD9, 0x84, 0xD8, 0xA8, 0xD9, 0x84, 0xD9, 0x85,
        0xD8, 0xA7, 0xD8, 0xB9, 0xD9, 0x86, 0xD9, 0x87, 0xD8, 0xA3, 0xD9, 0x88, 0xD9, 0x84, 0xD8, 0xB4, 0xD9, 0x8A, 0xD8, 0xA1, 0xD9, 0x86, 0xD9, 0x88, 0xD8, 0xB1, 0xD8, 0xA3, 0xD9, 0x85, 0xD8, 0xA7,
        0xD9, 0x81, 0xD9, 0x8A, 0xD9, 0x83, 0xD8, 0xA8, 0xD9, 0x83, 0xD9, 0x84, 0xD8, 0xB0, 0xD8, 0xA7, 0xD8, 0xAA, 0xD8, 0xB1, 0xD8, 0xAA, 0xD8, 0xA8, 0xD8, 0xA8, 0xD8, 0xA3, 0xD9, 0x86, 0xD9, 0x87,
        0xD9, 0x85, 0xD8, 0xB3, 0xD8, 0xA7, 0xD9, 0x86, 0xD9, 0x83, 0xD8, 0xA8, 0xD9, 0x8A, 0xD8, 0xB9, 0xD9, 0x81, 0xD9, 0x82, 0xD8, 0xAF, 0xD8, 0xAD, 0xD8, 0xB3, 0xD9, 0x86, 0xD9, 0x84, 0xD9, 0x87,
        0xD9, 0x85, 0xD8, 0xB4, 0xD8, 0xB9, 0xD8, 0xB1, 0xD8, 0xA3, 0xD9, 0x87, 0xD9, 0x84, 0xD8, 0xB4, 0xD9, 0x87, 0xD8, 0xB1, 0xD9, 0x82, 0xD8, 0xB7, 0xD8, 0xB1, 0xD8, 0xB7, 0xD9, 0x84, 0xD8, 0xA8,
        0x70, 0x72, 0x6F, 0x66, 0x69, 0x6C, 0x65, 0x73, 0x65, 0x72, 0x76, 0x69, 0x63, 0x65, 0x64, 0x65, 0x66, 0x61, 0x75, 0x6C, 0x74, 0x68, 0x69, 0x6D, 0x73, 0x65, 0x6C, 0x66, 0x64, 0x65, 0x74, 0x61,
        0x69, 0x6C, 0x73, 0x63, 0x6F, 0x6E, 0x74, 0x65, 0x6E, 0x74, 0x73, 0x75, 0x70, 0x70, 0x6F, 0x72, 0x74, 0x73, 0x74, 0x61, 0x72, 0x74, 0x65, 0x64, 0x6D, 0x65, 0x73, 0x73, 0x61, 0x67, 0x65, 0x73,
        0x75, 0x63, 0x63, 0x65, 0x73, 0x73, 0x66, 0x61, 0x73, 0x68, 0x69, 0x6F, 0x6E, 0x3C, 0x74, 0x69, 0x74, 0x6C, 0x65, 0x3E, 0x63, 0x6F, 0x75, 0x6E, 0x74, 0x72, 0x79, 0x61, 0x63, 0x63, 0x6F, 0x75,
        0x6E, 0x74, 0x63, 0x72, 0x65, 0x61, 0x74, 0x65, 0x64, 0x73, 0x74, 0x6F, 0x72, 0x69, 0x65, 0x73, 0x72, 0x65, 0x73, 0x75, 0x6C, 0x74, 0x73, 0x72, 0x75, 0x6E, 0x6E, 0x69, 0x6E, 0x67, 0x70, 0x72,
        0x6F, 0x63, 0x65, 0x73, 0x73, 0x77, 0x72, 0x69, 0x74, 0x69, 0x6E, 0x67, 0x6F, 0x62, 0x6A, 0x65, 0x63, 0x74, 0x73, 0x76, 0x69, 0x73, 0x69, 0x62, 0x6C, 0x65, 0x77, 0x65, 0x6C, 0x63, 0x6F, 0x6D,
        0x65, 0x61, 0x72, 0x74, 0x69, 0x63, 0x6C, 0x65, 0x75, 0x6E, 0x6B, 0x6E, 0x6F, 0x77, 0x6E, 0x6E, 0x65, 0x74, 0x77, 0x6F, 0x72, 0x6B, 0x63, 0x6F, 0x6D, 0x70, 0x61, 0x6E, 0x79, 0x64, 0x79, 0x6E,
        0x61, 0x6D, 0x69, 0x63, 0x62, 0x72, 0x6F, 0x77, 0x73, 0x65, 0x72, 0x70, 0x72, 0x69, 0x76, 0x61, 0x63, 0x79, 0x70, 0x72, 0x6F, 0x62, 0x6C, 0x65, 0x6D, 0x53, 0x65, 0x72, 0x76, 0x69, 0x63, 0x65,
        0x72, 0x65, 0x73, 0x70, 0x65, 0x63, 0x74, 0x64, 0x69, 0x73, 0x70, 0x6C, 0x61, 0x79, 0x72, 0x65, 0x71, 0x75, 0x65, 0x73, 0x74, 0x72, 0x65, 0x73, 0x65, 0x72, 0x76, 0x65, 0x77, 0x65, 0x62, 0x73,
        0x69, 0x74, 0x65, 0x68, 0x69, 0x73, 0x74, 0x6F, 0x72, 0x79, 0x66, 0x72, 0x69, 0x65, 0x6E, 0x64, 0x73, 0x6F, 0x70, 0x74, 0x69, 0x6F, 0x6E, 0x73, 0x77, 0x6F, 0x72, 0x6B, 0x69, 0x6E, 0x67, 0x76,
        0x65, 0x72, 0x73, 0x69, 0x6F, 0x6E, 0x6D, 0x69, 0x6C, 0x6C, 0x69, 0x6F, 0x6E, 0x63, 0x68, 0x61, 0x6E, 0x6E, 0x65, 0x6C, 0x77, 0x69, 0x6E, 0x64, 0x6F, 0x77, 0x2E, 0x61, 0x64, 0x64, 0x72, 0x65,
        0x73, 0x73, 0x76, 0x69, 0x73, 0x69, 0x74, 0x65, 0x64, 0x77, 0x65, 0x61, 0x74, 0x68, 0x65, 0x72, 0x63, 0x6F, 0x72, 0x72, 0x65, 0x63, 0x74, 0x70, 0x72, 0x6F, 0x64, 0x75, 0x63, 0x74, 0x65, 0x64,
        0x69, 0x72, 0x65, 0x63, 0x74, 0x66, 0x6F, 0x72, 0x77, 0x61, 0x72, 0x64, 0x79, 0x6F, 0x75, 0x20, 0x63, 0x61, 0x6E, 0x72, 0x65, 0x6D, 0x6F, 0x76, 0x65, 0x64, 0x73, 0x75, 0x62, 0x6A, 0x65, 0x63,
        0x74, 0x63, 0x6F, 0x6E, 0x74, 0x72, 0x6F, 0x6C, 0x61, 0x72, 0x63, 0x68, 0x69, 0x76, 0x65, 0x63, 0x75, 0x72, 0x72, 0x65, 0x6E, 0x74, 0x72, 0x65, 0x61, 0x64, 0x69, 0x6E, 0x67, 0x6C, 0x69, 0x62,
        0x72, 0x61, 0x72, 0x79, 0x6C, 0x69, 0x6D, 0x69, 0x74, 0x65, 0x64, 0x6D, 0x61, 0x6E, 0x61, 0x67, 0x65, 0x72, 0x66, 0x75, 0x72, 0x74, 0x68, 0x65, 0x72, 0x73, 0x75, 0x6D, 0x6D, 0x61, 0x72, 0x79,
        0x6D, 0x61, 0x63, 0x68, 0x69, 0x6E, 0x65, 0x6D, 0x69, 0x6E, 0x75, 0x74, 0x65, 0x73, 0x70, 0x72, 0x69, 0x76, 0x61, 0x74, 0x65, 0x63, 0x6F, 0x6E, 0x74, 0x65, 0x78, 0x74, 0x70, 0x72, 0x6F, 0x67,
        0x72, 0x61, 0x6D, 0x73, 0x6F, 0x63, 0x69, 0x65, 0x74, 0x79, 0x6E, 0x75, 0x6D, 0x62, 0x65, 0x72, 0x73, 0x77, 0x72, 0x69, 0x74, 0x74, 0x65, 0x6E, 0x65, 0x6E, 0x61, 0x62, 0x6C, 0x65, 0x64, 0x74,
        0x72, 0x69, 0x67, 0x67, 0x65, 0x72, 0x73, 0x6F, 0x75, 0x72, 0x63, 0x65, 0x73, 0x6C, 0x6F, 0x61, 0x64, 0x69, 0x6E, 0x67, 0x65, 0x6C, 0x65, 0x6D, 0x65, 0x6E, 0x74, 0x70, 0x61, 0x72, 0x74, 0x6E,
        0x65, 0x72, 0x66, 0x69, 0x6E, 0x61, 0x6C, 0x6C, 0x79, 0x70, 0x65, 0x72, 0x66, 0x65, 0x63, 0x74, 0x6D, 0x65, 0x61, 0x6E, 0x69, 0x6E, 0x67, 0x73, 0x79, 0x73, 0x74, 0x65, 0x6D, 0x73, 0x6B, 0x65,
        0x65, 0x70, 0x69, 0x6E, 0x67, 0x63, 0x75, 0x6C, 0x74, 0x75, 0x72, 0x65, 0x26, 0x71, 0x75, 0x6F, 0x74, 0x3B, 0x2C, 0x6A, 0x6F, 0x75, 0x72, 0x6E, 0x61, 0x6C, 0x70, 0x72, 0x6F, 0x6A, 0x65, 0x63,
        0x74, 0x73, 0x75, 0x72, 0x66, 0x61, 0x63, 0x65, 0x73, 0x26, 0x71, 0x75, 0x6F, 0x74, 0x3B, 0x65, 0x78, 0x70, 0x69, 0x72, 0x65, 0x73, 0x72, 0x65, 0x76, 0x69, 0x65, 0x77, 0x73, 0x62, 0x61, 0x6C,
        0x61, 0x6E, 0x63, 0x65, 0x45, 0x6E, 0x67, 0x6C, 0x69, 0x73, 0x68, 0x43, 0x6F, 0x6E, 0x74, 0x65, 0x6E, 0x74, 0x74, 0x68, 0x72, 0x6F, 0x75, 0x67, 0x68, 0x50, 0x6C, 0x65, 0x61, 0x73, 0x65, 0x20,
        0x6F, 0x70, 0x69, 0x6E, 0x69, 0x6F, 0x6E, 0x63, 0x6F, 0x6E, 0x74, 0x61, 0x63, 0x74, 0x61, 0x76, 0x65, 0x72, 0x61, 0x67, 0x65, 0x70, 0x72, 0x69, 0x6D, 0x61, 0x72, 0x79, 0x76, 0x69, 0x6C, 0x6C,
        0x61, 0x67, 0x65, 0x53, 0x70, 0x61, 0x6E, 0x69, 0x73, 0x68, 0x67, 0x61, 0x6C, 0x6C, 0x65, 0x72, 0x79, 0x64, 0x65, 0x63, 0x6C, 0x69, 0x6E, 0x65, 0x6D, 0x65, 0x65, 0x74, 0x69, 0x6E, 0x67, 0x6D,
        0x69, 0x73, 0x73, 0x69, 0x6F, 0x6E, 0x70, 0x6F, 0x70, 0x75, 0x6C, 0x61, 0x72, 0x71, 0x75, 0x61, 0x6C, 0x69, 0x74, 0x79, 0x6D, 0x65, 0x61, 0x73, 0x75, 0x72, 0x65, 0x67, 0x65, 0x6E, 0x65, 0x72,
        0x61, 0x6C, 0x73, 0x70, 0x65, 0x63, 0x69, 0x65, 0x73, 0x73, 0x65, 0x73, 0x73, 0x69, 0x6F, 0x6E, 0x73, 0x65, 0x63, 0x74, 0x69, 0x6F, 0x6E, 0x77, 0x72, 0x69, 0x74, 0x65, 0x72, 0x73, 0x63, 0x6F,
        0x75, 0x6E, 0x74, 0x65, 0x72, 0x69, 0x6E, 0x69, 0x74, 0x69, 0x61, 0x6C, 0x72, 0x65, 0x70, 0x6F, 0x72, 0x74, 0x73, 0x66, 0x69, 0x67, 0x75, 0x72, 0x65, 0x73, 0x6D, 0x65, 0x6D, 0x62, 0x65, 0x72,
        0x73, 0x68, 0x6F, 0x6C, 0x64, 0x69, 0x6E, 0x67, 0x64, 0x69, 0x73, 0x70, 0x75, 0x74, 0x65, 0x65, 0x61, 0x72, 0x6C, 0x69, 0x65, 0x72, 0x65, 0x78, 0x70, 0x72, 0x65, 0x73, 0x73, 0x64, 0x69, 0x67,
        0x69, 0x74, 0x61, 0x6C, 0x70, 0x69, 0x63, 0x74, 0x75, 0x72, 0x65, 0x41, 0x6E, 0x6F, 0x74, 0x68, 0x65, 0x72, 0x6D, 0x61, 0x72, 0x72, 0x69, 0x65, 0x64, 0x74, 0x72, 0x61, 0x66, 0x66, 0x69, 0x63,
        0x6C, 0x65, 0x61, 0x64, 0x69, 0x6E, 0x67, 0x63, 0x68, 0x61, 0x6E, 0x67, 0x65, 0x64, 0x63, 0x65, 0x6E, 0x74, 0x72, 0x61, 0x6C, 0x76, 0x69, 0x63, 0x74, 0x6F, 0x72, 0x79, 0x69, 0x6D, 0x61, 0x67,
        0x65, 0x73, 0x2F, 0x72, 0x65, 0x61, 0x73, 0x6F, 0x6E, 0x73, 0x73, 0x74, 0x75, 0x64, 0x69, 0x65, 0x73, 0x66, 0x65, 0x61, 0x74, 0x75, 0x72, 0x65, 0x6C, 0x69, 0x73, 0x74, 0x69, 0x6E, 0x67, 0x6D,
        0x75, 0x73, 0x74, 0x20, 0x62, 0x65, 0x73, 0x63, 0x68, 0x6F, 0x6F, 0x6C, 0x73, 0x56, 0x65, 0x72, 0x73, 0x69, 0x6F, 0x6E, 0x75, 0x73, 0x75, 0x61, 0x6C, 0x6C, 0x79, 0x65, 0x70, 0x69, 0x73, 0x6F,
        0x64, 0x65, 0x70, 0x6C, 0x61, 0x79, 0x69, 0x6E, 0x67, 0x67, 0x72, 0x6F, 0x77, 0x69, 0x6E, 0x67, 0x6F, 0x62, 0x76, 0x69, 0x6F, 0x75, 0x73, 0x6F, 0x76, 0x65, 0x72, 0x6C, 0x61, 0x79, 0x70, 0x72,
        0x65, 0x73, 0x65, 0x6E, 0x74, 0x61, 0x63, 0x74, 0x69, 0x6F, 0x6E, 0x73, 0x3C, 0x2F, 0x75, 0x6C, 0x3E, 0x0D, 0x0A, 0x77, 0x72, 0x61, 0x70, 0x70, 0x65, 0x72, 0x61, 0x6C, 0x72, 0x65, 0x61, 0x64,
        0x79, 0x63, 0x65, 0x72, 0x74, 0x61, 0x69, 0x6E, 0x72, 0x65, 0x61, 0x6C, 0x69, 0x74, 0x79, 0x73, 0x74, 0x6F, 0x72, 0x61, 0x67, 0x65, 0x61, 0x6E, 0x6F, 0x74, 0x68, 0x65, 0x72, 0x64, 0x65, 0x73,
        0x6B, 0x74, 0x6F, 0x70, 0x6F, 0x66, 0x66, 0x65, 0x72, 0x65, 0x64, 0x70, 0x61, 0x74, 0x74, 0x65, 0x72, 0x6E, 0x75, 0x6E, 0x75, 0x73, 0x75, 0x61, 0x6C, 0x44, 0x69, 0x67, 0x69, 0x74, 0x61, 0x6C,
        0x63, 0x61, 0x70, 0x69, 0x74, 0x61, 0x6C, 0x57, 0x65, 0x62, 0x73, 0x69, 0x74, 0x65, 0x66, 0x61, 0x69, 0x6C, 0x75, 0x72, 0x65, 0x63, 0x6F, 0x6E, 0x6E, 0x65, 0x63, 0x74, 0x72, 0x65, 0x64, 0x75,
        0x63, 0x65, 0x64, 0x41, 0x6E, 0x64, 0x72, 0x6F, 0x69, 0x64, 0x64, 0x65, 0x63, 0x61, 0x64, 0x65, 0x73, 0x72, 0x65, 0x67, 0x75, 0x6C, 0x61, 0x72, 0x20, 0x26, 0x61, 0x6D, 0x70, 0x3B, 0x20, 0x61,
        0x6E, 0x69, 0x6D, 0x61, 0x6C, 0x73, 0x72, 0x65, 0x6C, 0x65, 0x61, 0x73, 0x65, 0x41, 0x75, 0x74, 0x6F, 0x6D, 0x61, 0x74, 0x67, 0x65, 0x74, 0x74, 0x69, 0x6E, 0x67, 0x6D, 0x65, 0x74, 0x68, 0x6F,
        0x64, 0x73, 0x6E, 0x6F, 0x74, 0x68, 0x69, 0x6E, 0x67, 0x50, 0x6F, 0x70, 0x75, 0x6C, 0x61, 0x72, 0x63, 0x61, 0x70, 0x74, 0x69, 0x6F, 0x6E, 0x6C, 0x65, 0x74, 0x74, 0x65, 0x72, 0x73, 0x63, 0x61,
        0x70, 0x74, 0x75, 0x72, 0x65, 0x73, 0x63, 0x69, 0x65, 0x6E, 0x63, 0x65, 0x6C, 0x69, 0x63, 0x65, 0x6E, 0x73, 0x65, 0x63, 0x68, 0x61, 0x6E, 0x67, 0x65, 0x73, 0x45, 0x6E, 0x67, 0x6C, 0x61, 0x6E,
        0x64, 0x3D, 0x31, 0x26, 0x61, 0x6D, 0x70, 0x3B, 0x48, 0x69, 0x73, 0x74, 0x6F, 0x72, 0x79, 0x20, 0x3D, 0x20, 0x6E, 0x65, 0x77, 0x20, 0x43, 0x65, 0x6E, 0x74, 0x72, 0x61, 0x6C, 0x75, 0x70, 0x64,
        0x61, 0x74, 0x65, 0x64, 0x53, 0x70, 0x65, 0x63, 0x69, 0x61, 0x6C, 0x4E, 0x65, 0x74, 0x77, 0x6F, 0x72, 0x6B, 0x72, 0x65, 0x71, 0x75, 0x69, 0x72, 0x65, 0x63, 0x6F, 0x6D, 0x6D, 0x65, 0x6E, 0x74,
        0x77, 0x61, 0x72, 0x6E, 0x69, 0x6E, 0x67, 0x43, 0x6F, 0x6C, 0x6C, 0x65, 0x67, 0x65, 0x74, 0x6F, 0x6F, 0x6C, 0x62, 0x61, 0x72, 0x72, 0x65, 0x6D, 0x61, 0x69, 0x6E, 0x73, 0x62, 0x65, 0x63, 0x61,
        0x75, 0x73, 0x65, 0x65, 0x6C, 0x65, 0x63, 0x74, 0x65, 0x64, 0x44, 0x65, 0x75, 0x74, 0x73, 0x63, 0x68, 0x66, 0x69, 0x6E, 0x61, 0x6E, 0x63, 0x65, 0x77, 0x6F, 0x72, 0x6B, 0x65, 0x72, 0x73, 0x71,
        0x75, 0x69, 0x63, 0x6B, 0x6C, 0x79, 0x62, 0x65, 0x74, 0x77, 0x65, 0x65, 0x6E, 0x65, 0x78, 0x61, 0x63, 0x74, 0x6C, 0x79, 0x73, 0x65, 0x74, 0x74, 0x69, 0x6E, 0x67, 0x64, 0x69, 0x73, 0x65, 0x61,
        0x73, 0x65, 0x53, 0x6F, 0x63, 0x69, 0x65, 0x74, 0x79, 0x77, 0x65, 0x61, 0x70, 0x6F, 0x6E, 0x73, 0x65, 0x78, 0x68, 0x69, 0x62, 0x69, 0x74, 0x26, 0x6C, 0x74, 0x3B, 0x21, 0x2D, 0x2D, 0x43, 0x6F,
        0x6E, 0x74, 0x72, 0x6F, 0x6C, 0x63, 0x6C, 0x61, 0x73, 0x73, 0x65, 0x73, 0x63, 0x6F, 0x76, 0x65, 0x72, 0x65, 0x64, 0x6F, 0x75, 0x74, 0x6C, 0x69, 0x6E, 0x65, 0x61, 0x74, 0x74, 0x61, 0x63, 0x6B,
        0x73, 0x64, 0x65, 0x76, 0x69, 0x63, 0x65, 0x73, 0x28, 0x77, 0x69, 0x6E, 0x64, 0x6F, 0x77, 0x70, 0x75, 0x72, 0x70, 0x6F, 0x73, 0x65, 0x74, 0x69, 0x74, 0x6C, 0x65, 0x3D, 0x22, 0x4D, 0x6F, 0x62,
        0x69, 0x6C, 0x65, 0x20, 0x6B, 0x69, 0x6C, 0x6C, 0x69, 0x6E, 0x67, 0x73, 0x68, 0x6F, 0x77, 0x69, 0x6E, 0x67, 0x49, 0x74, 0x61, 0x6C, 0x69, 0x61, 0x6E, 0x64, 0x72, 0x6F, 0x70, 0x70, 0x65, 0x64,
        0x68, 0x65, 0x61, 0x76, 0x69, 0x6C, 0x79, 0x65, 0x66, 0x66, 0x65, 0x63, 0x74, 0x73, 0x2D, 0x31, 0x27, 0x5D, 0x29, 0x3B, 0x0A, 0x63, 0x6F, 0x6E, 0x66, 0x69, 0x72, 0x6D, 0x43, 0x75, 0x72, 0x72,
        0x65, 0x6E, 0x74, 0x61, 0x64, 0x76, 0x61, 0x6E, 0x63, 0x65, 0x73, 0x68, 0x61, 0x72, 0x69, 0x6E, 0x67, 0x6F, 0x70, 0x65, 0x6E, 0x69, 0x6E, 0x67, 0x64, 0x72, 0x61, 0x77, 0x69, 0x6E, 0x67, 0x62,
        0x69, 0x6C, 0x6C, 0x69, 0x6F, 0x6E, 0x6F, 0x72, 0x64, 0x65, 0x72, 0x65, 0x64, 0x47, 0x65, 0x72, 0x6D, 0x61, 0x6E, 0x79, 0x72, 0x65, 0x6C, 0x61, 0x74, 0x65, 0x64, 0x3C, 0x2F, 0x66, 0x6F, 0x72,
        0x6D, 0x3E, 0x69, 0x6E, 0x63, 0x6C, 0x75, 0x64, 0x65, 0x77, 0x68, 0x65, 0x74, 0x68, 0x65, 0x72, 0x64, 0x65, 0x66, 0x69, 0x6E, 0x65, 0x64, 0x53, 0x63, 0x69, 0x65, 0x6E, 0x63, 0x65, 0x63, 0x61,
        0x74, 0x61, 0x6C, 0x6F, 0x67, 0x41, 0x72, 0x74, 0x69, 0x63, 0x6C, 0x65, 0x62, 0x75, 0x74, 0x74, 0x6F, 0x6E, 0x73, 0x6C, 0x61, 0x72, 0x67, 0x65, 0x73, 0x74, 0x75, 0x6E, 0x69, 0x66, 0x6F, 0x72,
        0x6D, 0x6A, 0x6F, 0x75, 0x72, 0x6E, 0x65, 0x79, 0x73, 0x69, 0x64, 0x65, 0x62, 0x61, 0x72, 0x43, 0x68, 0x69, 0x63, 0x61, 0x67, 0x6F, 0x68, 0x6F, 0x6C, 0x69, 0x64, 0x61, 0x79, 0x47, 0x65, 0x6E,
        0x65, 0x72, 0x61, 0x6C, 0x70, 0x61, 0x73, 0x73, 0x61, 0x67, 0x65, 0x2C, 0x26, 0x71, 0x75, 0x6F, 0x74, 0x3B, 0x61, 0x6E, 0x69, 0x6D, 0x61, 0x74, 0x65, 0x66, 0x65, 0x65, 0x6C, 0x69, 0x6E, 0x67,
        0x61, 0x72, 0x72, 0x69, 0x76, 0x65, 0x64, 0x70, 0x61, 0x73, 0x73, 0x69, 0x6E, 0x67, 0x6E, 0x61, 0x74, 0x75, 0x72, 0x61, 0x6C, 0x72, 0x6F, 0x75, 0x67, 0x68, 0x6C, 0x79, 0x2E, 0x0A, 0x0A, 0x54,
        0x68, 0x65, 0x20, 0x62, 0x75, 0x74, 0x20, 0x6E, 0x6F, 0x74, 0x64, 0x65, 0x6E, 0x73, 0x69, 0x74, 0x79, 0x42, 0x72, 0x69, 0x74, 0x61, 0x69, 0x6E, 0x43, 0x68, 0x69, 0x6E, 0x65, 0x73, 0x65, 0x6C,
        0x61, 0x63, 0x6B, 0x20, 0x6F, 0x66, 0x74, 0x72, 0x69, 0x62, 0x75, 0x74, 0x65, 0x49, 0x72, 0x65, 0x6C, 0x61, 0x6E, 0x64, 0x22, 0x20, 0x64, 0x61, 0x74, 0x61, 0x2D, 0x66, 0x61, 0x63, 0x74, 0x6F,
        0x72, 0x73, 0x72, 0x65, 0x63, 0x65, 0x69, 0x76, 0x65, 0x74, 0x68, 0x61, 0x74, 0x20, 0x69, 0x73, 0x4C, 0x69, 0x62, 0x72, 0x61, 0x72, 0x79, 0x68, 0x75, 0x73, 0x62, 0x61, 0x6E, 0x64, 0x69, 0x6E,
        0x20, 0x66, 0x61, 0x63, 0x74, 0x61, 0x66, 0x66, 0x61, 0x69, 0x72, 0x73, 0x43, 0x68, 0x61, 0x72, 0x6C, 0x65, 0x73, 0x72, 0x61, 0x64, 0x69, 0x63, 0x61, 0x6C, 0x62, 0x72, 0x6F, 0x75, 0x67, 0x68,
        0x74, 0x66, 0x69, 0x6E, 0x64, 0x69, 0x6E, 0x67, 0x6C, 0x61, 0x6E, 0x64, 0x69, 0x6E, 0x67, 0x3A, 0x6C, 0x61, 0x6E, 0x67, 0x3D, 0x22, 0x72, 0x65, 0x74, 0x75, 0x72, 0x6E, 0x20, 0x6C, 0x65, 0x61,
        0x64, 0x65, 0x72, 0x73, 0x70, 0x6C, 0x61, 0x6E, 0x6E, 0x65, 0x64, 0x70, 0x72, 0x65, 0x6D, 0x69, 0x75, 0x6D, 0x70, 0x61, 0x63, 0x6B, 0x61, 0x67, 0x65, 0x41, 0x6D, 0x65, 0x72, 0x69, 0x63, 0x61,
        0x45, 0x64, 0x69, 0x74, 0x69, 0x6F, 0x6E, 0x5D, 0x26, 0x71, 0x75, 0x6F, 0x74, 0x3B, 0x4D, 0x65, 0x73, 0x73, 0x61, 0x67, 0x65, 0x6E, 0x65, 0x65, 0x64, 0x20, 0x74, 0x6F, 0x76, 0x61, 0x6C, 0x75,
        0x65, 0x3D, 0x22, 0x63, 0x6F, 0x6D, 0x70, 0x6C, 0x65, 0x78, 0x6C, 0x6F, 0x6F, 0x6B, 0x69, 0x6E, 0x67, 0x73, 0x74, 0x61, 0x74, 0x69, 0x6F, 0x6E, 0x62, 0x65, 0x6C, 0x69, 0x65, 0x76, 0x65, 0x73,
        0x6D, 0x61, 0x6C, 0x6C, 0x65, 0x72, 0x2D, 0x6D, 0x6F, 0x62, 0x69, 0x6C, 0x65, 0x72, 0x65, 0x63, 0x6F, 0x72, 0x64, 0x73, 0x77, 0x61, 0x6E, 0x74, 0x20, 0x74, 0x6F, 0x6B, 0x69, 0x6E, 0x64, 0x20,
        0x6F, 0x66, 0x46, 0x69, 0x72, 0x65, 0x66, 0x6F, 0x78, 0x79, 0x6F, 0x75, 0x20, 0x61, 0x72, 0x65, 0x73, 0x69, 0x6D, 0x69, 0x6C, 0x61, 0x72, 0x73, 0x74, 0x75, 0x64, 0x69, 0x65, 0x64, 0x6D, 0x61,
        0x78, 0x69, 0x6D, 0x75, 0x6D, 0x68, 0x65, 0x61, 0x64, 0x69, 0x6E, 0x67, 0x72, 0x61, 0x70, 0x69, 0x64, 0x6C, 0x79, 0x63, 0x6C, 0x69, 0x6D, 0x61, 0x74, 0x65, 0x6B, 0x69, 0x6E, 0x67, 0x64, 0x6F,
        0x6D, 0x65, 0x6D, 0x65, 0x72, 0x67, 0x65, 0x64, 0x61, 0x6D, 0x6F, 0x75, 0x6E, 0x74, 0x73, 0x66, 0x6F, 0x75, 0x6E, 0x64, 0x65, 0x64, 0x70, 0x69, 0x6F, 0x6E, 0x65, 0x65, 0x72, 0x66, 0x6F, 0x72,
        0x6D, 0x75, 0x6C, 0x61, 0x64, 0x79, 0x6E, 0x61, 0x73, 0x74, 0x79, 0x68, 0x6F, 0x77, 0x20, 0x74, 0x6F, 0x20, 0x53, 0x75, 0x70, 0x70, 0x6F, 0x72, 0x74, 0x72, 0x65, 0x76, 0x65, 0x6E, 0x75, 0x65,
        0x65, 0x63, 0x6F, 0x6E, 0x6F, 0x6D, 0x79, 0x52, 0x65, 0x73, 0x75, 0x6C, 0x74, 0x73, 0x62, 0x72, 0x6F, 0x74, 0x68, 0x65, 0x72, 0x73, 0x6F, 0x6C, 0x64, 0x69, 0x65, 0x72, 0x6C, 0x61, 0x72, 0x67,
        0x65, 0x6C, 0x79, 0x63, 0x61, 0x6C, 0x6C, 0x69, 0x6E, 0x67, 0x2E, 0x26, 0x71, 0x75, 0x6F, 0x74, 0x3B, 0x41, 0x63, 0x63, 0x6F, 0x75, 0x6E, 0x74, 0x45, 0x64, 0x77, 0x61, 0x72, 0x64, 0x20, 0x73,
        0x65, 0x67, 0x6D, 0x65, 0x6E, 0x74, 0x52, 0x6F, 0x62, 0x65, 0x72, 0x74, 0x20, 0x65, 0x66, 0x66, 0x6F, 0x72, 0x74, 0x73, 0x50, 0x61, 0x63, 0x69, 0x66, 0x69, 0x63, 0x6C, 0x65, 0x61, 0x72, 0x6E,
        0x65, 0x64, 0x75, 0x70, 0x20, 0x77, 0x69, 0x74, 0x68, 0x68, 0x65, 0x69, 0x67, 0x68, 0x74, 0x3A, 0x77, 0x65, 0x20, 0x68, 0x61, 0x76, 0x65, 0x41, 0x6E, 0x67, 0x65, 0x6C, 0x65, 0x73, 0x6E, 0x61,
        0x74, 0x69, 0x6F, 0x6E, 0x73, 0x5F, 0x73, 0x65, 0x61, 0x72, 0x63, 0x68, 0x61, 0x70, 0x70, 0x6C, 0x69, 0x65, 0x64, 0x61, 0x63, 0x71, 0x75, 0x69, 0x72, 0x65, 0x6D, 0x61, 0x73, 0x73, 0x69, 0x76,
        0x65, 0x67, 0x72, 0x61, 0x6E, 0x74, 0x65, 0x64, 0x3A, 0x20, 0x66, 0x61, 0x6C, 0x73, 0x65, 0x74, 0x72, 0x65, 0x61, 0x74, 0x65, 0x64, 0x62, 0x69, 0x67, 0x67, 0x65, 0x73, 0x74, 0x62, 0x65, 0x6E,
        0x65, 0x66, 0x69, 0x74, 0x64, 0x72, 0x69, 0x76, 0x69, 0x6E, 0x67, 0x53, 0x74, 0x75, 0x64, 0x69, 0x65, 0x73, 0x6D, 0x69, 0x6E, 0x69, 0x6D, 0x75, 0x6D, 0x70, 0x65, 0x72, 0x68, 0x61, 0x70, 0x73,
        0x6D, 0x6F, 0x72, 0x6E, 0x69, 0x6E, 0x67, 0x73, 0x65, 0x6C, 0x6C, 0x69, 0x6E, 0x67, 0x69, 0x73, 0x20, 0x75, 0x73, 0x65, 0x64, 0x72, 0x65, 0x76, 0x65, 0x72, 0x73, 0x65, 0x76, 0x61, 0x72, 0x69,
        0x61, 0x6E, 0x74, 0x20, 0x72, 0x6F, 0x6C, 0x65, 0x3D, 0x22, 0x6D, 0x69, 0x73, 0x73, 0x69, 0x6E, 0x67, 0x61, 0x63, 0x68, 0x69, 0x65, 0x76, 0x65, 0x70, 0x72, 0x6F, 0x6D, 0x6F, 0x74, 0x65, 0x73,
        0x74, 0x75, 0x64, 0x65, 0x6E, 0x74, 0x73, 0x6F, 0x6D, 0x65, 0x6F, 0x6E, 0x65, 0x65, 0x78, 0x74, 0x72, 0x65, 0x6D, 0x65, 0x72, 0x65, 0x73, 0x74, 0x6F, 0x72, 0x65, 0x62, 0x6F, 0x74, 0x74, 0x6F,
        0x6D, 0x3A, 0x65, 0x76, 0x6F, 0x6C, 0x76, 0x65, 0x64, 0x61, 0x6C, 0x6C, 0x20, 0x74, 0x68, 0x65, 0x73, 0x69, 0x74, 0x65, 0x6D, 0x61, 0x70, 0x65, 0x6E, 0x67, 0x6C, 0x69, 0x73, 0x68, 0x77, 0x61,
        0x79, 0x20, 0x74, 0x6F, 0x20, 0x20, 0x41, 0x75, 0x67, 0x75, 0x73, 0x74, 0x73, 0x79, 0x6D, 0x62, 0x6F, 0x6C, 0x73, 0x43, 0x6F, 0x6D, 0x70, 0x61, 0x6E, 0x79, 0x6D, 0x61, 0x74, 0x74, 0x65, 0x72,
        0x73, 0x6D, 0x75, 0x73, 0x69, 0x63, 0x61, 0x6C, 0x61, 0x67, 0x61, 0x69, 0x6E, 0x73, 0x74, 0x73, 0x65, 0x72, 0x76, 0x69, 0x6E, 0x67, 0x7D, 0x29, 0x28, 0x29, 0x3B, 0x0D, 0x0A, 0x70, 0x61, 0x79,
        0x6D, 0x65, 0x6E, 0x74, 0x74, 0x72, 0x6F, 0x75, 0x62, 0x6C, 0x65, 0x63, 0x6F, 0x6E, 0x63, 0x65, 0x70, 0x74, 0x63, 0x6F, 0x6D, 0x70, 0x61, 0x72, 0x65, 0x70, 0x61, 0x72, 0x65, 0x6E, 0x74, 0x73,
        0x70, 0x6C, 0x61, 0x79, 0x65, 0x72, 0x73, 0x72, 0x65, 0x67, 0x69, 0x6F, 0x6E, 0x73, 0x6D, 0x6F, 0x6E, 0x69, 0x74, 0x6F, 0x72, 0x20, 0x27, 0x27, 0x54, 0x68, 0x65, 0x20, 0x77, 0x69, 0x6E, 0x6E,
        0x69, 0x6E, 0x67, 0x65, 0x78, 0x70, 0x6C, 0x6F, 0x72, 0x65, 0x61, 0x64, 0x61, 0x70, 0x74, 0x65, 0x64, 0x47, 0x61, 0x6C, 0x6C, 0x65, 0x72, 0x79, 0x70, 0x72, 0x6F, 0x64, 0x75, 0x63, 0x65, 0x61,
        0x62, 0x69, 0x6C, 0x69, 0x74, 0x79, 0x65, 0x6E, 0x68, 0x61, 0x6E, 0x63, 0x65, 0x63, 0x61, 0x72, 0x65, 0x65, 0x72, 0x73, 0x29, 0x2E, 0x20, 0x54, 0x68, 0x65, 0x20, 0x63, 0x6F, 0x6C, 0x6C, 0x65,
        0x63, 0x74, 0x53, 0x65, 0x61, 0x72, 0x63, 0x68, 0x20, 0x61, 0x6E, 0x63, 0x69, 0x65, 0x6E, 0x74, 0x65, 0x78, 0x69, 0x73, 0x74, 0x65, 0x64, 0x66, 0x6F, 0x6F, 0x74, 0x65, 0x72, 0x20, 0x68, 0x61,
        0x6E, 0x64, 0x6C, 0x65, 0x72, 0x70, 0x72, 0x69, 0x6E, 0x74, 0x65, 0x64, 0x63, 0x6F, 0x6E, 0x73, 0x6F, 0x6C, 0x65, 0x45, 0x61, 0x73, 0x74, 0x65, 0x72, 0x6E, 0x65, 0x78, 0x70, 0x6F, 0x72, 0x74,
        0x73, 0x77, 0x69, 0x6E, 0x64, 0x6F, 0x77, 0x73, 0x43, 0x68, 0x61, 0x6E, 0x6E, 0x65, 0x6C, 0x69, 0x6C, 0x6C, 0x65, 0x67, 0x61, 0x6C, 0x6E, 0x65, 0x75, 0x74, 0x72, 0x61, 0x6C, 0x73, 0x75, 0x67,
        0x67, 0x65, 0x73, 0x74, 0x5F, 0x68, 0x65, 0x61, 0x64, 0x65, 0x72, 0x73, 0x69, 0x67, 0x6E, 0x69, 0x6E, 0x67, 0x2E, 0x68, 0x74, 0x6D, 0x6C, 0x22, 0x3E, 0x73, 0x65, 0x74, 0x74, 0x6C, 0x65, 0x64,
        0x77, 0x65, 0x73, 0x74, 0x65, 0x72, 0x6E, 0x63, 0x61, 0x75, 0x73, 0x69, 0x6E, 0x67, 0x2D, 0x77, 0x65, 0x62, 0x6B, 0x69, 0x74, 0x63, 0x6C, 0x61, 0x69, 0x6D, 0x65, 0x64, 0x4A, 0x75, 0x73, 0x74,
        0x69, 0x63, 0x65, 0x63, 0x68, 0x61, 0x70, 0x74, 0x65, 0x72, 0x76, 0x69, 0x63, 0x74, 0x69, 0x6D, 0x73, 0x54, 0x68, 0x6F, 0x6D, 0x61, 0x73, 0x20, 0x6D, 0x6F, 0x7A, 0x69, 0x6C, 0x6C, 0x61, 0x70,
        0x72, 0x6F, 0x6D, 0x69, 0x73, 0x65, 0x70, 0x61, 0x72, 0x74, 0x69, 0x65, 0x73, 0x65, 0x64, 0x69, 0x74, 0x69, 0x6F, 0x6E, 0x6F, 0x75, 0x74, 0x73, 0x69, 0x64, 0x65, 0x3A, 0x66, 0x61, 0x6C, 0x73,
        0x65, 0x2C, 0x68, 0x75, 0x6E, 0x64, 0x72, 0x65, 0x64, 0x4F, 0x6C, 0x79, 0x6D, 0x70, 0x69, 0x63, 0x5F, 0x62, 0x75, 0x74, 0x74, 0x6F, 0x6E, 0x61, 0x75, 0x74, 0x68, 0x6F, 0x72, 0x73, 0x72, 0x65,
        0x61, 0x63, 0x68, 0x65, 0x64, 0x63, 0x68, 0x72, 0x6F, 0x6E, 0x69, 0x63, 0x64, 0x65, 0x6D, 0x61, 0x6E, 0x64, 0x73, 0x73, 0x65, 0x63, 0x6F, 0x6E, 0x64, 0x73, 0x70, 0x72, 0x6F, 0x74, 0x65, 0x63,
        0x74, 0x61, 0x64, 0x6F, 0x70, 0x74, 0x65, 0x64, 0x70, 0x72, 0x65, 0x70, 0x61, 0x72, 0x65, 0x6E, 0x65, 0x69, 0x74, 0x68, 0x65, 0x72, 0x67, 0x72, 0x65, 0x61, 0x74, 0x6C, 0x79, 0x67, 0x72, 0x65,
        0x61, 0x74, 0x65, 0x72, 0x6F, 0x76, 0x65, 0x72, 0x61, 0x6C, 0x6C, 0x69, 0x6D, 0x70, 0x72, 0x6F, 0x76, 0x65, 0x63, 0x6F, 0x6D, 0x6D, 0x61, 0x6E, 0x64, 0x73, 0x70, 0x65, 0x63, 0x69, 0x61, 0x6C,
        0x73, 0x65, 0x61, 0x72, 0x63, 0x68, 0x2E, 0x77, 0x6F, 0x72, 0x73, 0x68, 0x69, 0x70, 0x66, 0x75, 0x6E, 0x64, 0x69, 0x6E, 0x67, 0x74, 0x68, 0x6F, 0x75, 0x67, 0x68, 0x74, 0x68, 0x69, 0x67, 0x68,
        0x65, 0x73, 0x74, 0x69, 0x6E, 0x73, 0x74, 0x65, 0x61, 0x64, 0x75, 0x74, 0x69, 0x6C, 0x69, 0x74, 0x79, 0x71, 0x75, 0x61, 0x72, 0x74, 0x65, 0x72, 0x43, 0x75, 0x6C, 0x74, 0x75, 0x72, 0x65, 0x74,
        0x65, 0x73, 0x74, 0x69, 0x6E, 0x67, 0x63, 0x6C, 0x65, 0x61, 0x72, 0x6C, 0x79, 0x65, 0x78, 0x70, 0x6F, 0x73, 0x65, 0x64, 0x42, 0x72, 0x6F, 0x77, 0x73, 0x65, 0x72, 0x6C, 0x69, 0x62, 0x65, 0x72,
        0x61, 0x6C, 0x7D, 0x20, 0x63, 0x61, 0x74, 0x63, 0x68, 0x50, 0x72, 0x6F, 0x6A, 0x65, 0x63, 0x74, 0x65, 0x78, 0x61, 0x6D, 0x70, 0x6C, 0x65, 0x68, 0x69, 0x64, 0x65, 0x28, 0x29, 0x3B, 0x46, 0x6C,
        0x6F, 0x72, 0x69, 0x64, 0x61, 0x61, 0x6E, 0x73, 0x77, 0x65, 0x72, 0x73, 0x61, 0x6C, 0x6C, 0x6F, 0x77, 0x65, 0x64, 0x45, 0x6D, 0x70, 0x65, 0x72, 0x6F, 0x72, 0x64, 0x65, 0x66, 0x65, 0x6E, 0x73,
        0x65, 0x73, 0x65, 0x72, 0x69, 0x6F, 0x75, 0x73, 0x66, 0x72, 0x65, 0x65, 0x64, 0x6F, 0x6D, 0x53, 0x65, 0x76, 0x65, 0x72, 0x61, 0x6C, 0x2D, 0x62, 0x75, 0x74, 0x74, 0x6F, 0x6E, 0x46, 0x75, 0x72,
        0x74, 0x68, 0x65, 0x72, 0x6F, 0x75, 0x74, 0x20, 0x6F, 0x66, 0x20, 0x21, 0x3D, 0x20, 0x6E, 0x75, 0x6C, 0x6C, 0x74, 0x72, 0x61, 0x69, 0x6E, 0x65, 0x64, 0x44, 0x65, 0x6E, 0x6D, 0x61, 0x72, 0x6B,
        0x76, 0x6F, 0x69, 0x64, 0x28, 0x30, 0x29, 0x2F, 0x61, 0x6C, 0x6C, 0x2E, 0x6A, 0x73, 0x70, 0x72, 0x65, 0x76, 0x65, 0x6E, 0x74, 0x52, 0x65, 0x71, 0x75, 0x65, 0x73, 0x74, 0x53, 0x74, 0x65, 0x70,
        0x68, 0x65, 0x6E, 0x0A, 0x0A, 0x57, 0x68, 0x65, 0x6E, 0x20, 0x6F, 0x62, 0x73, 0x65, 0x72, 0x76, 0x65, 0x3C, 0x2F, 0x68, 0x32, 0x3E, 0x0D, 0x0A, 0x4D, 0x6F, 0x64, 0x65, 0x72, 0x6E, 0x20, 0x70,
        0x72, 0x6F, 0x76, 0x69, 0x64, 0x65, 0x22, 0x20, 0x61, 0x6C, 0x74, 0x3D, 0x22, 0x62, 0x6F, 0x72, 0x64, 0x65, 0x72, 0x73, 0x2E, 0x0A, 0x0A, 0x46, 0x6F, 0x72, 0x20, 0x0A, 0x0A, 0x4D, 0x61, 0x6E,
        0x79, 0x20, 0x61, 0x72, 0x74, 0x69, 0x73, 0x74, 0x73, 0x70, 0x6F, 0x77, 0x65, 0x72, 0x65, 0x64, 0x70, 0x65, 0x72, 0x66, 0x6F, 0x72, 0x6D, 0x66, 0x69, 0x63, 0x74, 0x69, 0x6F, 0x6E, 0x74, 0x79,
        0x70, 0x65, 0x20, 0x6F, 0x66, 0x6D, 0x65, 0x64, 0x69, 0x63, 0x61, 0x6C, 0x74, 0x69, 0x63, 0x6B, 0x65, 0x74, 0x73, 0x6F, 0x70, 0x70, 0x6F, 0x73, 0x65, 0x64, 0x43, 0x6F, 0x75, 0x6E, 0x63, 0x69,
        0x6C, 0x77, 0x69, 0x74, 0x6E, 0x65, 0x73, 0x73, 0x6A, 0x75, 0x73, 0x74, 0x69, 0x63, 0x65, 0x47, 0x65, 0x6F, 0x72, 0x67, 0x65, 0x20, 0x42, 0x65, 0x6C, 0x67, 0x69, 0x75, 0x6D, 0x2E, 0x2E, 0x2E,
        0x3C, 0x2F, 0x61, 0x3E, 0x74, 0x77, 0x69, 0x74, 0x74, 0x65, 0x72, 0x6E, 0x6F, 0x74, 0x61, 0x62, 0x6C, 0x79, 0x77, 0x61, 0x69, 0x74, 0x69, 0x6E, 0x67, 0x77, 0x61, 0x72, 0x66, 0x61, 0x72, 0x65,
        0x20, 0x4F, 0x74, 0x68, 0x65, 0x72, 0x20, 0x72, 0x61, 0x6E, 0x6B, 0x69, 0x6E, 0x67, 0x70, 0x68, 0x72, 0x61, 0x73, 0x65, 0x73, 0x6D, 0x65, 0x6E, 0x74, 0x69, 0x6F, 0x6E, 0x73, 0x75, 0x72, 0x76,
        0x69, 0x76, 0x65, 0x73, 0x63, 0x68, 0x6F, 0x6C, 0x61, 0x72, 0x3C, 0x2F, 0x70, 0x3E, 0x0D, 0x0A, 0x20, 0x43, 0x6F, 0x75, 0x6E, 0x74, 0x72, 0x79, 0x69, 0x67, 0x6E, 0x6F, 0x72, 0x65, 0x64, 0x6C,
        0x6F, 0x73, 0x73, 0x20, 0x6F, 0x66, 0x6A, 0x75, 0x73, 0x74, 0x20, 0x61, 0x73, 0x47, 0x65, 0x6F, 0x72, 0x67, 0x69, 0x61, 0x73, 0x74, 0x72, 0x61, 0x6E, 0x67, 0x65, 0x3C, 0x68, 0x65, 0x61, 0x64,
        0x3E, 0x3C, 0x73, 0x74, 0x6F, 0x70, 0x70, 0x65, 0x64, 0x31, 0x27, 0x5D, 0x29, 0x3B, 0x0D, 0x0A, 0x69, 0x73, 0x6C, 0x61, 0x6E, 0x64, 0x73, 0x6E, 0x6F, 0x74, 0x61, 0x62, 0x6C, 0x65, 0x62, 0x6F,
        0x72, 0x64, 0x65, 0x72, 0x3A, 0x6C, 0x69, 0x73, 0x74, 0x20, 0x6F, 0x66, 0x63, 0x61, 0x72, 0x72, 0x69, 0x65, 0x64, 0x31, 0x30, 0x30, 0x2C, 0x30, 0x30, 0x30, 0x3C, 0x2F, 0x68, 0x33, 0x3E, 0x0A,
        0x20, 0x73, 0x65, 0x76, 0x65, 0x72, 0x61, 0x6C, 0x62, 0x65, 0x63, 0x6F, 0x6D, 0x65, 0x73, 0x73, 0x65, 0x6C, 0x65, 0x63, 0x74, 0x20, 0x77, 0x65, 0x64, 0x64, 0x69, 0x6E, 0x67, 0x30, 0x30, 0x2E,
        0x68, 0x74, 0x6D, 0x6C, 0x6D, 0x6F, 0x6E, 0x61, 0x72, 0x63, 0x68, 0x6F, 0x66, 0x66, 0x20, 0x74, 0x68, 0x65, 0x74, 0x65, 0x61, 0x63, 0x68, 0x65, 0x72, 0x68, 0x69, 0x67, 0x68, 0x6C, 0x79, 0x20,
        0x62, 0x69, 0x6F, 0x6C, 0x6F, 0x67, 0x79, 0x6C, 0x69, 0x66, 0x65, 0x20, 0x6F, 0x66, 0x6F, 0x72, 0x20, 0x65, 0x76, 0x65, 0x6E, 0x72, 0x69, 0x73, 0x65, 0x20, 0x6F, 0x66, 0x26, 0x72, 0x61, 0x71,
        0x75, 0x6F, 0x3B, 0x70, 0x6C, 0x75, 0x73, 0x6F, 0x6E, 0x65, 0x68, 0x75, 0x6E, 0x74, 0x69, 0x6E, 0x67, 0x28, 0x74, 0x68, 0x6F, 0x75, 0x67, 0x68, 0x44, 0x6F, 0x75, 0x67, 0x6C, 0x61, 0x73, 0x6A,
        0x6F, 0x69, 0x6E, 0x69, 0x6E, 0x67, 0x63, 0x69, 0x72, 0x63, 0x6C, 0x65, 0x73, 0x46, 0x6F, 0x72, 0x20, 0x74, 0x68, 0x65, 0x41, 0x6E, 0x63, 0x69, 0x65, 0x6E, 0x74, 0x56, 0x69, 0x65, 0x74, 0x6E,
        0x61, 0x6D, 0x76, 0x65, 0x68, 0x69, 0x63, 0x6C, 0x65, 0x73, 0x75, 0x63, 0x68, 0x20, 0x61, 0x73, 0x63, 0x72, 0x79, 0x73, 0x74, 0x61, 0x6C, 0x76, 0x61, 0x6C, 0x75, 0x65, 0x20, 0x3D, 0x57, 0x69,
        0x6E, 0x64, 0x6F, 0x77, 0x73, 0x65, 0x6E, 0x6A, 0x6F, 0x79, 0x65, 0x64, 0x61, 0x20, 0x73, 0x6D, 0x61, 0x6C, 0x6C, 0x61, 0x73, 0x73, 0x75, 0x6D, 0x65, 0x64, 0x3C, 0x61, 0x20, 0x69, 0x64, 0x3D,
        0x22, 0x66, 0x6F, 0x72, 0x65, 0x69, 0x67, 0x6E, 0x20, 0x41, 0x6C, 0x6C, 0x20, 0x72, 0x69, 0x68, 0x6F, 0x77, 0x20, 0x74, 0x68, 0x65, 0x44, 0x69, 0x73, 0x70, 0x6C, 0x61, 0x79, 0x72, 0x65, 0x74,
        0x69, 0x72, 0x65, 0x64, 0x68, 0x6F, 0x77, 0x65, 0x76, 0x65, 0x72, 0x68, 0x69, 0x64, 0x64, 0x65, 0x6E, 0x3B, 0x62, 0x61, 0x74, 0x74, 0x6C, 0x65, 0x73, 0x73, 0x65, 0x65, 0x6B, 0x69, 0x6E, 0x67,
        0x63, 0x61, 0x62, 0x69, 0x6E, 0x65, 0x74, 0x77, 0x61, 0x73, 0x20, 0x6E, 0x6F, 0x74, 0x6C, 0x6F, 0x6F, 0x6B, 0x20, 0x61, 0x74, 0x63, 0x6F, 0x6E, 0x64, 0x75, 0x63, 0x74, 0x67, 0x65, 0x74, 0x20,
        0x74, 0x68, 0x65, 0x4A, 0x61, 0x6E, 0x75, 0x61, 0x72, 0x79, 0x68, 0x61, 0x70, 0x70, 0x65, 0x6E, 0x73, 0x74, 0x75, 0x72, 0x6E, 0x69, 0x6E, 0x67, 0x61, 0x3A, 0x68, 0x6F, 0x76, 0x65, 0x72, 0x4F,
        0x6E, 0x6C, 0x69, 0x6E, 0x65, 0x20, 0x46, 0x72, 0x65, 0x6E, 0x63, 0x68, 0x20, 0x6C, 0x61, 0x63, 0x6B, 0x69, 0x6E, 0x67, 0x74, 0x79, 0x70, 0x69, 0x63, 0x61, 0x6C, 0x65, 0x78, 0x74, 0x72, 0x61,
        0x63, 0x74, 0x65, 0x6E, 0x65, 0x6D, 0x69, 0x65, 0x73, 0x65, 0x76, 0x65, 0x6E, 0x20, 0x69, 0x66, 0x67, 0x65, 0x6E, 0x65, 0x72, 0x61, 0x74, 0x64, 0x65, 0x63, 0x69, 0x64, 0x65, 0x64, 0x61, 0x72,
        0x65, 0x20, 0x6E, 0x6F, 0x74, 0x2F, 0x73, 0x65, 0x61, 0x72, 0x63, 0x68, 0x62, 0x65, 0x6C, 0x69, 0x65, 0x66, 0x73, 0x2D, 0x69, 0x6D, 0x61, 0x67, 0x65, 0x3A, 0x6C, 0x6F, 0x63, 0x61, 0x74, 0x65,
        0x64, 0x73, 0x74, 0x61, 0x74, 0x69, 0x63, 0x2E, 0x6C, 0x6F, 0x67, 0x69, 0x6E, 0x22, 0x3E, 0x63, 0x6F, 0x6E, 0x76, 0x65, 0x72, 0x74, 0x76, 0x69, 0x6F, 0x6C, 0x65, 0x6E, 0x74, 0x65, 0x6E, 0x74,
        0x65, 0x72, 0x65, 0x64, 0x66, 0x69, 0x72, 0x73, 0x74, 0x22, 0x3E, 0x63, 0x69, 0x72, 0x63, 0x75, 0x69, 0x74, 0x46, 0x69, 0x6E, 0x6C, 0x61, 0x6E, 0x64, 0x63, 0x68, 0x65, 0x6D, 0x69, 0x73, 0x74,
        0x73, 0x68, 0x65, 0x20, 0x77, 0x61, 0x73, 0x31, 0x30, 0x70, 0x78, 0x3B, 0x22, 0x3E, 0x61, 0x73, 0x20, 0x73, 0x75, 0x63, 0x68, 0x64, 0x69, 0x76, 0x69, 0x64, 0x65, 0x64, 0x3C, 0x2F, 0x73, 0x70,
        0x61, 0x6E, 0x3E, 0x77, 0x69, 0x6C, 0x6C, 0x20, 0x62, 0x65, 0x6C, 0x69, 0x6E, 0x65, 0x20, 0x6F, 0x66, 0x61, 0x20, 0x67, 0x72, 0x65, 0x61, 0x74, 0x6D, 0x79, 0x73, 0x74, 0x65, 0x72, 0x79, 0x2F,
        0x69, 0x6E, 0x64, 0x65, 0x78, 0x2E, 0x66, 0x61, 0x6C, 0x6C, 0x69, 0x6E, 0x67, 0x64, 0x75, 0x65, 0x20, 0x74, 0x6F, 0x20, 0x72, 0x61, 0x69, 0x6C, 0x77, 0x61, 0x79, 0x63, 0x6F, 0x6C, 0x6C, 0x65,
        0x67, 0x65, 0x6D, 0x6F, 0x6E, 0x73, 0x74, 0x65, 0x72, 0x64, 0x65, 0x73, 0x63, 0x65, 0x6E, 0x74, 0x69, 0x74, 0x20, 0x77, 0x69, 0x74, 0x68, 0x6E, 0x75, 0x63, 0x6C, 0x65, 0x61, 0x72, 0x4A, 0x65,
        0x77, 0x69, 0x73, 0x68, 0x20, 0x70, 0x72, 0x6F, 0x74, 0x65, 0x73, 0x74, 0x42, 0x72, 0x69, 0x74, 0x69, 0x73, 0x68, 0x66, 0x6C, 0x6F, 0x77, 0x65, 0x72, 0x73, 0x70, 0x72, 0x65, 0x64, 0x69, 0x63,
        0x74, 0x72, 0x65, 0x66, 0x6F, 0x72, 0x6D, 0x73, 0x62, 0x75, 0x74, 0x74, 0x6F, 0x6E, 0x20, 0x77, 0x68, 0x6F, 0x20, 0x77, 0x61, 0x73, 0x6C, 0x65, 0x63, 0x74, 0x75, 0x72, 0x65, 0x69, 0x6E, 0x73,
        0x74, 0x61, 0x6E, 0x74, 0x73, 0x75, 0x69, 0x63, 0x69, 0x64, 0x65, 0x67, 0x65, 0x6E, 0x65, 0x72, 0x69, 0x63, 0x70, 0x65, 0x72, 0x69, 0x6F, 0x64, 0x73, 0x6D, 0x61, 0x72, 0x6B, 0x65, 0x74, 0x73,
        0x53, 0x6F, 0x63, 0x69, 0x61, 0x6C, 0x20, 0x66, 0x69, 0x73, 0x68, 0x69, 0x6E, 0x67, 0x63, 0x6F, 0x6D, 0x62, 0x69, 0x6E, 0x65, 0x67, 0x72, 0x61, 0x70, 0x68, 0x69, 0x63, 0x77, 0x69, 0x6E, 0x6E,
        0x65, 0x72, 0x73, 0x3C, 0x62, 0x72, 0x20, 0x2F, 0x3E, 0x3C, 0x62, 0x79, 0x20, 0x74, 0x68, 0x65, 0x20, 0x4E, 0x61, 0x74, 0x75, 0x72, 0x61, 0x6C, 0x50, 0x72, 0x69, 0x76, 0x61, 0x63, 0x79, 0x63,
        0x6F, 0x6F, 0x6B, 0x69, 0x65, 0x73, 0x6F, 0x75, 0x74, 0x63, 0x6F, 0x6D, 0x65, 0x72, 0x65, 0x73, 0x6F, 0x6C, 0x76, 0x65, 0x53, 0x77, 0x65, 0x64, 0x69, 0x73, 0x68, 0x62, 0x72, 0x69, 0x65, 0x66,
        0x6C, 0x79, 0x50, 0x65, 0x72, 0x73, 0x69, 0x61, 0x6E, 0x73, 0x6F, 0x20, 0x6D, 0x75, 0x63, 0x68, 0x43, 0x65, 0x6E, 0x74, 0x75, 0x72, 0x79, 0x64, 0x65, 0x70, 0x69, 0x63, 0x74, 0x73, 0x63, 0x6F,
        0x6C, 0x75, 0x6D, 0x6E, 0x73, 0x68, 0x6F, 0x75, 0x73, 0x69, 0x6E, 0x67, 0x73, 0x63, 0x72, 0x69, 0x70, 0x74, 0x73, 0x6E, 0x65, 0x78, 0x74, 0x20, 0x74, 0x6F, 0x62, 0x65, 0x61, 0x72, 0x69, 0x6E,
        0x67, 0x6D, 0x61, 0x70, 0x70, 0x69, 0x6E, 0x67, 0x72, 0x65, 0x76, 0x69, 0x73, 0x65, 0x64, 0x6A, 0x51, 0x75, 0x65, 0x72, 0x79, 0x28, 0x2D, 0x77, 0x69, 0x64, 0x74, 0x68, 0x3A, 0x74, 0x69, 0x74,
        0x6C, 0x65, 0x22, 0x3E, 0x74, 0x6F, 0x6F, 0x6C, 0x74, 0x69, 0x70, 0x53, 0x65, 0x63, 0x74, 0x69, 0x6F, 0x6E, 0x64, 0x65, 0x73, 0x69, 0x67, 0x6E, 0x73, 0x54, 0x75, 0x72, 0x6B, 0x69, 0x73, 0x68,
        0x79, 0x6F, 0x75, 0x6E, 0x67, 0x65, 0x72, 0x2E, 0x6D, 0x61, 0x74, 0x63, 0x68, 0x28, 0x7D, 0x29, 0x28, 0x29, 0x3B, 0x0A, 0x0A, 0x62, 0x75, 0x72, 0x6E, 0x69, 0x6E, 0x67, 0x6F, 0x70, 0x65, 0x72,
        0x61, 0x74, 0x65, 0x64, 0x65, 0x67, 0x72, 0x65, 0x65, 0x73, 0x73, 0x6F, 0x75, 0x72, 0x63, 0x65, 0x3D, 0x52, 0x69, 0x63, 0x68, 0x61, 0x72, 0x64, 0x63, 0x6C, 0x6F, 0x73, 0x65, 0x6C, 0x79, 0x70,
        0x6C, 0x61, 0x73, 0x74, 0x69, 0x63, 0x65, 0x6E, 0x74, 0x72, 0x69, 0x65, 0x73, 0x3C, 0x2F, 0x74, 0x72, 0x3E, 0x0D, 0x0A, 0x63, 0x6F, 0x6C, 0x6F, 0x72, 0x3A, 0x23, 0x75, 0x6C, 0x20, 0x69, 0x64,
        0x3D, 0x22, 0x70, 0x6F, 0x73, 0x73, 0x65, 0x73, 0x73, 0x72, 0x6F, 0x6C, 0x6C, 0x69, 0x6E, 0x67, 0x70, 0x68, 0x79, 0x73, 0x69, 0x63, 0x73, 0x66, 0x61, 0x69, 0x6C, 0x69, 0x6E, 0x67, 0x65, 0x78,
        0x65, 0x63, 0x75, 0x74, 0x65, 0x63, 0x6F, 0x6E, 0x74, 0x65, 0x73, 0x74, 0x6C, 0x69, 0x6E, 0x6B, 0x20, 0x74, 0x6F, 0x44, 0x65, 0x66, 0x61, 0x75, 0x6C, 0x74, 0x3C, 0x62, 0x72, 0x20, 0x2F, 0x3E,
        0x0A, 0x3A, 0x20, 0x74, 0x72, 0x75, 0x65, 0x2C, 0x63, 0x68, 0x61, 0x72, 0x74, 0x65, 0x72, 0x74, 0x6F, 0x75, 0x72, 0x69, 0x73, 0x6D, 0x63, 0x6C, 0x61, 0x73, 0x73, 0x69, 0x63, 0x70, 0x72, 0x6F,
        0x63, 0x65, 0x65, 0x64, 0x65, 0x78, 0x70, 0x6C, 0x61, 0x69, 0x6E, 0x3C, 0x2F, 0x68, 0x31, 0x3E, 0x0D, 0x0A, 0x6F, 0x6E, 0x6C, 0x69, 0x6E, 0x65, 0x2E, 0x3F, 0x78, 0x6D, 0x6C, 0x20, 0x76, 0x65,
        0x68, 0x65, 0x6C, 0x70, 0x69, 0x6E, 0x67, 0x64, 0x69, 0x61, 0x6D, 0x6F, 0x6E, 0x64, 0x75, 0x73, 0x65, 0x20, 0x74, 0x68, 0x65, 0x61, 0x69, 0x72, 0x6C, 0x69, 0x6E, 0x65, 0x65, 0x6E, 0x64, 0x20,
        0x2D, 0x2D, 0x3E, 0x29, 0x2E, 0x61, 0x74, 0x74, 0x72, 0x28, 0x72, 0x65, 0x61, 0x64, 0x65, 0x72, 0x73, 0x68, 0x6F, 0x73, 0x74, 0x69, 0x6E, 0x67, 0x23, 0x66, 0x66, 0x66, 0x66, 0x66, 0x66, 0x72,
        0x65, 0x61, 0x6C, 0x69, 0x7A, 0x65, 0x56, 0x69, 0x6E, 0x63, 0x65, 0x6E, 0x74, 0x73, 0x69, 0x67, 0x6E, 0x61, 0x6C, 0x73, 0x20, 0x73, 0x72, 0x63, 0x3D, 0x22, 0x2F, 0x50, 0x72, 0x6F, 0x64, 0x75,
        0x63, 0x74, 0x64, 0x65, 0x73, 0x70, 0x69, 0x74, 0x65, 0x64, 0x69, 0x76, 0x65, 0x72, 0x73, 0x65, 0x74, 0x65, 0x6C, 0x6C, 0x69, 0x6E, 0x67, 0x50, 0x75, 0x62, 0x6C, 0x69, 0x63, 0x20, 0x68, 0x65,
        0x6C, 0x64, 0x20, 0x69, 0x6E, 0x4A, 0x6F, 0x73, 0x65, 0x70, 0x68, 0x20, 0x74, 0x68, 0x65, 0x61, 0x74, 0x72, 0x65, 0x61, 0x66, 0x66, 0x65, 0x63, 0x74, 0x73, 0x3C, 0x73, 0x74, 0x79, 0x6C, 0x65,
        0x3E, 0x61, 0x20, 0x6C, 0x61, 0x72, 0x67, 0x65, 0x64, 0x6F, 0x65, 0x73, 0x6E, 0x27, 0x74, 0x6C, 0x61, 0x74, 0x65, 0x72, 0x2C, 0x20, 0x45, 0x6C, 0x65, 0x6D, 0x65, 0x6E, 0x74, 0x66, 0x61, 0x76,
        0x69, 0x63, 0x6F, 0x6E, 0x63, 0x72, 0x65, 0x61, 0x74, 0x6F, 0x72, 0x48, 0x75, 0x6E, 0x67, 0x61, 0x72, 0x79, 0x41, 0x69, 0x72, 0x70, 0x6F, 0x72, 0x74, 0x73, 0x65, 0x65, 0x20, 0x74, 0x68, 0x65,
        0x73, 0x6F, 0x20, 0x74, 0x68, 0x61, 0x74, 0x4D, 0x69, 0x63, 0x68, 0x61, 0x65, 0x6C, 0x53, 0x79, 0x73, 0x74, 0x65, 0x6D, 0x73, 0x50, 0x72, 0x6F, 0x67, 0x72, 0x61, 0x6D, 0x73, 0x2C, 0x20, 0x61,
        0x6E, 0x64, 0x20, 0x20, 0x77, 0x69, 0x64, 0x74, 0x68, 0x3D, 0x65, 0x26, 0x71, 0x75, 0x6F, 0x74, 0x3B, 0x74, 0x72, 0x61, 0x64, 0x69, 0x6E, 0x67, 0x6C, 0x65, 0x66, 0x74, 0x22, 0x3E, 0x0A, 0x70,
        0x65, 0x72, 0x73, 0x6F, 0x6E, 0x73, 0x47, 0x6F, 0x6C, 0x64, 0x65, 0x6E, 0x20, 0x41, 0x66, 0x66, 0x61, 0x69, 0x72, 0x73, 0x67, 0x72, 0x61, 0x6D, 0x6D, 0x61, 0x72, 0x66, 0x6F, 0x72, 0x6D, 0x69,
        0x6E, 0x67, 0x64, 0x65, 0x73, 0x74, 0x72, 0x6F, 0x79, 0x69, 0x64, 0x65, 0x61, 0x20, 0x6F, 0x66, 0x63, 0x61, 0x73, 0x65, 0x20, 0x6F, 0x66, 0x6F, 0x6C, 0x64, 0x65, 0x73, 0x74, 0x20, 0x74, 0x68,
        0x69, 0x73, 0x20, 0x69, 0x73, 0x2E, 0x73, 0x72, 0x63, 0x20, 0x3D, 0x20, 0x63, 0x61, 0x72, 0x74, 0x6F, 0x6F, 0x6E, 0x72, 0x65, 0x67, 0x69, 0x73, 0x74, 0x72, 0x43, 0x6F, 0x6D, 0x6D, 0x6F, 0x6E,
        0x73, 0x4D, 0x75, 0x73, 0x6C, 0x69, 0x6D, 0x73, 0x57, 0x68, 0x61, 0x74, 0x20, 0x69, 0x73, 0x69, 0x6E, 0x20, 0x6D, 0x61, 0x6E, 0x79, 0x6D, 0x61, 0x72, 0x6B, 0x69, 0x6E, 0x67, 0x72, 0x65, 0x76,
        0x65, 0x61, 0x6C, 0x73, 0x49, 0x6E, 0x64, 0x65, 0x65, 0x64, 0x2C, 0x65, 0x71, 0x75, 0x61, 0x6C, 0x6C, 0x79, 0x2F, 0x73, 0x68, 0x6F, 0x77, 0x5F, 0x61, 0x6F, 0x75, 0x74, 0x64, 0x6F, 0x6F, 0x72,
        0x65, 0x73, 0x63, 0x61, 0x70, 0x65, 0x28, 0x41, 0x75, 0x73, 0x74, 0x72, 0x69, 0x61, 0x67, 0x65, 0x6E, 0x65, 0x74, 0x69, 0x63, 0x73, 0x79, 0x73, 0x74, 0x65, 0x6D, 0x2C, 0x49, 0x6E, 0x20, 0x74,
        0x68, 0x65, 0x20, 0x73, 0x69, 0x74, 0x74, 0x69, 0x6E, 0x67, 0x48, 0x65, 0x20, 0x61, 0x6C, 0x73, 0x6F, 0x49, 0x73, 0x6C, 0x61, 0x6E, 0x64, 0x73, 0x41, 0x63, 0x61, 0x64, 0x65, 0x6D, 0x79, 0x0A,
        0x09, 0x09, 0x3C, 0x21, 0x2D, 0x2D, 0x44, 0x61, 0x6E, 0x69, 0x65, 0x6C, 0x20, 0x62, 0x69, 0x6E, 0x64, 0x69, 0x6E, 0x67, 0x62, 0x6C, 0x6F, 0x63, 0x6B, 0x22, 0x3E, 0x69, 0x6D, 0x70, 0x6F, 0x73,
        0x65, 0x64, 0x75, 0x74, 0x69, 0x6C, 0x69, 0x7A, 0x65, 0x41, 0x62, 0x72, 0x61, 0x68, 0x61, 0x6D, 0x28, 0x65, 0x78, 0x63, 0x65, 0x70, 0x74, 0x7B, 0x77, 0x69, 0x64, 0x74, 0x68, 0x3A, 0x70, 0x75,
        0x74, 0x74, 0x69, 0x6E, 0x67, 0x29, 0x2E, 0x68, 0x74, 0x6D, 0x6C, 0x28, 0x7C, 0x7C, 0x20, 0x5B, 0x5D, 0x3B, 0x0A, 0x44, 0x41, 0x54, 0x41, 0x5B, 0x20, 0x2A, 0x6B, 0x69, 0x74, 0x63, 0x68, 0x65,
        0x6E, 0x6D, 0x6F, 0x75, 0x6E, 0x74, 0x65, 0x64, 0x61, 0x63, 0x74, 0x75, 0x61, 0x6C, 0x20, 0x64, 0x69, 0x61, 0x6C, 0x65, 0x63, 0x74, 0x6D, 0x61, 0x69, 0x6E, 0x6C, 0x79, 0x20, 0x5F, 0x62, 0x6C,
        0x61, 0x6E, 0x6B, 0x27, 0x69, 0x6E, 0x73, 0x74, 0x61, 0x6C, 0x6C, 0x65, 0x78, 0x70, 0x65, 0x72, 0x74, 0x73, 0x69, 0x66, 0x28, 0x74, 0x79, 0x70, 0x65, 0x49, 0x74, 0x20, 0x61, 0x6C, 0x73, 0x6F,
        0x26, 0x63, 0x6F, 0x70, 0x79, 0x3B, 0x20, 0x22, 0x3E, 0x54, 0x65, 0x72, 0x6D, 0x73, 0x62, 0x6F, 0x72, 0x6E, 0x20, 0x69, 0x6E, 0x4F, 0x70, 0x74, 0x69, 0x6F, 0x6E, 0x73, 0x65, 0x61, 0x73, 0x74,
        0x65, 0x72, 0x6E, 0x74, 0x61, 0x6C, 0x6B, 0x69, 0x6E, 0x67, 0x63, 0x6F, 0x6E, 0x63, 0x65, 0x72, 0x6E, 0x67, 0x61, 0x69, 0x6E, 0x65, 0x64, 0x20, 0x6F, 0x6E, 0x67, 0x6F, 0x69, 0x6E, 0x67, 0x6A,
        0x75, 0x73, 0x74, 0x69, 0x66, 0x79, 0x63, 0x72, 0x69, 0x74, 0x69, 0x63, 0x73, 0x66, 0x61, 0x63, 0x74, 0x6F, 0x72, 0x79, 0x69, 0x74, 0x73, 0x20, 0x6F, 0x77, 0x6E, 0x61, 0x73, 0x73, 0x61, 0x75,
        0x6C, 0x74, 0x69, 0x6E, 0x76, 0x69, 0x74, 0x65, 0x64, 0x6C, 0x61, 0x73, 0x74, 0x69, 0x6E, 0x67, 0x68, 0x69, 0x73, 0x20, 0x6F, 0x77, 0x6E, 0x68, 0x72, 0x65, 0x66, 0x3D, 0x22, 0x2F, 0x22, 0x20,
        0x72, 0x65, 0x6C, 0x3D, 0x22, 0x64, 0x65, 0x76, 0x65, 0x6C, 0x6F, 0x70, 0x63, 0x6F, 0x6E, 0x63, 0x65, 0x72, 0x74, 0x64, 0x69, 0x61, 0x67, 0x72, 0x61, 0x6D, 0x64, 0x6F, 0x6C, 0x6C, 0x61, 0x72,
        0x73, 0x63, 0x6C, 0x75, 0x73, 0x74, 0x65, 0x72, 0x70, 0x68, 0x70, 0x3F, 0x69, 0x64, 0x3D, 0x61, 0x6C, 0x63, 0x6F, 0x68, 0x6F, 0x6C, 0x29, 0x3B, 0x7D, 0x29, 0x28, 0x29, 0x3B, 0x75, 0x73, 0x69,
        0x6E, 0x67, 0x20, 0x61, 0x3E, 0x3C, 0x73, 0x70, 0x61, 0x6E, 0x3E, 0x76, 0x65, 0x73, 0x73, 0x65, 0x6C, 0x73, 0x72, 0x65, 0x76, 0x69, 0x76, 0x61, 0x6C, 0x41, 0x64, 0x64, 0x72, 0x65, 0x73, 0x73,
        0x61, 0x6D, 0x61, 0x74, 0x65, 0x75, 0x72, 0x61, 0x6E, 0x64, 0x72, 0x6F, 0x69, 0x64, 0x61, 0x6C, 0x6C, 0x65, 0x67, 0x65, 0x64, 0x69, 0x6C, 0x6C, 0x6E, 0x65, 0x73, 0x73, 0x77, 0x61, 0x6C, 0x6B,
        0x69, 0x6E, 0x67, 0x63, 0x65, 0x6E, 0x74, 0x65, 0x72, 0x73, 0x71, 0x75, 0x61, 0x6C, 0x69, 0x66, 0x79, 0x6D, 0x61, 0x74, 0x63, 0x68, 0x65, 0x73, 0x75, 0x6E, 0x69, 0x66, 0x69, 0x65, 0x64, 0x65,
        0x78, 0x74, 0x69, 0x6E, 0x63, 0x74, 0x44, 0x65, 0x66, 0x65, 0x6E, 0x73, 0x65, 0x64, 0x69, 0x65, 0x64, 0x20, 0x69, 0x6E, 0x0A, 0x09, 0x3C, 0x21, 0x2D, 0x2D, 0x20, 0x63, 0x75, 0x73, 0x74, 0x6F,
        0x6D, 0x73, 0x6C, 0x69, 0x6E, 0x6B, 0x69, 0x6E, 0x67, 0x4C, 0x69, 0x74, 0x74, 0x6C, 0x65, 0x20, 0x42, 0x6F, 0x6F, 0x6B, 0x20, 0x6F, 0x66, 0x65, 0x76, 0x65, 0x6E, 0x69, 0x6E, 0x67, 0x6D, 0x69,
        0x6E, 0x2E, 0x6A, 0x73, 0x3F, 0x61, 0x72, 0x65, 0x20, 0x74, 0x68, 0x65, 0x6B, 0x6F, 0x6E, 0x74, 0x61, 0x6B, 0x74, 0x74, 0x6F, 0x64, 0x61, 0x79, 0x27, 0x73, 0x2E, 0x68, 0x74, 0x6D, 0x6C, 0x22,
        0x20, 0x74, 0x61, 0x72, 0x67, 0x65, 0x74, 0x3D, 0x77, 0x65, 0x61, 0x72, 0x69, 0x6E, 0x67, 0x41, 0x6C, 0x6C, 0x20, 0x52, 0x69, 0x67, 0x3B, 0x0A, 0x7D, 0x29, 0x28, 0x29, 0x3B, 0x72, 0x61, 0x69,
        0x73, 0x69, 0x6E, 0x67, 0x20, 0x41, 0x6C, 0x73, 0x6F, 0x2C, 0x20, 0x63, 0x72, 0x75, 0x63, 0x69, 0x61, 0x6C, 0x61, 0x62, 0x6F, 0x75, 0x74, 0x22, 0x3E, 0x64, 0x65, 0x63, 0x6C, 0x61, 0x72, 0x65,
        0x2D, 0x2D, 0x3E, 0x0A, 0x3C, 0x73, 0x63, 0x66, 0x69, 0x72, 0x65, 0x66, 0x6F, 0x78, 0x61, 0x73, 0x20, 0x6D, 0x75, 0x63, 0x68, 0x61, 0x70, 0x70, 0x6C, 0x69, 0x65, 0x73, 0x69, 0x6E, 0x64, 0x65,
        0x78, 0x2C, 0x20, 0x73, 0x2C, 0x20, 0x62, 0x75, 0x74, 0x20, 0x74, 0x79, 0x70, 0x65, 0x20, 0x3D, 0x20, 0x0A, 0x0D, 0x0A, 0x3C, 0x21, 0x2D, 0x2D, 0x74, 0x6F, 0x77, 0x61, 0x72, 0x64, 0x73, 0x52,
        0x65, 0x63, 0x6F, 0x72, 0x64, 0x73, 0x50, 0x72, 0x69, 0x76, 0x61, 0x74, 0x65, 0x46, 0x6F, 0x72, 0x65, 0x69, 0x67, 0x6E, 0x50, 0x72, 0x65, 0x6D, 0x69, 0x65, 0x72, 0x63, 0x68, 0x6F, 0x69, 0x63,
        0x65, 0x73, 0x56, 0x69, 0x72, 0x74, 0x75, 0x61, 0x6C, 0x72, 0x65, 0x74, 0x75, 0x72, 0x6E, 0x73, 0x43, 0x6F, 0x6D, 0x6D, 0x65, 0x6E, 0x74, 0x50, 0x6F, 0x77, 0x65, 0x72, 0x65, 0x64, 0x69, 0x6E,
        0x6C, 0x69, 0x6E, 0x65, 0x3B, 0x70, 0x6F, 0x76, 0x65, 0x72, 0x74, 0x79, 0x63, 0x68, 0x61, 0x6D, 0x62, 0x65, 0x72, 0x4C, 0x69, 0x76, 0x69, 0x6E, 0x67, 0x20, 0x76, 0x6F, 0x6C, 0x75, 0x6D, 0x65,
        0x73, 0x41, 0x6E, 0x74, 0x68, 0x6F, 0x6E, 0x79, 0x6C, 0x6F, 0x67, 0x69, 0x6E, 0x22, 0x20, 0x52, 0x65, 0x6C, 0x61, 0x74, 0x65, 0x64, 0x45, 0x63, 0x6F, 0x6E, 0x6F, 0x6D, 0x79, 0x72, 0x65, 0x61,
        0x63, 0x68, 0x65, 0x73, 0x63, 0x75, 0x74, 0x74, 0x69, 0x6E, 0x67, 0x67, 0x72, 0x61, 0x76, 0x69, 0x74, 0x79, 0x6C, 0x69, 0x66, 0x65, 0x20, 0x69, 0x6E, 0x43, 0x68, 0x61, 0x70, 0x74, 0x65, 0x72,
        0x2D, 0x73, 0x68, 0x61, 0x64, 0x6F, 0x77, 0x4E, 0x6F, 0x74, 0x61, 0x62, 0x6C, 0x65, 0x3C, 0x2F, 0x74, 0x64, 0x3E, 0x0D, 0x0A, 0x20, 0x72, 0x65, 0x74, 0x75, 0x72, 0x6E, 0x73, 0x74, 0x61, 0x64,
        0x69, 0x75, 0x6D, 0x77, 0x69, 0x64, 0x67, 0x65, 0x74, 0x73, 0x76, 0x61, 0x72, 0x79, 0x69, 0x6E, 0x67, 0x74, 0x72, 0x61, 0x76, 0x65, 0x6C, 0x73, 0x68, 0x65, 0x6C, 0x64, 0x20, 0x62, 0x79, 0x77,
        0x68, 0x6F, 0x20, 0x61, 0x72, 0x65, 0x77, 0x6F, 0x72, 0x6B, 0x20, 0x69, 0x6E, 0x66, 0x61, 0x63, 0x75, 0x6C, 0x74, 0x79, 0x61, 0x6E, 0x67, 0x75, 0x6C, 0x61, 0x72, 0x77, 0x68, 0x6F, 0x20, 0x68,
        0x61, 0x64, 0x61, 0x69, 0x72, 0x70, 0x6F, 0x72, 0x74, 0x74, 0x6F, 0x77, 0x6E, 0x20, 0x6F, 0x66, 0x0A, 0x0A, 0x53, 0x6F, 0x6D, 0x65, 0x20, 0x27, 0x63, 0x6C, 0x69, 0x63, 0x6B, 0x27, 0x63, 0x68,
        0x61, 0x72, 0x67, 0x65, 0x73, 0x6B, 0x65, 0x79, 0x77, 0x6F, 0x72, 0x64, 0x69, 0x74, 0x20, 0x77, 0x69, 0x6C, 0x6C, 0x63, 0x69, 0x74, 0x79, 0x20, 0x6F, 0x66, 0x28, 0x74, 0x68, 0x69, 0x73, 0x29,
        0x3B, 0x41, 0x6E, 0x64, 0x72, 0x65, 0x77, 0x20, 0x75, 0x6E, 0x69, 0x71, 0x75, 0x65, 0x20, 0x63, 0x68, 0x65, 0x63, 0x6B, 0x65, 0x64, 0x6F, 0x72, 0x20, 0x6D, 0x6F, 0x72, 0x65, 0x33, 0x30, 0x30,
        0x70, 0x78, 0x3B, 0x20, 0x72, 0x65, 0x74, 0x75, 0x72, 0x6E, 0x3B, 0x72, 0x73, 0x69, 0x6F, 0x6E, 0x3D, 0x22, 0x70, 0x6C, 0x75, 0x67, 0x69, 0x6E, 0x73, 0x77, 0x69, 0x74, 0x68, 0x69, 0x6E, 0x20,
        0x68, 0x65, 0x72, 0x73, 0x65, 0x6C, 0x66, 0x53, 0x74, 0x61, 0x74, 0x69, 0x6F, 0x6E, 0x46, 0x65, 0x64, 0x65, 0x72, 0x61, 0x6C, 0x76, 0x65, 0x6E, 0x74, 0x75, 0x72, 0x65, 0x70, 0x75, 0x62, 0x6C,
        0x69, 0x73, 0x68, 0x73, 0x65, 0x6E, 0x74, 0x20, 0x74, 0x6F, 0x74, 0x65, 0x6E, 0x73, 0x69, 0x6F, 0x6E, 0x61, 0x63, 0x74, 0x72, 0x65, 0x73, 0x73, 0x63, 0x6F, 0x6D, 0x65, 0x20, 0x74, 0x6F, 0x66,
        0x69, 0x6E, 0x67, 0x65, 0x72, 0x73, 0x44, 0x75, 0x6B, 0x65, 0x20, 0x6F, 0x66, 0x70, 0x65, 0x6F, 0x70, 0x6C, 0x65, 0x2C, 0x65, 0x78, 0x70, 0x6C, 0x6F, 0x69, 0x74, 0x77, 0x68, 0x61, 0x74, 0x20,
        0x69, 0x73, 0x68, 0x61, 0x72, 0x6D, 0x6F, 0x6E, 0x79, 0x61, 0x20, 0x6D, 0x61, 0x6A, 0x6F, 0x72, 0x22, 0x3A, 0x22, 0x68, 0x74, 0x74, 0x70, 0x69, 0x6E, 0x20, 0x68, 0x69, 0x73, 0x20, 0x6D, 0x65,
        0x6E, 0x75, 0x22, 0x3E, 0x0A, 0x6D, 0x6F, 0x6E, 0x74, 0x68, 0x6C, 0x79, 0x6F, 0x66, 0x66, 0x69, 0x63, 0x65, 0x72, 0x63, 0x6F, 0x75, 0x6E, 0x63, 0x69, 0x6C, 0x67, 0x61, 0x69, 0x6E, 0x69, 0x6E,
        0x67, 0x65, 0x76, 0x65, 0x6E, 0x20, 0x69, 0x6E, 0x53, 0x75, 0x6D, 0x6D, 0x61, 0x72, 0x79, 0x64, 0x61, 0x74, 0x65, 0x20, 0x6F, 0x66, 0x6C, 0x6F, 0x79, 0x61, 0x6C, 0x74, 0x79, 0x66, 0x69, 0x74,
        0x6E, 0x65, 0x73, 0x73, 0x61, 0x6E, 0x64, 0x20, 0x77, 0x61, 0x73, 0x65, 0x6D, 0x70, 0x65, 0x72, 0x6F, 0x72, 0x73, 0x75, 0x70, 0x72, 0x65, 0x6D, 0x65, 0x53, 0x65, 0x63, 0x6F, 0x6E, 0x64, 0x20,
        0x68, 0x65, 0x61, 0x72, 0x69, 0x6E, 0x67, 0x52, 0x75, 0x73, 0x73, 0x69, 0x61, 0x6E, 0x6C, 0x6F, 0x6E, 0x67, 0x65, 0x73, 0x74, 0x41, 0x6C, 0x62, 0x65, 0x72, 0x74, 0x61, 0x6C, 0x61, 0x74, 0x65,
        0x72, 0x61, 0x6C, 0x73, 0x65, 0x74, 0x20, 0x6F, 0x66, 0x20, 0x73, 0x6D, 0x61, 0x6C, 0x6C, 0x22, 0x3E, 0x2E, 0x61, 0x70, 0x70, 0x65, 0x6E, 0x64, 0x64, 0x6F, 0x20, 0x77, 0x69, 0x74, 0x68, 0x66,
        0x65, 0x64, 0x65, 0x72, 0x61, 0x6C, 0x62, 0x61, 0x6E, 0x6B, 0x20, 0x6F, 0x66, 0x62, 0x65, 0x6E, 0x65, 0x61, 0x74, 0x68, 0x44, 0x65, 0x73, 0x70, 0x69, 0x74, 0x65, 0x43, 0x61, 0x70, 0x69, 0x74,
        0x61, 0x6C, 0x67, 0x72, 0x6F, 0x75, 0x6E, 0x64, 0x73, 0x29, 0x2C, 0x20, 0x61, 0x6E, 0x64, 0x20, 0x70, 0x65, 0x72, 0x63, 0x65, 0x6E, 0x74, 0x69, 0x74, 0x20, 0x66, 0x72, 0x6F, 0x6D, 0x63, 0x6C,
        0x6F, 0x73, 0x69, 0x6E, 0x67, 0x63, 0x6F, 0x6E, 0x74, 0x61, 0x69, 0x6E, 0x49, 0x6E, 0x73, 0x74, 0x65, 0x61, 0x64, 0x66, 0x69, 0x66, 0x74, 0x65, 0x65, 0x6E, 0x61, 0x73, 0x20, 0x77, 0x65, 0x6C,
        0x6C, 0x2E, 0x79, 0x61, 0x68, 0x6F, 0x6F, 0x2E, 0x72, 0x65, 0x73, 0x70, 0x6F, 0x6E, 0x64, 0x66, 0x69, 0x67, 0x68, 0x74, 0x65, 0x72, 0x6F, 0x62, 0x73, 0x63, 0x75, 0x72, 0x65, 0x72, 0x65, 0x66,
        0x6C, 0x65, 0x63, 0x74, 0x6F, 0x72, 0x67, 0x61, 0x6E, 0x69, 0x63, 0x3D, 0x20, 0x4D, 0x61, 0x74, 0x68, 0x2E, 0x65, 0x64, 0x69, 0x74, 0x69, 0x6E, 0x67, 0x6F, 0x6E, 0x6C, 0x69, 0x6E, 0x65, 0x20,
        0x70, 0x61, 0x64, 0x64, 0x69, 0x6E, 0x67, 0x61, 0x20, 0x77, 0x68, 0x6F, 0x6C, 0x65, 0x6F, 0x6E, 0x65, 0x72, 0x72, 0x6F, 0x72, 0x79, 0x65, 0x61, 0x72, 0x20, 0x6F, 0x66, 0x65, 0x6E, 0x64, 0x20,
        0x6F, 0x66, 0x20, 0x62, 0x61, 0x72, 0x72, 0x69, 0x65, 0x72, 0x77, 0x68, 0x65, 0x6E, 0x20, 0x69, 0x74, 0x68, 0x65, 0x61, 0x64, 0x65, 0x72, 0x20, 0x68, 0x6F, 0x6D, 0x65, 0x20, 0x6F, 0x66, 0x72,
        0x65, 0x73, 0x75, 0x6D, 0x65, 0x64, 0x72, 0x65, 0x6E, 0x61, 0x6D, 0x65, 0x64, 0x73, 0x74, 0x72, 0x6F, 0x6E, 0x67, 0x3E, 0x68, 0x65, 0x61, 0x74, 0x69, 0x6E, 0x67, 0x72, 0x65, 0x74, 0x61, 0x69,
        0x6E, 0x73, 0x63, 0x6C, 0x6F, 0x75, 0x64, 0x66, 0x72, 0x77, 0x61, 0x79, 0x20, 0x6F, 0x66, 0x20, 0x4D, 0x61, 0x72, 0x63, 0x68, 0x20, 0x31, 0x6B, 0x6E, 0x6F, 0x77, 0x69, 0x6E, 0x67, 0x69, 0x6E,
        0x20, 0x70, 0x61, 0x72, 0x74, 0x42, 0x65, 0x74, 0x77, 0x65, 0x65, 0x6E, 0x6C, 0x65, 0x73, 0x73, 0x6F, 0x6E, 0x73, 0x63, 0x6C, 0x6F, 0x73, 0x65, 0x73, 0x74, 0x76, 0x69, 0x72, 0x74, 0x75, 0x61,
        0x6C, 0x6C, 0x69, 0x6E, 0x6B, 0x73, 0x22, 0x3E, 0x63, 0x72, 0x6F, 0x73, 0x73, 0x65, 0x64, 0x45, 0x4E, 0x44, 0x20, 0x2D, 0x2D, 0x3E, 0x66, 0x61, 0x6D, 0x6F, 0x75, 0x73, 0x20, 0x61, 0x77, 0x61,
        0x72, 0x64, 0x65, 0x64, 0x4C, 0x69, 0x63, 0x65, 0x6E, 0x73, 0x65, 0x48, 0x65, 0x61, 0x6C, 0x74, 0x68, 0x20, 0x66, 0x61, 0x69, 0x72, 0x6C, 0x79, 0x20, 0x77, 0x65, 0x61, 0x6C, 0x74, 0x68, 0x79,
        0x6D, 0x69, 0x6E, 0x69, 0x6D, 0x61, 0x6C, 0x41, 0x66, 0x72, 0x69, 0x63, 0x61, 0x6E, 0x63, 0x6F, 0x6D, 0x70, 0x65, 0x74, 0x65, 0x6C, 0x61, 0x62, 0x65, 0x6C, 0x22, 0x3E, 0x73, 0x69, 0x6E, 0x67,
        0x69, 0x6E, 0x67, 0x66, 0x61, 0x72, 0x6D, 0x65, 0x72, 0x73, 0x42, 0x72, 0x61, 0x73, 0x69, 0x6C, 0x29, 0x64, 0x69, 0x73, 0x63, 0x75, 0x73, 0x73, 0x72, 0x65, 0x70, 0x6C, 0x61, 0x63, 0x65, 0x47,
        0x72, 0x65, 0x67, 0x6F, 0x72, 0x79, 0x66, 0x6F, 0x6E, 0x74, 0x20, 0x63, 0x6F, 0x70, 0x75, 0x72, 0x73, 0x75, 0x65, 0x64, 0x61, 0x70, 0x70, 0x65, 0x61, 0x72, 0x73, 0x6D, 0x61, 0x6B, 0x65, 0x20,
        0x75, 0x70, 0x72, 0x6F, 0x75, 0x6E, 0x64, 0x65, 0x64, 0x62, 0x6F, 0x74, 0x68, 0x20, 0x6F, 0x66, 0x62, 0x6C, 0x6F, 0x63, 0x6B, 0x65, 0x64, 0x73, 0x61, 0x77, 0x20, 0x74, 0x68, 0x65, 0x6F, 0x66,
        0x66, 0x69, 0x63, 0x65, 0x73, 0x63, 0x6F, 0x6C, 0x6F, 0x75, 0x72, 0x73, 0x69, 0x66, 0x28, 0x64, 0x6F, 0x63, 0x75, 0x77, 0x68, 0x65, 0x6E, 0x20, 0x68, 0x65, 0x65, 0x6E, 0x66, 0x6F, 0x72, 0x63,
        0x65, 0x70, 0x75, 0x73, 0x68, 0x28, 0x66, 0x75, 0x41, 0x75, 0x67, 0x75, 0x73, 0x74, 0x20, 0x55, 0x54, 0x46, 0x2D, 0x38, 0x22, 0x3E, 0x46, 0x61, 0x6E, 0x74, 0x61, 0x73, 0x79, 0x69, 0x6E, 0x20,
        0x6D, 0x6F, 0x73, 0x74, 0x69, 0x6E, 0x6A, 0x75, 0x72, 0x65, 0x64, 0x55, 0x73, 0x75, 0x61, 0x6C, 0x6C, 0x79, 0x66, 0x61, 0x72, 0x6D, 0x69, 0x6E, 0x67, 0x63, 0x6C, 0x6F, 0x73, 0x75, 0x72, 0x65,
        0x6F, 0x62, 0x6A, 0x65, 0x63, 0x74, 0x20, 0x64, 0x65, 0x66, 0x65, 0x6E, 0x63, 0x65, 0x75, 0x73, 0x65, 0x20, 0x6F, 0x66, 0x20, 0x4D, 0x65, 0x64, 0x69, 0x63, 0x61, 0x6C, 0x3C, 0x62, 0x6F, 0x64,
        0x79, 0x3E, 0x0A, 0x65, 0x76, 0x69, 0x64, 0x65, 0x6E, 0x74, 0x62, 0x65, 0x20, 0x75, 0x73, 0x65, 0x64, 0x6B, 0x65, 0x79, 0x43, 0x6F, 0x64, 0x65, 0x73, 0x69, 0x78, 0x74, 0x65, 0x65, 0x6E, 0x49,
        0x73, 0x6C, 0x61, 0x6D, 0x69, 0x63, 0x23, 0x30, 0x30, 0x30, 0x30, 0x30, 0x30, 0x65, 0x6E, 0x74, 0x69, 0x72, 0x65, 0x20, 0x77, 0x69, 0x64, 0x65, 0x6C, 0x79, 0x20, 0x61, 0x63, 0x74, 0x69, 0x76,
        0x65, 0x20, 0x28, 0x74, 0x79, 0x70, 0x65, 0x6F, 0x66, 0x6F, 0x6E, 0x65, 0x20, 0x63, 0x61, 0x6E, 0x63, 0x6F, 0x6C, 0x6F, 0x72, 0x20, 0x3D, 0x73, 0x70, 0x65, 0x61, 0x6B, 0x65, 0x72, 0x65, 0x78,
        0x74, 0x65, 0x6E, 0x64, 0x73, 0x50, 0x68, 0x79, 0x73, 0x69, 0x63, 0x73, 0x74, 0x65, 0x72, 0x72, 0x61, 0x69, 0x6E, 0x3C, 0x74, 0x62, 0x6F, 0x64, 0x79, 0x3E, 0x66, 0x75, 0x6E, 0x65, 0x72, 0x61,
        0x6C, 0x76, 0x69, 0x65, 0x77, 0x69, 0x6E, 0x67, 0x6D, 0x69, 0x64, 0x64, 0x6C, 0x65, 0x20, 0x63, 0x72, 0x69, 0x63, 0x6B, 0x65, 0x74, 0x70, 0x72, 0x6F, 0x70, 0x68, 0x65, 0x74, 0x73, 0x68, 0x69,
        0x66, 0x74, 0x65, 0x64, 0x64, 0x6F, 0x63, 0x74, 0x6F, 0x72, 0x73, 0x52, 0x75, 0x73, 0x73, 0x65, 0x6C, 0x6C, 0x20, 0x74, 0x61, 0x72, 0x67, 0x65, 0x74, 0x63, 0x6F, 0x6D, 0x70, 0x61, 0x63, 0x74,
        0x61, 0x6C, 0x67, 0x65, 0x62, 0x72, 0x61, 0x73, 0x6F, 0x63, 0x69, 0x61, 0x6C, 0x2D, 0x62, 0x75, 0x6C, 0x6B, 0x20, 0x6F, 0x66, 0x6D, 0x61, 0x6E, 0x20, 0x61, 0x6E, 0x64, 0x3C, 0x2F, 0x74, 0x64,
        0x3E, 0x0A, 0x20, 0x68, 0x65, 0x20, 0x6C, 0x65, 0x66, 0x74, 0x29, 0x2E, 0x76, 0x61, 0x6C, 0x28, 0x29, 0x66, 0x61, 0x6C, 0x73, 0x65, 0x29, 0x3B, 0x6C, 0x6F, 0x67, 0x69, 0x63, 0x61, 0x6C, 0x62,
        0x61, 0x6E, 0x6B, 0x69, 0x6E, 0x67, 0x68, 0x6F, 0x6D, 0x65, 0x20, 0x74, 0x6F, 0x6E, 0x61, 0x6D, 0x69, 0x6E, 0x67, 0x20, 0x41, 0x72, 0x69, 0x7A, 0x6F, 0x6E, 0x61, 0x63, 0x72, 0x65, 0x64, 0x69,
        0x74, 0x73, 0x29, 0x3B, 0x0A, 0x7D, 0x29, 0x3B, 0x0A, 0x66, 0x6F, 0x75, 0x6E, 0x64, 0x65, 0x72, 0x69, 0x6E, 0x20, 0x74, 0x75, 0x72, 0x6E, 0x43, 0x6F, 0x6C, 0x6C, 0x69, 0x6E, 0x73, 0x62, 0x65,
        0x66, 0x6F, 0x72, 0x65, 0x20, 0x42, 0x75, 0x74, 0x20, 0x74, 0x68, 0x65, 0x63, 0x68, 0x61, 0x72, 0x67, 0x65, 0x64, 0x54, 0x69, 0x74, 0x6C, 0x65, 0x22, 0x3E, 0x43, 0x61, 0x70, 0x74, 0x61, 0x69,
        0x6E, 0x73, 0x70, 0x65, 0x6C, 0x6C, 0x65, 0x64, 0x67, 0x6F, 0x64, 0x64, 0x65, 0x73, 0x73, 0x54, 0x61, 0x67, 0x20, 0x2D, 0x2D, 0x3E, 0x41, 0x64, 0x64, 0x69, 0x6E, 0x67, 0x3A, 0x62, 0x75, 0x74,
        0x20, 0x77, 0x61, 0x73, 0x52, 0x65, 0x63, 0x65, 0x6E, 0x74, 0x20, 0x70, 0x61, 0x74, 0x69, 0x65, 0x6E, 0x74, 0x62, 0x61, 0x63, 0x6B, 0x20, 0x69, 0x6E, 0x3D, 0x66, 0x61, 0x6C, 0x73, 0x65, 0x26,
        0x4C, 0x69, 0x6E, 0x63, 0x6F, 0x6C, 0x6E, 0x77, 0x65, 0x20, 0x6B, 0x6E, 0x6F, 0x77, 0x43, 0x6F, 0x75, 0x6E, 0x74, 0x65, 0x72, 0x4A, 0x75, 0x64, 0x61, 0x69, 0x73, 0x6D, 0x73, 0x63, 0x72, 0x69,
        0x70, 0x74, 0x20, 0x61, 0x6C, 0x74, 0x65, 0x72, 0x65, 0x64, 0x27, 0x5D, 0x29, 0x3B, 0x0A, 0x20, 0x20, 0x68, 0x61, 0x73, 0x20, 0x74, 0x68, 0x65, 0x75, 0x6E, 0x63, 0x6C, 0x65, 0x61, 0x72, 0x45,
        0x76, 0x65, 0x6E, 0x74, 0x27, 0x2C, 0x62, 0x6F, 0x74, 0x68, 0x20, 0x69, 0x6E, 0x6E, 0x6F, 0x74, 0x20, 0x61, 0x6C, 0x6C, 0x0A, 0x0A, 0x3C, 0x21, 0x2D, 0x2D, 0x20, 0x70, 0x6C, 0x61, 0x63, 0x69,
        0x6E, 0x67, 0x68, 0x61, 0x72, 0x64, 0x20, 0x74, 0x6F, 0x20, 0x63, 0x65, 0x6E, 0x74, 0x65, 0x72, 0x73, 0x6F, 0x72, 0x74, 0x20, 0x6F, 0x66, 0x63, 0x6C, 0x69, 0x65, 0x6E, 0x74, 0x73, 0x73, 0x74,
        0x72, 0x65, 0x65, 0x74, 0x73, 0x42, 0x65, 0x72, 0x6E, 0x61, 0x72, 0x64, 0x61, 0x73, 0x73, 0x65, 0x72, 0x74, 0x73, 0x74, 0x65, 0x6E, 0x64, 0x20, 0x74, 0x6F, 0x66, 0x61, 0x6E, 0x74, 0x61, 0x73,
        0x79, 0x64, 0x6F, 0x77, 0x6E, 0x20, 0x69, 0x6E, 0x68, 0x61, 0x72, 0x62, 0x6F, 0x75, 0x72, 0x46, 0x72, 0x65, 0x65, 0x64, 0x6F, 0x6D, 0x6A, 0x65, 0x77, 0x65, 0x6C, 0x72, 0x79, 0x2F, 0x61, 0x62,
        0x6F, 0x75, 0x74, 0x2E, 0x2E, 0x73, 0x65, 0x61, 0x72, 0x63, 0x68, 0x6C, 0x65, 0x67, 0x65, 0x6E, 0x64, 0x73, 0x69, 0x73, 0x20, 0x6D, 0x61, 0x64, 0x65, 0x6D, 0x6F, 0x64, 0x65, 0x72, 0x6E, 0x20,
        0x6F, 0x6E, 0x6C, 0x79, 0x20, 0x6F, 0x6E, 0x6F, 0x6E, 0x6C, 0x79, 0x20, 0x74, 0x6F, 0x69, 0x6D, 0x61, 0x67, 0x65, 0x22, 0x20, 0x6C, 0x69, 0x6E, 0x65, 0x61, 0x72, 0x20, 0x70, 0x61, 0x69, 0x6E,
        0x74, 0x65, 0x72, 0x61, 0x6E, 0x64, 0x20, 0x6E, 0x6F, 0x74, 0x72, 0x61, 0x72, 0x65, 0x6C, 0x79, 0x20, 0x61, 0x63, 0x72, 0x6F, 0x6E, 0x79, 0x6D, 0x64, 0x65, 0x6C, 0x69, 0x76, 0x65, 0x72, 0x73,
        0x68, 0x6F, 0x72, 0x74, 0x65, 0x72, 0x30, 0x30, 0x26, 0x61, 0x6D, 0x70, 0x3B, 0x61, 0x73, 0x20, 0x6D, 0x61, 0x6E, 0x79, 0x77, 0x69, 0x64, 0x74, 0x68, 0x3D, 0x22, 0x2F, 0x2A, 0x20, 0x3C, 0x21,
        0x5B, 0x43, 0x74, 0x69, 0x74, 0x6C, 0x65, 0x20, 0x3D, 0x6F, 0x66, 0x20, 0x74, 0x68, 0x65, 0x20, 0x6C, 0x6F, 0x77, 0x65, 0x73, 0x74, 0x20, 0x70, 0x69, 0x63, 0x6B, 0x65, 0x64, 0x20, 0x65, 0x73,
        0x63, 0x61, 0x70, 0x65, 0x64, 0x75, 0x73, 0x65, 0x73, 0x20, 0x6F, 0x66, 0x70, 0x65, 0x6F, 0x70, 0x6C, 0x65, 0x73, 0x20, 0x50, 0x75, 0x62, 0x6C, 0x69, 0x63, 0x4D, 0x61, 0x74, 0x74, 0x68, 0x65,
        0x77, 0x74, 0x61, 0x63, 0x74, 0x69, 0x63, 0x73, 0x64, 0x61, 0x6D, 0x61, 0x67, 0x65, 0x64, 0x77, 0x61, 0x79, 0x20, 0x66, 0x6F, 0x72, 0x6C, 0x61, 0x77, 0x73, 0x20, 0x6F, 0x66, 0x65, 0x61, 0x73,
        0x79, 0x20, 0x74, 0x6F, 0x20, 0x77, 0x69, 0x6E, 0x64, 0x6F, 0x77, 0x73, 0x74, 0x72, 0x6F, 0x6E, 0x67, 0x20, 0x20, 0x73, 0x69, 0x6D, 0x70, 0x6C, 0x65, 0x7D, 0x63, 0x61, 0x74, 0x63, 0x68, 0x28,
        0x73, 0x65, 0x76, 0x65, 0x6E, 0x74, 0x68, 0x69, 0x6E, 0x66, 0x6F, 0x62, 0x6F, 0x78, 0x77, 0x65, 0x6E, 0x74, 0x20, 0x74, 0x6F, 0x70, 0x61, 0x69, 0x6E, 0x74, 0x65, 0x64, 0x63, 0x69, 0x74, 0x69,
        0x7A, 0x65, 0x6E, 0x49, 0x20, 0x64, 0x6F, 0x6E, 0x27, 0x74, 0x72, 0x65, 0x74, 0x72, 0x65, 0x61, 0x74, 0x2E, 0x20, 0x53, 0x6F, 0x6D, 0x65, 0x20, 0x77, 0x77, 0x2E, 0x22, 0x29, 0x3B, 0x0A, 0x62,
        0x6F, 0x6D, 0x62, 0x69, 0x6E, 0x67, 0x6D, 0x61, 0x69, 0x6C, 0x74, 0x6F, 0x3A, 0x6D, 0x61, 0x64, 0x65, 0x20, 0x69, 0x6E, 0x2E, 0x20, 0x4D, 0x61, 0x6E, 0x79, 0x20, 0x63, 0x61, 0x72, 0x72, 0x69,
        0x65, 0x73, 0x7C, 0x7C, 0x7B, 0x7D, 0x3B, 0x77, 0x69, 0x77, 0x6F, 0x72, 0x6B, 0x20, 0x6F, 0x66, 0x73, 0x79, 0x6E, 0x6F, 0x6E, 0x79, 0x6D, 0x64, 0x65, 0x66, 0x65, 0x61, 0x74, 0x73, 0x66, 0x61,
        0x76, 0x6F, 0x72, 0x65, 0x64, 0x6F, 0x70, 0x74, 0x69, 0x63, 0x61, 0x6C, 0x70, 0x61, 0x67, 0x65, 0x54, 0x72, 0x61, 0x75, 0x6E, 0x6C, 0x65, 0x73, 0x73, 0x20, 0x73, 0x65, 0x6E, 0x64, 0x69, 0x6E,
        0x67, 0x6C, 0x65, 0x66, 0x74, 0x22, 0x3E, 0x3C, 0x63, 0x6F, 0x6D, 0x53, 0x63, 0x6F, 0x72, 0x41, 0x6C, 0x6C, 0x20, 0x74, 0x68, 0x65, 0x6A, 0x51, 0x75, 0x65, 0x72, 0x79, 0x2E, 0x74, 0x6F, 0x75,
        0x72, 0x69, 0x73, 0x74, 0x43, 0x6C, 0x61, 0x73, 0x73, 0x69, 0x63, 0x66, 0x61, 0x6C, 0x73, 0x65, 0x22, 0x20, 0x57, 0x69, 0x6C, 0x68, 0x65, 0x6C, 0x6D, 0x73, 0x75, 0x62, 0x75, 0x72, 0x62, 0x73,
        0x67, 0x65, 0x6E, 0x75, 0x69, 0x6E, 0x65, 0x62, 0x69, 0x73, 0x68, 0x6F, 0x70, 0x73, 0x2E, 0x73, 0x70, 0x6C, 0x69, 0x74, 0x28, 0x67, 0x6C, 0x6F, 0x62, 0x61, 0x6C, 0x20, 0x66, 0x6F, 0x6C, 0x6C,
        0x6F, 0x77, 0x73, 0x62, 0x6F, 0x64, 0x79, 0x20, 0x6F, 0x66, 0x6E, 0x6F, 0x6D, 0x69, 0x6E, 0x61, 0x6C, 0x43, 0x6F, 0x6E, 0x74, 0x61, 0x63, 0x74, 0x73, 0x65, 0x63, 0x75, 0x6C, 0x61, 0x72, 0x6C,
        0x65, 0x66, 0x74, 0x20, 0x74, 0x6F, 0x63, 0x68, 0x69, 0x65, 0x66, 0x6C, 0x79, 0x2D, 0x68, 0x69, 0x64, 0x64, 0x65, 0x6E, 0x2D, 0x62, 0x61, 0x6E, 0x6E, 0x65, 0x72, 0x3C, 0x2F, 0x6C, 0x69, 0x3E,
        0x0A, 0x0A, 0x2E, 0x20, 0x57, 0x68, 0x65, 0x6E, 0x20, 0x69, 0x6E, 0x20, 0x62, 0x6F, 0x74, 0x68, 0x64, 0x69, 0x73, 0x6D, 0x69, 0x73, 0x73, 0x45, 0x78, 0x70, 0x6C, 0x6F, 0x72, 0x65, 0x61, 0x6C,
        0x77, 0x61, 0x79, 0x73, 0x20, 0x76, 0x69, 0x61, 0x20, 0x74, 0x68, 0x65, 0x73, 0x70, 0x61, 0xC3, 0xB1, 0x6F, 0x6C, 0x77, 0x65, 0x6C, 0x66, 0x61, 0x72, 0x65, 0x72, 0x75, 0x6C, 0x69, 0x6E, 0x67,
        0x20, 0x61, 0x72, 0x72, 0x61, 0x6E, 0x67, 0x65, 0x63, 0x61, 0x70, 0x74, 0x61, 0x69, 0x6E, 0x68, 0x69, 0x73, 0x20, 0x73, 0x6F, 0x6E, 0x72, 0x75, 0x6C, 0x65, 0x20, 0x6F, 0x66, 0x68, 0x65, 0x20,
        0x74, 0x6F, 0x6F, 0x6B, 0x69, 0x74, 0x73, 0x65, 0x6C, 0x66, 0x2C, 0x3D, 0x30, 0x26, 0x61, 0x6D, 0x70, 0x3B, 0x28, 0x63, 0x61, 0x6C, 0x6C, 0x65, 0x64, 0x73, 0x61, 0x6D, 0x70, 0x6C, 0x65, 0x73,
        0x74, 0x6F, 0x20, 0x6D, 0x61, 0x6B, 0x65, 0x63, 0x6F, 0x6D, 0x2F, 0x70, 0x61, 0x67, 0x4D, 0x61, 0x72, 0x74, 0x69, 0x6E, 0x20, 0x4B, 0x65, 0x6E, 0x6E, 0x65, 0x64, 0x79, 0x61, 0x63, 0x63, 0x65,
        0x70, 0x74, 0x73, 0x66, 0x75, 0x6C, 0x6C, 0x20, 0x6F, 0x66, 0x68, 0x61, 0x6E, 0x64, 0x6C, 0x65, 0x64, 0x42, 0x65, 0x73, 0x69, 0x64, 0x65, 0x73, 0x2F, 0x2F, 0x2D, 0x2D, 0x3E, 0x3C, 0x2F, 0x61,
        0x62, 0x6C, 0x65, 0x20, 0x74, 0x6F, 0x74, 0x61, 0x72, 0x67, 0x65, 0x74, 0x73, 0x65, 0x73, 0x73, 0x65, 0x6E, 0x63, 0x65, 0x68, 0x69, 0x6D, 0x20, 0x74, 0x6F, 0x20, 0x69, 0x74, 0x73, 0x20, 0x62,
        0x79, 0x20, 0x63, 0x6F, 0x6D, 0x6D, 0x6F, 0x6E, 0x2E, 0x6D, 0x69, 0x6E, 0x65, 0x72, 0x61, 0x6C, 0x74, 0x6F, 0x20, 0x74, 0x61, 0x6B, 0x65, 0x77, 0x61, 0x79, 0x73, 0x20, 0x74, 0x6F, 0x73, 0x2E,
        0x6F, 0x72, 0x67, 0x2F, 0x6C, 0x61, 0x64, 0x76, 0x69, 0x73, 0x65, 0x64, 0x70, 0x65, 0x6E, 0x61, 0x6C, 0x74, 0x79, 0x73, 0x69, 0x6D, 0x70, 0x6C, 0x65, 0x3A, 0x69, 0x66, 0x20, 0x74, 0x68, 0x65,
        0x79, 0x4C, 0x65, 0x74, 0x74, 0x65, 0x72, 0x73, 0x61, 0x20, 0x73, 0x68, 0x6F, 0x72, 0x74, 0x48, 0x65, 0x72, 0x62, 0x65, 0x72, 0x74, 0x73, 0x74, 0x72, 0x69, 0x6B, 0x65, 0x73, 0x20, 0x67, 0x72,
        0x6F, 0x75, 0x70, 0x73, 0x2E, 0x6C, 0x65, 0x6E, 0x67, 0x74, 0x68, 0x66, 0x6C, 0x69, 0x67, 0x68, 0x74, 0x73, 0x6F, 0x76, 0x65, 0x72, 0x6C, 0x61, 0x70, 0x73, 0x6C, 0x6F, 0x77, 0x6C, 0x79, 0x20,
        0x6C, 0x65, 0x73, 0x73, 0x65, 0x72, 0x20, 0x73, 0x6F, 0x63, 0x69, 0x61, 0x6C, 0x20, 0x3C, 0x2F, 0x70, 0x3E, 0x0A, 0x09, 0x09, 0x69, 0x74, 0x20, 0x69, 0x6E, 0x74, 0x6F, 0x72, 0x61, 0x6E, 0x6B,
        0x65, 0x64, 0x20, 0x72, 0x61, 0x74, 0x65, 0x20, 0x6F, 0x66, 0x75, 0x6C, 0x3E, 0x0D, 0x0A, 0x20, 0x20, 0x61, 0x74, 0x74, 0x65, 0x6D, 0x70, 0x74, 0x70, 0x61, 0x69, 0x72, 0x20, 0x6F, 0x66, 0x6D,
        0x61, 0x6B, 0x65, 0x20, 0x69, 0x74, 0x4B, 0x6F, 0x6E, 0x74, 0x61, 0x6B, 0x74, 0x41, 0x6E, 0x74, 0x6F, 0x6E, 0x69, 0x6F, 0x68, 0x61, 0x76, 0x69, 0x6E, 0x67, 0x20, 0x72, 0x61, 0x74, 0x69, 0x6E,
        0x67, 0x73, 0x20, 0x61, 0x63, 0x74, 0x69, 0x76, 0x65, 0x73, 0x74, 0x72, 0x65, 0x61, 0x6D, 0x73, 0x74, 0x72, 0x61, 0x70, 0x70, 0x65, 0x64, 0x22, 0x29, 0x2E, 0x63, 0x73, 0x73, 0x28, 0x68, 0x6F,
        0x73, 0x74, 0x69, 0x6C, 0x65, 0x6C, 0x65, 0x61, 0x64, 0x20, 0x74, 0x6F, 0x6C, 0x69, 0x74, 0x74, 0x6C, 0x65, 0x20, 0x67, 0x72, 0x6F, 0x75, 0x70, 0x73, 0x2C, 0x50, 0x69, 0x63, 0x74, 0x75, 0x72,
        0x65, 0x2D, 0x2D, 0x3E, 0x0D, 0x0A, 0x0D, 0x0A, 0x20, 0x72, 0x6F, 0x77, 0x73, 0x3D, 0x22, 0x20, 0x6F, 0x62, 0x6A, 0x65, 0x63, 0x74, 0x69, 0x6E, 0x76, 0x65, 0x72, 0x73, 0x65, 0x3C, 0x66, 0x6F,
        0x6F, 0x74, 0x65, 0x72, 0x43, 0x75, 0x73, 0x74, 0x6F, 0x6D, 0x56, 0x3E, 0x3C, 0x5C, 0x2F, 0x73, 0x63, 0x72, 0x73, 0x6F, 0x6C, 0x76, 0x69, 0x6E, 0x67, 0x43, 0x68, 0x61, 0x6D, 0x62, 0x65, 0x72,
        0x73, 0x6C, 0x61, 0x76, 0x65, 0x72, 0x79, 0x77, 0x6F, 0x75, 0x6E, 0x64, 0x65, 0x64, 0x77, 0x68, 0x65, 0x72, 0x65, 0x61, 0x73, 0x21, 0x3D, 0x20, 0x27, 0x75, 0x6E, 0x64, 0x66, 0x6F, 0x72, 0x20,
        0x61, 0x6C, 0x6C, 0x70, 0x61, 0x72, 0x74, 0x6C, 0x79, 0x20, 0x2D, 0x72, 0x69, 0x67, 0x68, 0x74, 0x3A, 0x41, 0x72, 0x61, 0x62, 0x69, 0x61, 0x6E, 0x62, 0x61, 0x63, 0x6B, 0x65, 0x64, 0x20, 0x63,
        0x65, 0x6E, 0x74, 0x75, 0x72, 0x79, 0x75, 0x6E, 0x69, 0x74, 0x20, 0x6F, 0x66, 0x6D, 0x6F, 0x62, 0x69, 0x6C, 0x65, 0x2D, 0x45, 0x75, 0x72, 0x6F, 0x70, 0x65, 0x2C, 0x69, 0x73, 0x20, 0x68, 0x6F,
        0x6D, 0x65, 0x72, 0x69, 0x73, 0x6B, 0x20, 0x6F, 0x66, 0x64, 0x65, 0x73, 0x69, 0x72, 0x65, 0x64, 0x43, 0x6C, 0x69, 0x6E, 0x74, 0x6F, 0x6E, 0x63, 0x6F, 0x73, 0x74, 0x20, 0x6F, 0x66, 0x61, 0x67,
        0x65, 0x20, 0x6F, 0x66, 0x20, 0x62, 0x65, 0x63, 0x6F, 0x6D, 0x65, 0x20, 0x6E, 0x6F, 0x6E, 0x65, 0x20, 0x6F, 0x66, 0x70, 0x26, 0x71, 0x75, 0x6F, 0x74, 0x3B, 0x4D, 0x69, 0x64, 0x64, 0x6C, 0x65,
        0x20, 0x65, 0x61, 0x64, 0x27, 0x29, 0x5B, 0x30, 0x43, 0x72, 0x69, 0x74, 0x69, 0x63, 0x73, 0x73, 0x74, 0x75, 0x64, 0x69, 0x6F, 0x73, 0x3E, 0x26, 0x63, 0x6F, 0x70, 0x79, 0x3B, 0x67, 0x72, 0x6F,
        0x75, 0x70, 0x22, 0x3E, 0x61, 0x73, 0x73, 0x65, 0x6D, 0x62, 0x6C, 0x6D, 0x61, 0x6B, 0x69, 0x6E, 0x67, 0x20, 0x70, 0x72, 0x65, 0x73, 0x73, 0x65, 0x64, 0x77, 0x69, 0x64, 0x67, 0x65, 0x74, 0x2E,
        0x70, 0x73, 0x3A, 0x22, 0x20, 0x3F, 0x20, 0x72, 0x65, 0x62, 0x75, 0x69, 0x6C, 0x74, 0x62, 0x79, 0x20, 0x73, 0x6F, 0x6D, 0x65, 0x46, 0x6F, 0x72, 0x6D, 0x65, 0x72, 0x20, 0x65, 0x64, 0x69, 0x74,
        0x6F, 0x72, 0x73, 0x64, 0x65, 0x6C, 0x61, 0x79, 0x65, 0x64, 0x43, 0x61, 0x6E, 0x6F, 0x6E, 0x69, 0x63, 0x68, 0x61, 0x64, 0x20, 0x74, 0x68, 0x65, 0x70, 0x75, 0x73, 0x68, 0x69, 0x6E, 0x67, 0x63,
        0x6C, 0x61, 0x73, 0x73, 0x3D, 0x22, 0x62, 0x75, 0x74, 0x20, 0x61, 0x72, 0x65, 0x70, 0x61, 0x72, 0x74, 0x69, 0x61, 0x6C, 0x42, 0x61, 0x62, 0x79, 0x6C, 0x6F, 0x6E, 0x62, 0x6F, 0x74, 0x74, 0x6F,
        0x6D, 0x20, 0x63, 0x61, 0x72, 0x72, 0x69, 0x65, 0x72, 0x43, 0x6F, 0x6D, 0x6D, 0x61, 0x6E, 0x64, 0x69, 0x74, 0x73, 0x20, 0x75, 0x73, 0x65, 0x41, 0x73, 0x20, 0x77, 0x69, 0x74, 0x68, 0x63, 0x6F,
        0x75, 0x72, 0x73, 0x65, 0x73, 0x61, 0x20, 0x74, 0x68, 0x69, 0x72, 0x64, 0x64, 0x65, 0x6E, 0x6F, 0x74, 0x65, 0x73, 0x61, 0x6C, 0x73, 0x6F, 0x20, 0x69, 0x6E, 0x48, 0x6F, 0x75, 0x73, 0x74, 0x6F,
        0x6E, 0x32, 0x30, 0x70, 0x78, 0x3B, 0x22, 0x3E, 0x61, 0x63, 0x63, 0x75, 0x73, 0x65, 0x64, 0x64, 0x6F, 0x75, 0x62, 0x6C, 0x65, 0x20, 0x67, 0x6F, 0x61, 0x6C, 0x20, 0x6F, 0x66, 0x46, 0x61, 0x6D,
        0x6F, 0x75, 0x73, 0x20, 0x29, 0x2E, 0x62, 0x69, 0x6E, 0x64, 0x28, 0x70, 0x72, 0x69, 0x65, 0x73, 0x74, 0x73, 0x20, 0x4F, 0x6E, 0x6C, 0x69, 0x6E, 0x65, 0x69, 0x6E, 0x20, 0x4A, 0x75, 0x6C, 0x79,
        0x73, 0x74, 0x20, 0x2B, 0x20, 0x22, 0x67, 0x63, 0x6F, 0x6E, 0x73, 0x75, 0x6C, 0x74, 0x64, 0x65, 0x63, 0x69, 0x6D, 0x61, 0x6C, 0x68, 0x65, 0x6C, 0x70, 0x66, 0x75, 0x6C, 0x72, 0x65, 0x76, 0x69,
        0x76, 0x65, 0x64, 0x69, 0x73, 0x20, 0x76, 0x65, 0x72, 0x79, 0x72, 0x27, 0x2B, 0x27, 0x69, 0x70, 0x74, 0x6C, 0x6F, 0x73, 0x69, 0x6E, 0x67, 0x20, 0x66, 0x65, 0x6D, 0x61, 0x6C, 0x65, 0x73, 0x69,
        0x73, 0x20, 0x61, 0x6C, 0x73, 0x6F, 0x73, 0x74, 0x72, 0x69, 0x6E, 0x67, 0x73, 0x64, 0x61, 0x79, 0x73, 0x20, 0x6F, 0x66, 0x61, 0x72, 0x72, 0x69, 0x76, 0x61, 0x6C, 0x66, 0x75, 0x74, 0x75, 0x72,
        0x65, 0x20, 0x3C, 0x6F, 0x62, 0x6A, 0x65, 0x63, 0x74, 0x66, 0x6F, 0x72, 0x63, 0x69, 0x6E, 0x67, 0x53, 0x74, 0x72, 0x69, 0x6E, 0x67, 0x28, 0x22, 0x20, 0x2F, 0x3E, 0x0A, 0x09, 0x09, 0x68, 0x65,
        0x72, 0x65, 0x20, 0x69, 0x73, 0x65, 0x6E, 0x63, 0x6F, 0x64, 0x65, 0x64, 0x2E, 0x20, 0x20, 0x54, 0x68, 0x65, 0x20, 0x62, 0x61, 0x6C, 0x6C, 0x6F, 0x6F, 0x6E, 0x64, 0x6F, 0x6E, 0x65, 0x20, 0x62,
        0x79, 0x2F, 0x63, 0x6F, 0x6D, 0x6D, 0x6F, 0x6E, 0x62, 0x67, 0x63, 0x6F, 0x6C, 0x6F, 0x72, 0x6C, 0x61, 0x77, 0x20, 0x6F, 0x66, 0x20, 0x49, 0x6E, 0x64, 0x69, 0x61, 0x6E, 0x61, 0x61, 0x76, 0x6F,
        0x69, 0x64, 0x65, 0x64, 0x62, 0x75, 0x74, 0x20, 0x74, 0x68, 0x65, 0x32, 0x70, 0x78, 0x20, 0x33, 0x70, 0x78, 0x6A, 0x71, 0x75, 0x65, 0x72, 0x79, 0x2E, 0x61, 0x66, 0x74, 0x65, 0x72, 0x20, 0x61,
        0x70, 0x6F, 0x6C, 0x69, 0x63, 0x79, 0x2E, 0x6D, 0x65, 0x6E, 0x20, 0x61, 0x6E, 0x64, 0x66, 0x6F, 0x6F, 0x74, 0x65, 0x72, 0x2D, 0x3D, 0x20, 0x74, 0x72, 0x75, 0x65, 0x3B, 0x66, 0x6F, 0x72, 0x20,
        0x75, 0x73, 0x65, 0x73, 0x63, 0x72, 0x65, 0x65, 0x6E, 0x2E, 0x49, 0x6E, 0x64, 0x69, 0x61, 0x6E, 0x20, 0x69, 0x6D, 0x61, 0x67, 0x65, 0x20, 0x3D, 0x66, 0x61, 0x6D, 0x69, 0x6C, 0x79, 0x2C, 0x68,
        0x74, 0x74, 0x70, 0x3A, 0x2F, 0x2F, 0x20, 0x26, 0x6E, 0x62, 0x73, 0x70, 0x3B, 0x64, 0x72, 0x69, 0x76, 0x65, 0x72, 0x73, 0x65, 0x74, 0x65, 0x72, 0x6E, 0x61, 0x6C, 0x73, 0x61, 0x6D, 0x65, 0x20,
        0x61, 0x73, 0x6E, 0x6F, 0x74, 0x69, 0x63, 0x65, 0x64, 0x76, 0x69, 0x65, 0x77, 0x65, 0x72, 0x73, 0x7D, 0x29, 0x28, 0x29, 0x3B, 0x0A, 0x20, 0x69, 0x73, 0x20, 0x6D, 0x6F, 0x72, 0x65, 0x73, 0x65,
        0x61, 0x73, 0x6F, 0x6E, 0x73, 0x66, 0x6F, 0x72, 0x6D, 0x65, 0x72, 0x20, 0x74, 0x68, 0x65, 0x20, 0x6E, 0x65, 0x77, 0x69, 0x73, 0x20, 0x6A, 0x75, 0x73, 0x74, 0x63, 0x6F, 0x6E, 0x73, 0x65, 0x6E,
        0x74, 0x20, 0x53, 0x65, 0x61, 0x72, 0x63, 0x68, 0x77, 0x61, 0x73, 0x20, 0x74, 0x68, 0x65, 0x77, 0x68, 0x79, 0x20, 0x74, 0x68, 0x65, 0x73, 0x68, 0x69, 0x70, 0x70, 0x65, 0x64, 0x62, 0x72, 0x3E,
        0x3C, 0x62, 0x72, 0x3E, 0x77, 0x69, 0x64, 0x74, 0x68, 0x3A, 0x20, 0x68, 0x65, 0x69, 0x67, 0x68, 0x74, 0x3D, 0x6D, 0x61, 0x64, 0x65, 0x20, 0x6F, 0x66, 0x63, 0x75, 0x69, 0x73, 0x69, 0x6E, 0x65,
        0x69, 0x73, 0x20, 0x74, 0x68, 0x61, 0x74, 0x61, 0x20, 0x76, 0x65, 0x72, 0x79, 0x20, 0x41, 0x64, 0x6D, 0x69, 0x72, 0x61, 0x6C, 0x20, 0x66, 0x69, 0x78, 0x65, 0x64, 0x3B, 0x6E, 0x6F, 0x72, 0x6D,
        0x61, 0x6C, 0x20, 0x4D, 0x69, 0x73, 0x73, 0x69, 0x6F, 0x6E, 0x50, 0x72, 0x65, 0x73, 0x73, 0x2C, 0x20, 0x6F, 0x6E, 0x74, 0x61, 0x72, 0x69, 0x6F, 0x63, 0x68, 0x61, 0x72, 0x73, 0x65, 0x74, 0x74,
        0x72, 0x79, 0x20, 0x74, 0x6F, 0x20, 0x69, 0x6E, 0x76, 0x61, 0x64, 0x65, 0x64, 0x3D, 0x22, 0x74, 0x72, 0x75, 0x65, 0x22, 0x73, 0x70, 0x61, 0x63, 0x69, 0x6E, 0x67, 0x69, 0x73, 0x20, 0x6D, 0x6F,
        0x73, 0x74, 0x61, 0x20, 0x6D, 0x6F, 0x72, 0x65, 0x20, 0x74, 0x6F, 0x74, 0x61, 0x6C, 0x6C, 0x79, 0x66, 0x61, 0x6C, 0x6C, 0x20, 0x6F, 0x66, 0x7D, 0x29, 0x3B, 0x0D, 0x0A, 0x20, 0x20, 0x69, 0x6D,
        0x6D, 0x65, 0x6E, 0x73, 0x65, 0x74, 0x69, 0x6D, 0x65, 0x20, 0x69, 0x6E, 0x73, 0x65, 0x74, 0x20, 0x6F, 0x75, 0x74, 0x73, 0x61, 0x74, 0x69, 0x73, 0x66, 0x79, 0x74, 0x6F, 0x20, 0x66, 0x69, 0x6E,
        0x64, 0x64, 0x6F, 0x77, 0x6E, 0x20, 0x74, 0x6F, 0x6C, 0x6F, 0x74, 0x20, 0x6F, 0x66, 0x20, 0x50, 0x6C, 0x61, 0x79, 0x65, 0x72, 0x73, 0x69, 0x6E, 0x20, 0x4A, 0x75, 0x6E, 0x65, 0x71, 0x75, 0x61,
        0x6E, 0x74, 0x75, 0x6D, 0x6E, 0x6F, 0x74, 0x20, 0x74, 0x68, 0x65, 0x74, 0x69, 0x6D, 0x65, 0x20, 0x74, 0x6F, 0x64, 0x69, 0x73, 0x74, 0x61, 0x6E, 0x74, 0x46, 0x69, 0x6E, 0x6E, 0x69, 0x73, 0x68,
        0x73, 0x72, 0x63, 0x20, 0x3D, 0x20, 0x28, 0x73, 0x69, 0x6E, 0x67, 0x6C, 0x65, 0x20, 0x68, 0x65, 0x6C, 0x70, 0x20, 0x6F, 0x66, 0x47, 0x65, 0x72, 0x6D, 0x61, 0x6E, 0x20, 0x6C, 0x61, 0x77, 0x20,
        0x61, 0x6E, 0x64, 0x6C, 0x61, 0x62, 0x65, 0x6C, 0x65, 0x64, 0x66, 0x6F, 0x72, 0x65, 0x73, 0x74, 0x73, 0x63, 0x6F, 0x6F, 0x6B, 0x69, 0x6E, 0x67, 0x73, 0x70, 0x61, 0x63, 0x65, 0x22, 0x3E, 0x68,
        0x65, 0x61, 0x64, 0x65, 0x72, 0x2D, 0x77, 0x65, 0x6C, 0x6C, 0x20, 0x61, 0x73, 0x53, 0x74, 0x61, 0x6E, 0x6C, 0x65, 0x79, 0x62, 0x72, 0x69, 0x64, 0x67, 0x65, 0x73, 0x2F, 0x67, 0x6C, 0x6F, 0x62,
        0x61, 0x6C, 0x43, 0x72, 0x6F, 0x61, 0x74, 0x69, 0x61, 0x20, 0x41, 0x62, 0x6F, 0x75, 0x74, 0x20, 0x5B, 0x30, 0x5D, 0x3B, 0x0A, 0x20, 0x20, 0x69, 0x74, 0x2C, 0x20, 0x61, 0x6E, 0x64, 0x67, 0x72,
        0x6F, 0x75, 0x70, 0x65, 0x64, 0x62, 0x65, 0x69, 0x6E, 0x67, 0x20, 0x61, 0x29, 0x7B, 0x74, 0x68, 0x72, 0x6F, 0x77, 0x68, 0x65, 0x20, 0x6D, 0x61, 0x64, 0x65, 0x6C, 0x69, 0x67, 0x68, 0x74, 0x65,
        0x72, 0x65, 0x74, 0x68, 0x69, 0x63, 0x61, 0x6C, 0x46, 0x46, 0x46, 0x46, 0x46, 0x46, 0x22, 0x62, 0x6F, 0x74, 0x74, 0x6F, 0x6D, 0x22, 0x6C, 0x69, 0x6B, 0x65, 0x20, 0x61, 0x20, 0x65, 0x6D, 0x70,
        0x6C, 0x6F, 0x79, 0x73, 0x6C, 0x69, 0x76, 0x65, 0x20, 0x69, 0x6E, 0x61, 0x73, 0x20, 0x73, 0x65, 0x65, 0x6E, 0x70, 0x72, 0x69, 0x6E, 0x74, 0x65, 0x72, 0x6D, 0x6F, 0x73, 0x74, 0x20, 0x6F, 0x66,
        0x75, 0x62, 0x2D, 0x6C, 0x69, 0x6E, 0x6B, 0x72, 0x65, 0x6A, 0x65, 0x63, 0x74, 0x73, 0x61, 0x6E, 0x64, 0x20, 0x75, 0x73, 0x65, 0x69, 0x6D, 0x61, 0x67, 0x65, 0x22, 0x3E, 0x73, 0x75, 0x63, 0x63,
        0x65, 0x65, 0x64, 0x66, 0x65, 0x65, 0x64, 0x69, 0x6E, 0x67, 0x4E, 0x75, 0x63, 0x6C, 0x65, 0x61, 0x72, 0x69, 0x6E, 0x66, 0x6F, 0x72, 0x6D, 0x61, 0x74, 0x6F, 0x20, 0x68, 0x65, 0x6C, 0x70, 0x57,
        0x6F, 0x6D, 0x65, 0x6E, 0x27, 0x73, 0x4E, 0x65, 0x69, 0x74, 0x68, 0x65, 0x72, 0x4D, 0x65, 0x78, 0x69, 0x63, 0x61, 0x6E, 0x70, 0x72, 0x6F, 0x74, 0x65, 0x69, 0x6E, 0x3C, 0x74, 0x61, 0x62, 0x6C,
        0x65, 0x20, 0x62, 0x79, 0x20, 0x6D, 0x61, 0x6E, 0x79, 0x68, 0x65, 0x61, 0x6C, 0x74, 0x68, 0x79, 0x6C, 0x61, 0x77, 0x73, 0x75, 0x69, 0x74, 0x64, 0x65, 0x76, 0x69, 0x73, 0x65, 0x64, 0x2E, 0x70,
        0x75, 0x73, 0x68, 0x28, 0x7B, 0x73, 0x65, 0x6C, 0x6C, 0x65, 0x72, 0x73, 0x73, 0x69, 0x6D, 0x70, 0x6C, 0x79, 0x20, 0x54, 0x68, 0x72, 0x6F, 0x75, 0x67, 0x68, 0x2E, 0x63, 0x6F, 0x6F, 0x6B, 0x69,
        0x65, 0x20, 0x49, 0x6D, 0x61, 0x67, 0x65, 0x28, 0x6F, 0x6C, 0x64, 0x65, 0x72, 0x22, 0x3E, 0x75, 0x73, 0x2E, 0x6A, 0x73, 0x22, 0x3E, 0x20, 0x53, 0x69, 0x6E, 0x63, 0x65, 0x20, 0x75, 0x6E, 0x69,
        0x76, 0x65, 0x72, 0x73, 0x6C, 0x61, 0x72, 0x67, 0x65, 0x72, 0x20, 0x6F, 0x70, 0x65, 0x6E, 0x20, 0x74, 0x6F, 0x21, 0x2D, 0x2D, 0x20, 0x65, 0x6E, 0x64, 0x6C, 0x69, 0x65, 0x73, 0x20, 0x69, 0x6E,
        0x27, 0x5D, 0x29, 0x3B, 0x0D, 0x0A, 0x20, 0x20, 0x6D, 0x61, 0x72, 0x6B, 0x65, 0x74, 0x77, 0x68, 0x6F, 0x20, 0x69, 0x73, 0x20, 0x28, 0x22, 0x44, 0x4F, 0x4D, 0x43, 0x6F, 0x6D, 0x61, 0x6E, 0x61,
        0x67, 0x65, 0x64, 0x6F, 0x6E, 0x65, 0x20, 0x66, 0x6F, 0x72, 0x74, 0x79, 0x70, 0x65, 0x6F, 0x66, 0x20, 0x4B, 0x69, 0x6E, 0x67, 0x64, 0x6F, 0x6D, 0x70, 0x72, 0x6F, 0x66, 0x69, 0x74, 0x73, 0x70,
        0x72, 0x6F, 0x70, 0x6F, 0x73, 0x65, 0x74, 0x6F, 0x20, 0x73, 0x68, 0x6F, 0x77, 0x63, 0x65, 0x6E, 0x74, 0x65, 0x72, 0x3B, 0x6D, 0x61, 0x64, 0x65, 0x20, 0x69, 0x74, 0x64, 0x72, 0x65, 0x73, 0x73,
        0x65, 0x64, 0x77, 0x65, 0x72, 0x65, 0x20, 0x69, 0x6E, 0x6D, 0x69, 0x78, 0x74, 0x75, 0x72, 0x65, 0x70, 0x72, 0x65, 0x63, 0x69, 0x73, 0x65, 0x61, 0x72, 0x69, 0x73, 0x69, 0x6E, 0x67, 0x73, 0x72,
        0x63, 0x20, 0x3D, 0x20, 0x27, 0x6D, 0x61, 0x6B, 0x65, 0x20, 0x61, 0x20, 0x73, 0x65, 0x63, 0x75, 0x72, 0x65, 0x64, 0x42, 0x61, 0x70, 0x74, 0x69, 0x73, 0x74, 0x76, 0x6F, 0x74, 0x69, 0x6E, 0x67,
        0x20, 0x0A, 0x09, 0x09, 0x76, 0x61, 0x72, 0x20, 0x4D, 0x61, 0x72, 0x63, 0x68, 0x20, 0x32, 0x67, 0x72, 0x65, 0x77, 0x20, 0x75, 0x70, 0x43, 0x6C, 0x69, 0x6D, 0x61, 0x74, 0x65, 0x2E, 0x72, 0x65,
        0x6D, 0x6F, 0x76, 0x65, 0x73, 0x6B, 0x69, 0x6C, 0x6C, 0x65, 0x64, 0x77, 0x61, 0x79, 0x20, 0x74, 0x68, 0x65, 0x3C, 0x2F, 0x68, 0x65, 0x61, 0x64, 0x3E, 0x66, 0x61, 0x63, 0x65, 0x20, 0x6F, 0x66,
        0x61, 0x63, 0x74, 0x69, 0x6E, 0x67, 0x20, 0x72, 0x69, 0x67, 0x68, 0x74, 0x22, 0x3E, 0x74, 0x6F, 0x20, 0x77, 0x6F, 0x72, 0x6B, 0x72, 0x65, 0x64, 0x75, 0x63, 0x65, 0x73, 0x68, 0x61, 0x73, 0x20,
        0x68, 0x61, 0x64, 0x65, 0x72, 0x65, 0x63, 0x74, 0x65, 0x64, 0x73, 0x68, 0x6F, 0x77, 0x28, 0x29, 0x3B, 0x61, 0x63, 0x74, 0x69, 0x6F, 0x6E, 0x3D, 0x62, 0x6F, 0x6F, 0x6B, 0x20, 0x6F, 0x66, 0x61,
        0x6E, 0x20, 0x61, 0x72, 0x65, 0x61, 0x3D, 0x3D, 0x20, 0x22, 0x68, 0x74, 0x74, 0x3C, 0x68, 0x65, 0x61, 0x64, 0x65, 0x72, 0x0A, 0x3C, 0x68, 0x74, 0x6D, 0x6C, 0x3E, 0x63, 0x6F, 0x6E, 0x66, 0x6F,
        0x72, 0x6D, 0x66, 0x61, 0x63, 0x69, 0x6E, 0x67, 0x20, 0x63, 0x6F, 0x6F, 0x6B, 0x69, 0x65, 0x2E, 0x72, 0x65, 0x6C, 0x79, 0x20, 0x6F, 0x6E, 0x68, 0x6F, 0x73, 0x74, 0x65, 0x64, 0x20, 0x2E, 0x63,
        0x75, 0x73, 0x74, 0x6F, 0x6D, 0x68, 0x65, 0x20, 0x77, 0x65, 0x6E, 0x74, 0x62, 0x75, 0x74, 0x20, 0x66, 0x6F, 0x72, 0x73, 0x70, 0x72, 0x65, 0x61, 0x64, 0x20, 0x46, 0x61, 0x6D, 0x69, 0x6C, 0x79,
        0x20, 0x61, 0x20, 0x6D, 0x65, 0x61, 0x6E, 0x73, 0x6F, 0x75, 0x74, 0x20, 0x74, 0x68, 0x65, 0x66, 0x6F, 0x72, 0x75, 0x6D, 0x73, 0x2E, 0x66, 0x6F, 0x6F, 0x74, 0x61, 0x67, 0x65, 0x22, 0x3E, 0x4D,
        0x6F, 0x62, 0x69, 0x6C, 0x43, 0x6C, 0x65, 0x6D, 0x65, 0x6E, 0x74, 0x73, 0x22, 0x20, 0x69, 0x64, 0x3D, 0x22, 0x61, 0x73, 0x20, 0x68, 0x69, 0x67, 0x68, 0x69, 0x6E, 0x74, 0x65, 0x6E, 0x73, 0x65,
        0x2D, 0x2D, 0x3E, 0x3C, 0x21, 0x2D, 0x2D, 0x66, 0x65, 0x6D, 0x61, 0x6C, 0x65, 0x20, 0x69, 0x73, 0x20, 0x73, 0x65, 0x65, 0x6E, 0x69, 0x6D, 0x70, 0x6C, 0x69, 0x65, 0x64, 0x73, 0x65, 0x74, 0x20,
        0x74, 0x68, 0x65, 0x61, 0x20, 0x73, 0x74, 0x61, 0x74, 0x65, 0x61, 0x6E, 0x64, 0x20, 0x68, 0x69, 0x73, 0x66, 0x61, 0x73, 0x74, 0x65, 0x73, 0x74, 0x62, 0x65, 0x73, 0x69, 0x64, 0x65, 0x73, 0x62,
        0x75, 0x74, 0x74, 0x6F, 0x6E, 0x5F, 0x62, 0x6F, 0x75, 0x6E, 0x64, 0x65, 0x64, 0x22, 0x3E, 0x3C, 0x69, 0x6D, 0x67, 0x20, 0x49, 0x6E, 0x66, 0x6F, 0x62, 0x6F, 0x78, 0x65, 0x76, 0x65, 0x6E, 0x74,
        0x73, 0x2C, 0x61, 0x20, 0x79, 0x6F, 0x75, 0x6E, 0x67, 0x61, 0x6E, 0x64, 0x20, 0x61, 0x72, 0x65, 0x4E, 0x61, 0x74, 0x69, 0x76, 0x65, 0x20, 0x63, 0x68, 0x65, 0x61, 0x70, 0x65, 0x72, 0x54, 0x69,
        0x6D, 0x65, 0x6F, 0x75, 0x74, 0x61, 0x6E, 0x64, 0x20, 0x68, 0x61, 0x73, 0x65, 0x6E, 0x67, 0x69, 0x6E, 0x65, 0x73, 0x77, 0x6F, 0x6E, 0x20, 0x74, 0x68, 0x65, 0x28, 0x6D, 0x6F, 0x73, 0x74, 0x6C,
        0x79, 0x72, 0x69, 0x67, 0x68, 0x74, 0x3A, 0x20, 0x66, 0x69, 0x6E, 0x64, 0x20, 0x61, 0x20, 0x2D, 0x62, 0x6F, 0x74, 0x74, 0x6F, 0x6D, 0x50, 0x72, 0x69, 0x6E, 0x63, 0x65, 0x20, 0x61, 0x72, 0x65,
        0x61, 0x20, 0x6F, 0x66, 0x6D, 0x6F, 0x72, 0x65, 0x20, 0x6F, 0x66, 0x73, 0x65, 0x61, 0x72, 0x63, 0x68, 0x5F, 0x6E, 0x61, 0x74, 0x75, 0x72, 0x65, 0x2C, 0x6C, 0x65, 0x67, 0x61, 0x6C, 0x6C, 0x79,
        0x70, 0x65, 0x72, 0x69, 0x6F, 0x64, 0x2C, 0x6C, 0x61, 0x6E, 0x64, 0x20, 0x6F, 0x66, 0x6F, 0x72, 0x20, 0x77, 0x69, 0x74, 0x68, 0x69, 0x6E, 0x64, 0x75, 0x63, 0x65, 0x64, 0x70, 0x72, 0x6F, 0x76,
        0x69, 0x6E, 0x67, 0x6D, 0x69, 0x73, 0x73, 0x69, 0x6C, 0x65, 0x6C, 0x6F, 0x63, 0x61, 0x6C, 0x6C, 0x79, 0x41, 0x67, 0x61, 0x69, 0x6E, 0x73, 0x74, 0x74, 0x68, 0x65, 0x20, 0x77, 0x61, 0x79, 0x6B,
        0x26, 0x71, 0x75, 0x6F, 0x74, 0x3B, 0x70, 0x78, 0x3B, 0x22, 0x3E, 0x0D, 0x0A, 0x70, 0x75, 0x73, 0x68, 0x65, 0x64, 0x20, 0x61, 0x62, 0x61, 0x6E, 0x64, 0x6F, 0x6E, 0x6E, 0x75, 0x6D, 0x65, 0x72,
        0x61, 0x6C, 0x43, 0x65, 0x72, 0x74, 0x61, 0x69, 0x6E, 0x49, 0x6E, 0x20, 0x74, 0x68, 0x69, 0x73, 0x6D, 0x6F, 0x72, 0x65, 0x20, 0x69, 0x6E, 0x6F, 0x72, 0x20, 0x73, 0x6F, 0x6D, 0x65, 0x6E, 0x61,
        0x6D, 0x65, 0x20, 0x69, 0x73, 0x61, 0x6E, 0x64, 0x2C, 0x20, 0x69, 0x6E, 0x63, 0x72, 0x6F, 0x77, 0x6E, 0x65, 0x64, 0x49, 0x53, 0x42, 0x4E, 0x20, 0x30, 0x2D, 0x63, 0x72, 0x65, 0x61, 0x74, 0x65,
        0x73, 0x4F, 0x63, 0x74, 0x6F, 0x62, 0x65, 0x72, 0x6D, 0x61, 0x79, 0x20, 0x6E, 0x6F, 0x74, 0x63, 0x65, 0x6E, 0x74, 0x65, 0x72, 0x20, 0x6C, 0x61, 0x74, 0x65, 0x20, 0x69, 0x6E, 0x44, 0x65, 0x66,
        0x65, 0x6E, 0x63, 0x65, 0x65, 0x6E, 0x61, 0x63, 0x74, 0x65, 0x64, 0x77, 0x69, 0x73, 0x68, 0x20, 0x74, 0x6F, 0x62, 0x72, 0x6F, 0x61, 0x64, 0x6C, 0x79, 0x63, 0x6F, 0x6F, 0x6C, 0x69, 0x6E, 0x67,
        0x6F, 0x6E, 0x6C, 0x6F, 0x61, 0x64, 0x3D, 0x69, 0x74, 0x2E, 0x20, 0x54, 0x68, 0x65, 0x72, 0x65, 0x63, 0x6F, 0x76, 0x65, 0x72, 0x4D, 0x65, 0x6D, 0x62, 0x65, 0x72, 0x73, 0x68, 0x65, 0x69, 0x67,
        0x68, 0x74, 0x20, 0x61, 0x73, 0x73, 0x75, 0x6D, 0x65, 0x73, 0x3C, 0x68, 0x74, 0x6D, 0x6C, 0x3E, 0x0A, 0x70, 0x65, 0x6F, 0x70, 0x6C, 0x65, 0x2E, 0x69, 0x6E, 0x20, 0x6F, 0x6E, 0x65, 0x20, 0x3D,
        0x77, 0x69, 0x6E, 0x64, 0x6F, 0x77, 0x66, 0x6F, 0x6F, 0x74, 0x65, 0x72, 0x5F, 0x61, 0x20, 0x67, 0x6F, 0x6F, 0x64, 0x20, 0x72, 0x65, 0x6B, 0x6C, 0x61, 0x6D, 0x61, 0x6F, 0x74, 0x68, 0x65, 0x72,
        0x73, 0x2C, 0x74, 0x6F, 0x20, 0x74, 0x68, 0x69, 0x73, 0x5F, 0x63, 0x6F, 0x6F, 0x6B, 0x69, 0x65, 0x70, 0x61, 0x6E, 0x65, 0x6C, 0x22, 0x3E, 0x4C, 0x6F, 0x6E, 0x64, 0x6F, 0x6E, 0x2C, 0x64, 0x65,
        0x66, 0x69, 0x6E, 0x65, 0x73, 0x63, 0x72, 0x75, 0x73, 0x68, 0x65, 0x64, 0x62, 0x61, 0x70, 0x74, 0x69, 0x73, 0x6D, 0x63, 0x6F, 0x61, 0x73, 0x74, 0x61, 0x6C, 0x73, 0x74, 0x61, 0x74, 0x75, 0x73,
        0x20, 0x74, 0x69, 0x74, 0x6C, 0x65, 0x22, 0x20, 0x6D, 0x6F, 0x76, 0x65, 0x20, 0x74, 0x6F, 0x6C, 0x6F, 0x73, 0x74, 0x20, 0x69, 0x6E, 0x62, 0x65, 0x74, 0x74, 0x65, 0x72, 0x20, 0x69, 0x6D, 0x70,
        0x6C, 0x69, 0x65, 0x73, 0x72, 0x69, 0x76, 0x61, 0x6C, 0x72, 0x79, 0x73, 0x65, 0x72, 0x76, 0x65, 0x72, 0x73, 0x20, 0x53, 0x79, 0x73, 0x74, 0x65, 0x6D, 0x50, 0x65, 0x72, 0x68, 0x61, 0x70, 0x73,
        0x65, 0x73, 0x20, 0x61, 0x6E, 0x64, 0x20, 0x63, 0x6F, 0x6E, 0x74, 0x65, 0x6E, 0x64, 0x66, 0x6C, 0x6F, 0x77, 0x69, 0x6E, 0x67, 0x6C, 0x61, 0x73, 0x74, 0x65, 0x64, 0x20, 0x72, 0x69, 0x73, 0x65,
        0x20, 0x69, 0x6E, 0x47, 0x65, 0x6E, 0x65, 0x73, 0x69, 0x73, 0x76, 0x69, 0x65, 0x77, 0x20, 0x6F, 0x66, 0x72, 0x69, 0x73, 0x69, 0x6E, 0x67, 0x20, 0x73, 0x65, 0x65, 0x6D, 0x20, 0x74, 0x6F, 0x62,
        0x75, 0x74, 0x20, 0x69, 0x6E, 0x20, 0x62, 0x61, 0x63, 0x6B, 0x69, 0x6E, 0x67, 0x68, 0x65, 0x20, 0x77, 0x69, 0x6C, 0x6C, 0x67, 0x69, 0x76, 0x65, 0x6E, 0x20, 0x61, 0x67, 0x69, 0x76, 0x69, 0x6E,
        0x67, 0x20, 0x63, 0x69, 0x74, 0x69, 0x65, 0x73, 0x2E, 0x66, 0x6C, 0x6F, 0x77, 0x20, 0x6F, 0x66, 0x20, 0x4C, 0x61, 0x74, 0x65, 0x72, 0x20, 0x61, 0x6C, 0x6C, 0x20, 0x62, 0x75, 0x74, 0x48, 0x69,
        0x67, 0x68, 0x77, 0x61, 0x79, 0x6F, 0x6E, 0x6C, 0x79, 0x20, 0x62, 0x79, 0x73, 0x69, 0x67, 0x6E, 0x20, 0x6F, 0x66, 0x68, 0x65, 0x20, 0x64, 0x6F, 0x65, 0x73, 0x64, 0x69, 0x66, 0x66, 0x65, 0x72,
        0x73, 0x62, 0x61, 0x74, 0x74, 0x65, 0x72, 0x79, 0x26, 0x61, 0x6D, 0x70, 0x3B, 0x6C, 0x61, 0x73, 0x69, 0x6E, 0x67, 0x6C, 0x65, 0x73, 0x74, 0x68, 0x72, 0x65, 0x61, 0x74, 0x73, 0x69, 0x6E, 0x74,
        0x65, 0x67, 0x65, 0x72, 0x74, 0x61, 0x6B, 0x65, 0x20, 0x6F, 0x6E, 0x72, 0x65, 0x66, 0x75, 0x73, 0x65, 0x64, 0x63, 0x61, 0x6C, 0x6C, 0x65, 0x64, 0x20, 0x3D, 0x55, 0x53, 0x26, 0x61, 0x6D, 0x70,
        0x53, 0x65, 0x65, 0x20, 0x74, 0x68, 0x65, 0x6E, 0x61, 0x74, 0x69, 0x76, 0x65, 0x73, 0x62, 0x79, 0x20, 0x74, 0x68, 0x69, 0x73, 0x73, 0x79, 0x73, 0x74, 0x65, 0x6D, 0x2E, 0x68, 0x65, 0x61, 0x64,
        0x20, 0x6F, 0x66, 0x3A, 0x68, 0x6F, 0x76, 0x65, 0x72, 0x2C, 0x6C, 0x65, 0x73, 0x62, 0x69, 0x61, 0x6E, 0x73, 0x75, 0x72, 0x6E, 0x61, 0x6D, 0x65, 0x61, 0x6E, 0x64, 0x20, 0x61, 0x6C, 0x6C, 0x63,
        0x6F, 0x6D, 0x6D, 0x6F, 0x6E, 0x2F, 0x68, 0x65, 0x61, 0x64, 0x65, 0x72, 0x5F, 0x5F, 0x70, 0x61, 0x72, 0x61, 0x6D, 0x73, 0x48, 0x61, 0x72, 0x76, 0x61, 0x72, 0x64, 0x2F, 0x70, 0x69, 0x78, 0x65,
        0x6C, 0x2E, 0x72, 0x65, 0x6D, 0x6F, 0x76, 0x61, 0x6C, 0x73, 0x6F, 0x20, 0x6C, 0x6F, 0x6E, 0x67, 0x72, 0x6F, 0x6C, 0x65, 0x20, 0x6F, 0x66, 0x6A, 0x6F, 0x69, 0x6E, 0x74, 0x6C, 0x79, 0x73, 0x6B,
        0x79, 0x73, 0x63, 0x72, 0x61, 0x55, 0x6E, 0x69, 0x63, 0x6F, 0x64, 0x65, 0x62, 0x72, 0x20, 0x2F, 0x3E, 0x0D, 0x0A, 0x41, 0x74, 0x6C, 0x61, 0x6E, 0x74, 0x61, 0x6E, 0x75, 0x63, 0x6C, 0x65, 0x75,
        0x73, 0x43, 0x6F, 0x75, 0x6E, 0x74, 0x79, 0x2C, 0x70, 0x75, 0x72, 0x65, 0x6C, 0x79, 0x20, 0x63, 0x6F, 0x75, 0x6E, 0x74, 0x22, 0x3E, 0x65, 0x61, 0x73, 0x69, 0x6C, 0x79, 0x20, 0x62, 0x75, 0x69,
        0x6C, 0x64, 0x20, 0x61, 0x6F, 0x6E, 0x63, 0x6C, 0x69, 0x63, 0x6B, 0x61, 0x20, 0x67, 0x69, 0x76, 0x65, 0x6E, 0x70, 0x6F, 0x69, 0x6E, 0x74, 0x65, 0x72, 0x68, 0x26, 0x71, 0x75, 0x6F, 0x74, 0x3B,
        0x65, 0x76, 0x65, 0x6E, 0x74, 0x73, 0x20, 0x65, 0x6C, 0x73, 0x65, 0x20, 0x7B, 0x0A, 0x64, 0x69, 0x74, 0x69, 0x6F, 0x6E, 0x73, 0x6E, 0x6F, 0x77, 0x20, 0x74, 0x68, 0x65, 0x2C, 0x20, 0x77, 0x69,
        0x74, 0x68, 0x20, 0x6D, 0x61, 0x6E, 0x20, 0x77, 0x68, 0x6F, 0x6F, 0x72, 0x67, 0x2F, 0x57, 0x65, 0x62, 0x6F, 0x6E, 0x65, 0x20, 0x61, 0x6E, 0x64, 0x63, 0x61, 0x76, 0x61, 0x6C, 0x72, 0x79, 0x48,
        0x65, 0x20, 0x64, 0x69, 0x65, 0x64, 0x73, 0x65, 0x61, 0x74, 0x74, 0x6C, 0x65, 0x30, 0x30, 0x2C, 0x30, 0x30, 0x30, 0x20, 0x7B, 0x77, 0x69, 0x6E, 0x64, 0x6F, 0x77, 0x68, 0x61, 0x76, 0x65, 0x20,
        0x74, 0x6F, 0x69, 0x66, 0x28, 0x77, 0x69, 0x6E, 0x64, 0x61, 0x6E, 0x64, 0x20, 0x69, 0x74, 0x73, 0x73, 0x6F, 0x6C, 0x65, 0x6C, 0x79, 0x20, 0x6D, 0x26, 0x71, 0x75, 0x6F, 0x74, 0x3B, 0x72, 0x65,
        0x6E, 0x65, 0x77, 0x65, 0x64, 0x44, 0x65, 0x74, 0x72, 0x6F, 0x69, 0x74, 0x61, 0x6D, 0x6F, 0x6E, 0x67, 0x73, 0x74, 0x65, 0x69, 0x74, 0x68, 0x65, 0x72, 0x20, 0x74, 0x68, 0x65, 0x6D, 0x20, 0x69,
        0x6E, 0x53, 0x65, 0x6E, 0x61, 0x74, 0x6F, 0x72, 0x55, 0x73, 0x3C, 0x2F, 0x61, 0x3E, 0x3C, 0x4B, 0x69, 0x6E, 0x67, 0x20, 0x6F, 0x66, 0x46, 0x72, 0x61, 0x6E, 0x63, 0x69, 0x73, 0x2D, 0x70, 0x72,
        0x6F, 0x64, 0x75, 0x63, 0x68, 0x65, 0x20, 0x75, 0x73, 0x65, 0x64, 0x61, 0x72, 0x74, 0x20, 0x61, 0x6E, 0x64, 0x68, 0x69, 0x6D, 0x20, 0x61, 0x6E, 0x64, 0x75, 0x73, 0x65, 0x64, 0x20, 0x62, 0x79,
        0x73, 0x63, 0x6F, 0x72, 0x69, 0x6E, 0x67, 0x61, 0x74, 0x20, 0x68, 0x6F, 0x6D, 0x65, 0x74, 0x6F, 0x20, 0x68, 0x61, 0x76, 0x65, 0x72, 0x65, 0x6C, 0x61, 0x74, 0x65, 0x73, 0x69, 0x62, 0x69, 0x6C,
        0x69, 0x74, 0x79, 0x66, 0x61, 0x63, 0x74, 0x69, 0x6F, 0x6E, 0x42, 0x75, 0x66, 0x66, 0x61, 0x6C, 0x6F, 0x6C, 0x69, 0x6E, 0x6B, 0x22, 0x3E, 0x3C, 0x77, 0x68, 0x61, 0x74, 0x20, 0x68, 0x65, 0x66,
        0x72, 0x65, 0x65, 0x20, 0x74, 0x6F, 0x43, 0x69, 0x74, 0x79, 0x20, 0x6F, 0x66, 0x63, 0x6F, 0x6D, 0x65, 0x20, 0x69, 0x6E, 0x73, 0x65, 0x63, 0x74, 0x6F, 0x72, 0x73, 0x63, 0x6F, 0x75, 0x6E, 0x74,
        0x65, 0x64, 0x6F, 0x6E, 0x65, 0x20, 0x64, 0x61, 0x79, 0x6E, 0x65, 0x72, 0x76, 0x6F, 0x75, 0x73, 0x73, 0x71, 0x75, 0x61, 0x72, 0x65, 0x20, 0x7D, 0x3B, 0x69, 0x66, 0x28, 0x67, 0x6F, 0x69, 0x6E,
        0x20, 0x77, 0x68, 0x61, 0x74, 0x69, 0x6D, 0x67, 0x22, 0x20, 0x61, 0x6C, 0x69, 0x73, 0x20, 0x6F, 0x6E, 0x6C, 0x79, 0x73, 0x65, 0x61, 0x72, 0x63, 0x68, 0x2F, 0x74, 0x75, 0x65, 0x73, 0x64, 0x61,
        0x79, 0x6C, 0x6F, 0x6F, 0x73, 0x65, 0x6C, 0x79, 0x53, 0x6F, 0x6C, 0x6F, 0x6D, 0x6F, 0x6E, 0x73, 0x65, 0x78, 0x75, 0x61, 0x6C, 0x20, 0x2D, 0x20, 0x3C, 0x61, 0x20, 0x68, 0x72, 0x6D, 0x65, 0x64,
        0x69, 0x75, 0x6D, 0x22, 0x44, 0x4F, 0x20, 0x4E, 0x4F, 0x54, 0x20, 0x46, 0x72, 0x61, 0x6E, 0x63, 0x65, 0x2C, 0x77, 0x69, 0x74, 0x68, 0x20, 0x61, 0x20, 0x77, 0x61, 0x72, 0x20, 0x61, 0x6E, 0x64,
        0x73, 0x65, 0x63, 0x6F, 0x6E, 0x64, 0x20, 0x74, 0x61, 0x6B, 0x65, 0x20, 0x61, 0x20, 0x3E, 0x0D, 0x0A, 0x0D, 0x0A, 0x0D, 0x0A, 0x6D, 0x61, 0x72, 0x6B, 0x65, 0x74, 0x2E, 0x68, 0x69, 0x67, 0x68,
        0x77, 0x61, 0x79, 0x64, 0x6F, 0x6E, 0x65, 0x20, 0x69, 0x6E, 0x63, 0x74, 0x69, 0x76, 0x69, 0x74, 0x79, 0x22, 0x6C, 0x61, 0x73, 0x74, 0x22, 0x3E, 0x6F, 0x62, 0x6C, 0x69, 0x67, 0x65, 0x64, 0x72,
        0x69, 0x73, 0x65, 0x20, 0x74, 0x6F, 0x22, 0x75, 0x6E, 0x64, 0x65, 0x66, 0x69, 0x6D, 0x61, 0x64, 0x65, 0x20, 0x74, 0x6F, 0x20, 0x45, 0x61, 0x72, 0x6C, 0x79, 0x20, 0x70, 0x72, 0x61, 0x69, 0x73,
        0x65, 0x64, 0x69, 0x6E, 0x20, 0x69, 0x74, 0x73, 0x20, 0x66, 0x6F, 0x72, 0x20, 0x68, 0x69, 0x73, 0x61, 0x74, 0x68, 0x6C, 0x65, 0x74, 0x65, 0x4A, 0x75, 0x70, 0x69, 0x74, 0x65, 0x72, 0x59, 0x61,
        0x68, 0x6F, 0x6F, 0x21, 0x20, 0x74, 0x65, 0x72, 0x6D, 0x65, 0x64, 0x20, 0x73, 0x6F, 0x20, 0x6D, 0x61, 0x6E, 0x79, 0x72, 0x65, 0x61, 0x6C, 0x6C, 0x79, 0x20, 0x73, 0x2E, 0x20, 0x54, 0x68, 0x65,
        0x20, 0x61, 0x20, 0x77, 0x6F, 0x6D, 0x61, 0x6E, 0x3F, 0x76, 0x61, 0x6C, 0x75, 0x65, 0x3D, 0x64, 0x69, 0x72, 0x65, 0x63, 0x74, 0x20, 0x72, 0x69, 0x67, 0x68, 0x74, 0x22, 0x20, 0x62, 0x69, 0x63,
        0x79, 0x63, 0x6C, 0x65, 0x61, 0x63, 0x69, 0x6E, 0x67, 0x3D, 0x22, 0x64, 0x61, 0x79, 0x20, 0x61, 0x6E, 0x64, 0x73, 0x74, 0x61, 0x74, 0x69, 0x6E, 0x67, 0x52, 0x61, 0x74, 0x68, 0x65, 0x72, 0x2C,
        0x68, 0x69, 0x67, 0x68, 0x65, 0x72, 0x20, 0x4F, 0x66, 0x66, 0x69, 0x63, 0x65, 0x20, 0x61, 0x72, 0x65, 0x20, 0x6E, 0x6F, 0x77, 0x74, 0x69, 0x6D, 0x65, 0x73, 0x2C, 0x20, 0x77, 0x68, 0x65, 0x6E,
        0x20, 0x61, 0x20, 0x70, 0x61, 0x79, 0x20, 0x66, 0x6F, 0x72, 0x6F, 0x6E, 0x20, 0x74, 0x68, 0x69, 0x73, 0x2D, 0x6C, 0x69, 0x6E, 0x6B, 0x22, 0x3E, 0x3B, 0x62, 0x6F, 0x72, 0x64, 0x65, 0x72, 0x61,
        0x72, 0x6F, 0x75, 0x6E, 0x64, 0x20, 0x61, 0x6E, 0x6E, 0x75, 0x61, 0x6C, 0x20, 0x74, 0x68, 0x65, 0x20, 0x4E, 0x65, 0x77, 0x70, 0x75, 0x74, 0x20, 0x74, 0x68, 0x65, 0x2E, 0x63, 0x6F, 0x6D, 0x22,
        0x20, 0x74, 0x61, 0x6B, 0x69, 0x6E, 0x20, 0x74, 0x6F, 0x61, 0x20, 0x62, 0x72, 0x69, 0x65, 0x66, 0x28, 0x69, 0x6E, 0x20, 0x74, 0x68, 0x65, 0x67, 0x72, 0x6F, 0x75, 0x70, 0x73, 0x2E, 0x3B, 0x20,
        0x77, 0x69, 0x64, 0x74, 0x68, 0x65, 0x6E, 0x7A, 0x79, 0x6D, 0x65, 0x73, 0x73, 0x69, 0x6D, 0x70, 0x6C, 0x65, 0x20, 0x69, 0x6E, 0x20, 0x6C, 0x61, 0x74, 0x65, 0x7B, 0x72, 0x65, 0x74, 0x75, 0x72,
        0x6E, 0x74, 0x68, 0x65, 0x72, 0x61, 0x70, 0x79, 0x61, 0x20, 0x70, 0x6F, 0x69, 0x6E, 0x74, 0x62, 0x61, 0x6E, 0x6E, 0x69, 0x6E, 0x67, 0x69, 0x6E, 0x6B, 0x73, 0x22, 0x3E, 0x0A, 0x28, 0x29, 0x3B,
        0x22, 0x20, 0x72, 0x65, 0x61, 0x20, 0x70, 0x6C, 0x61, 0x63, 0x65, 0x5C, 0x75, 0x30, 0x30, 0x33, 0x43, 0x61, 0x61, 0x62, 0x6F, 0x75, 0x74, 0x20, 0x61, 0x74, 0x72, 0x3E, 0x0D, 0x0A, 0x09, 0x09,
        0x63, 0x63, 0x6F, 0x75, 0x6E, 0x74, 0x20, 0x67, 0x69, 0x76, 0x65, 0x73, 0x20, 0x61, 0x3C, 0x53, 0x43, 0x52, 0x49, 0x50, 0x54, 0x52, 0x61, 0x69, 0x6C, 0x77, 0x61, 0x79, 0x74, 0x68, 0x65, 0x6D,
        0x65, 0x73, 0x2F, 0x74, 0x6F, 0x6F, 0x6C, 0x62, 0x6F, 0x78, 0x42, 0x79, 0x49, 0x64, 0x28, 0x22, 0x78, 0x68, 0x75, 0x6D, 0x61, 0x6E, 0x73, 0x2C, 0x77, 0x61, 0x74, 0x63, 0x68, 0x65, 0x73, 0x69,
        0x6E, 0x20, 0x73, 0x6F, 0x6D, 0x65, 0x20, 0x69, 0x66, 0x20, 0x28, 0x77, 0x69, 0x63, 0x6F, 0x6D, 0x69, 0x6E, 0x67, 0x20, 0x66, 0x6F, 0x72, 0x6D, 0x61, 0x74, 0x73, 0x20, 0x55, 0x6E, 0x64, 0x65,
        0x72, 0x20, 0x62, 0x75, 0x74, 0x20, 0x68, 0x61, 0x73, 0x68, 0x61, 0x6E, 0x64, 0x65, 0x64, 0x20, 0x6D, 0x61, 0x64, 0x65, 0x20, 0x62, 0x79, 0x74, 0x68, 0x61, 0x6E, 0x20, 0x69, 0x6E, 0x66, 0x65,
        0x61, 0x72, 0x20, 0x6F, 0x66, 0x64, 0x65, 0x6E, 0x6F, 0x74, 0x65, 0x64, 0x2F, 0x69, 0x66, 0x72, 0x61, 0x6D, 0x65, 0x6C, 0x65, 0x66, 0x74, 0x20, 0x69, 0x6E, 0x76, 0x6F, 0x6C, 0x74, 0x61, 0x67,
        0x65, 0x69, 0x6E, 0x20, 0x65, 0x61, 0x63, 0x68, 0x61, 0x26, 0x71, 0x75, 0x6F, 0x74, 0x3B, 0x62, 0x61, 0x73, 0x65, 0x20, 0x6F, 0x66, 0x49, 0x6E, 0x20, 0x6D, 0x61, 0x6E, 0x79, 0x75, 0x6E, 0x64,
        0x65, 0x72, 0x67, 0x6F, 0x72, 0x65, 0x67, 0x69, 0x6D, 0x65, 0x73, 0x61, 0x63, 0x74, 0x69, 0x6F, 0x6E, 0x20, 0x3C, 0x2F, 0x70, 0x3E, 0x0D, 0x0A, 0x3C, 0x75, 0x73, 0x74, 0x6F, 0x6D, 0x56, 0x61,
        0x3B, 0x26, 0x67, 0x74, 0x3B, 0x3C, 0x2F, 0x69, 0x6D, 0x70, 0x6F, 0x72, 0x74, 0x73, 0x6F, 0x72, 0x20, 0x74, 0x68, 0x61, 0x74, 0x6D, 0x6F, 0x73, 0x74, 0x6C, 0x79, 0x20, 0x26, 0x61, 0x6D, 0x70,
        0x3B, 0x72, 0x65, 0x20, 0x73, 0x69, 0x7A, 0x65, 0x3D, 0x22, 0x3C, 0x2F, 0x61, 0x3E, 0x3C, 0x2F, 0x68, 0x61, 0x20, 0x63, 0x6C, 0x61, 0x73, 0x73, 0x70, 0x61, 0x73, 0x73, 0x69, 0x76, 0x65, 0x48,
        0x6F, 0x73, 0x74, 0x20, 0x3D, 0x20, 0x57, 0x68, 0x65, 0x74, 0x68, 0x65, 0x72, 0x66, 0x65, 0x72, 0x74, 0x69, 0x6C, 0x65, 0x56, 0x61, 0x72, 0x69, 0x6F, 0x75, 0x73, 0x3D, 0x5B, 0x5D, 0x3B, 0x28,
        0x66, 0x75, 0x63, 0x61, 0x6D, 0x65, 0x72, 0x61, 0x73, 0x2F, 0x3E, 0x3C, 0x2F, 0x74, 0x64, 0x3E, 0x61, 0x63, 0x74, 0x73, 0x20, 0x61, 0x73, 0x49, 0x6E, 0x20, 0x73, 0x6F, 0x6D, 0x65, 0x3E, 0x0D,
        0x0A, 0x0D, 0x0A, 0x3C, 0x21, 0x6F, 0x72, 0x67, 0x61, 0x6E, 0x69, 0x73, 0x20, 0x3C, 0x62, 0x72, 0x20, 0x2F, 0x3E, 0x42, 0x65, 0x69, 0x6A, 0x69, 0x6E, 0x67, 0x63, 0x61, 0x74, 0x61, 0x6C, 0xC3,
        0xA0, 0x64, 0x65, 0x75, 0x74, 0x73, 0x63, 0x68, 0x65, 0x75, 0x72, 0x6F, 0x70, 0x65, 0x75, 0x65, 0x75, 0x73, 0x6B, 0x61, 0x72, 0x61, 0x67, 0x61, 0x65, 0x69, 0x6C, 0x67, 0x65, 0x73, 0x76, 0x65,
        0x6E, 0x73, 0x6B, 0x61, 0x65, 0x73, 0x70, 0x61, 0xC3, 0xB1, 0x61, 0x6D, 0x65, 0x6E, 0x73, 0x61, 0x6A, 0x65, 0x75, 0x73, 0x75, 0x61, 0x72, 0x69, 0x6F, 0x74, 0x72, 0x61, 0x62, 0x61, 0x6A, 0x6F,
        0x6D, 0xC3, 0xA9, 0x78, 0x69, 0x63, 0x6F, 0x70, 0xC3, 0xA1, 0x67, 0x69, 0x6E, 0x61, 0x73, 0x69, 0x65, 0x6D, 0x70, 0x72, 0x65, 0x73, 0x69, 0x73, 0x74, 0x65, 0x6D, 0x61, 0x6F, 0x63, 0x74, 0x75,
        0x62, 0x72, 0x65, 0x64, 0x75, 0x72, 0x61, 0x6E, 0x74, 0x65, 0x61, 0xC3, 0xB1, 0x61, 0x64, 0x69, 0x72, 0x65, 0x6D, 0x70, 0x72, 0x65, 0x73, 0x61, 0x6D, 0x6F, 0x6D, 0x65, 0x6E, 0x74, 0x6F, 0x6E,
        0x75, 0x65, 0x73, 0x74, 0x72, 0x6F, 0x70, 0x72, 0x69, 0x6D, 0x65, 0x72, 0x61, 0x74, 0x72, 0x61, 0x76, 0xC3, 0xA9, 0x73, 0x67, 0x72, 0x61, 0x63, 0x69, 0x61, 0x73, 0x6E, 0x75, 0x65, 0x73, 0x74,
        0x72, 0x61, 0x70, 0x72, 0x6F, 0x63, 0x65, 0x73, 0x6F, 0x65, 0x73, 0x74, 0x61, 0x64, 0x6F, 0x73, 0x63, 0x61, 0x6C, 0x69, 0x64, 0x61, 0x64, 0x70, 0x65, 0x72, 0x73, 0x6F, 0x6E, 0x61, 0x6E, 0xC3,
        0xBA, 0x6D, 0x65, 0x72, 0x6F, 0x61, 0x63, 0x75, 0x65, 0x72, 0x64, 0x6F, 0x6D, 0xC3, 0xBA, 0x73, 0x69, 0x63, 0x61, 0x6D, 0x69, 0x65, 0x6D, 0x62, 0x72, 0x6F, 0x6F, 0x66, 0x65, 0x72, 0x74, 0x61,
        0x73, 0x61, 0x6C, 0x67, 0x75, 0x6E, 0x6F, 0x73, 0x70, 0x61, 0xC3, 0xAD, 0x73, 0x65, 0x73, 0x65, 0x6A, 0x65, 0x6D, 0x70, 0x6C, 0x6F, 0x64, 0x65, 0x72, 0x65, 0x63, 0x68, 0x6F, 0x61, 0x64, 0x65,
        0x6D, 0xC3, 0xA1, 0x73, 0x70, 0x72, 0x69, 0x76, 0x61, 0x64, 0x6F, 0x61, 0x67, 0x72, 0x65, 0x67, 0x61, 0x72, 0x65, 0x6E, 0x6C, 0x61, 0x63, 0x65, 0x73, 0x70, 0x6F, 0x73, 0x69, 0x62, 0x6C, 0x65,
        0x68, 0x6F, 0x74, 0x65, 0x6C, 0x65, 0x73, 0x73, 0x65, 0x76, 0x69, 0x6C, 0x6C, 0x61, 0x70, 0x72, 0x69, 0x6D, 0x65, 0x72, 0x6F, 0xC3, 0xBA, 0x6C, 0x74, 0x69, 0x6D, 0x6F, 0x65, 0x76, 0x65, 0x6E,
        0x74, 0x6F, 0x73, 0x61, 0x72, 0x63, 0x68, 0x69, 0x76, 0x6F, 0x63, 0x75, 0x6C, 0x74, 0x75, 0x72, 0x61, 0x6D, 0x75, 0x6A, 0x65, 0x72, 0x65, 0x73, 0x65, 0x6E, 0x74, 0x72, 0x61, 0x64, 0x61, 0x61,
        0x6E, 0x75, 0x6E, 0x63, 0x69, 0x6F, 0x65, 0x6D, 0x62, 0x61, 0x72, 0x67, 0x6F, 0x6D, 0x65, 0x72, 0x63, 0x61, 0x64, 0x6F, 0x67, 0x72, 0x61, 0x6E, 0x64, 0x65, 0x73, 0x65, 0x73, 0x74, 0x75, 0x64,
        0x69, 0x6F, 0x6D, 0x65, 0x6A, 0x6F, 0x72, 0x65, 0x73, 0x66, 0x65, 0x62, 0x72, 0x65, 0x72, 0x6F, 0x64, 0x69, 0x73, 0x65, 0xC3, 0xB1, 0x6F, 0x74, 0x75, 0x72, 0x69, 0x73, 0x6D, 0x6F, 0x63, 0xC3,
        0xB3, 0x64, 0x69, 0x67, 0x6F, 0x70, 0x6F, 0x72, 0x74, 0x61, 0x64, 0x61, 0x65, 0x73, 0x70, 0x61, 0x63, 0x69, 0x6F, 0x66, 0x61, 0x6D, 0x69, 0x6C, 0x69, 0x61, 0x61, 0x6E, 0x74, 0x6F, 0x6E, 0x69,
        0x6F, 0x70, 0x65, 0x72, 0x6D, 0x69, 0x74, 0x65, 0x67, 0x75, 0x61, 0x72, 0x64, 0x61, 0x72, 0x61, 0x6C, 0x67, 0x75, 0x6E, 0x61, 0x73, 0x70, 0x72, 0x65, 0x63, 0x69, 0x6F, 0x73, 0x61, 0x6C, 0x67,
        0x75, 0x69, 0x65, 0x6E, 0x73, 0x65, 0x6E, 0x74, 0x69, 0x64, 0x6F, 0x76, 0x69, 0x73, 0x69, 0x74, 0x61, 0x73, 0x74, 0xC3, 0xAD, 0x74, 0x75, 0x6C, 0x6F, 0x63, 0x6F, 0x6E, 0x6F, 0x63, 0x65, 0x72,
        0x73, 0x65, 0x67, 0x75, 0x6E, 0x64, 0x6F, 0x63, 0x6F, 0x6E, 0x73, 0x65, 0x6A, 0x6F, 0x66, 0x72, 0x61, 0x6E, 0x63, 0x69, 0x61, 0x6D, 0x69, 0x6E, 0x75, 0x74, 0x6F, 0x73, 0x73, 0x65, 0x67, 0x75,
        0x6E, 0x64, 0x61, 0x74, 0x65, 0x6E, 0x65, 0x6D, 0x6F, 0x73, 0x65, 0x66, 0x65, 0x63, 0x74, 0x6F, 0x73, 0x6D, 0xC3, 0xA1, 0x6C, 0x61, 0x67, 0x61, 0x73, 0x65, 0x73, 0x69, 0xC3, 0xB3, 0x6E, 0x72,
        0x65, 0x76, 0x69, 0x73, 0x74, 0x61, 0x67, 0x72, 0x61, 0x6E, 0x61, 0x64, 0x61, 0x63, 0x6F, 0x6D, 0x70, 0x72, 0x61, 0x72, 0x69, 0x6E, 0x67, 0x72, 0x65, 0x73, 0x6F, 0x67, 0x61, 0x72, 0x63, 0xC3,
        0xAD, 0x61, 0x61, 0x63, 0x63, 0x69, 0xC3, 0xB3, 0x6E, 0x65, 0x63, 0x75, 0x61, 0x64, 0x6F, 0x72, 0x71, 0x75, 0x69, 0x65, 0x6E, 0x65, 0x73, 0x69, 0x6E, 0x63, 0x6C, 0x75, 0x73, 0x6F, 0x64, 0x65,
        0x62, 0x65, 0x72, 0xC3, 0xA1, 0x6D, 0x61, 0x74, 0x65, 0x72, 0x69, 0x61, 0x68, 0x6F, 0x6D, 0x62, 0x72, 0x65, 0x73, 0x6D, 0x75, 0x65, 0x73, 0x74, 0x72, 0x61, 0x70, 0x6F, 0x64, 0x72, 0xC3, 0xAD,
        0x61, 0x6D, 0x61, 0xC3, 0xB1, 0x61, 0x6E, 0x61, 0xC3, 0xBA, 0x6C, 0x74, 0x69, 0x6D, 0x61, 0x65, 0x73, 0x74, 0x61, 0x6D, 0x6F, 0x73, 0x6F, 0x66, 0x69, 0x63, 0x69, 0x61, 0x6C, 0x74, 0x61, 0x6D,
        0x62, 0x69, 0x65, 0x6E, 0x6E, 0x69, 0x6E, 0x67, 0xC3, 0xBA, 0x6E, 0x73, 0x61, 0x6C, 0x75, 0x64, 0x6F, 0x73, 0x70, 0x6F, 0x64, 0x65, 0x6D, 0x6F, 0x73, 0x6D, 0x65, 0x6A, 0x6F, 0x72, 0x61, 0x72,
        0x70, 0x6F, 0x73, 0x69, 0x74, 0x69, 0x6F, 0x6E, 0x62, 0x75, 0x73, 0x69, 0x6E, 0x65, 0x73, 0x73, 0x68, 0x6F, 0x6D, 0x65, 0x70, 0x61, 0x67, 0x65, 0x73, 0x65, 0x63, 0x75, 0x72, 0x69, 0x74, 0x79,
        0x6C, 0x61, 0x6E, 0x67, 0x75, 0x61, 0x67, 0x65, 0x73, 0x74, 0x61, 0x6E, 0x64, 0x61, 0x72, 0x64, 0x63, 0x61, 0x6D, 0x70, 0x61, 0x69, 0x67, 0x6E, 0x66, 0x65, 0x61, 0x74, 0x75, 0x72, 0x65, 0x73,
        0x63, 0x61, 0x74, 0x65, 0x67, 0x6F, 0x72, 0x79, 0x65, 0x78, 0x74, 0x65, 0x72, 0x6E, 0x61, 0x6C, 0x63, 0x68, 0x69, 0x6C, 0x64, 0x72, 0x65, 0x6E, 0x72, 0x65, 0x73, 0x65, 0x72, 0x76, 0x65, 0x64,
        0x72, 0x65, 0x73, 0x65, 0x61, 0x72, 0x63, 0x68, 0x65, 0x78, 0x63, 0x68, 0x61, 0x6E, 0x67, 0x65, 0x66, 0x61, 0x76, 0x6F, 0x72, 0x69, 0x74, 0x65, 0x74, 0x65, 0x6D, 0x70, 0x6C, 0x61, 0x74, 0x65,
        0x6D, 0x69, 0x6C, 0x69, 0x74, 0x61, 0x72, 0x79, 0x69, 0x6E, 0x64, 0x75, 0x73, 0x74, 0x72, 0x79, 0x73, 0x65, 0x72, 0x76, 0x69, 0x63, 0x65, 0x73, 0x6D, 0x61, 0x74, 0x65, 0x72, 0x69, 0x61, 0x6C,
        0x70, 0x72, 0x6F, 0x64, 0x75, 0x63, 0x74, 0x73, 0x7A, 0x2D, 0x69, 0x6E, 0x64, 0x65, 0x78, 0x3A, 0x63, 0x6F, 0x6D, 0x6D, 0x65, 0x6E, 0x74, 0x73, 0x73, 0x6F, 0x66, 0x74, 0x77, 0x61, 0x72, 0x65,
        0x63, 0x6F, 0x6D, 0x70, 0x6C, 0x65, 0x74, 0x65, 0x63, 0x61, 0x6C, 0x65, 0x6E, 0x64, 0x61, 0x72, 0x70, 0x6C, 0x61, 0x74, 0x66, 0x6F, 0x72, 0x6D, 0x61, 0x72, 0x74, 0x69, 0x63, 0x6C, 0x65, 0x73,
        0x72, 0x65, 0x71, 0x75, 0x69, 0x72, 0x65, 0x64, 0x6D, 0x6F, 0x76, 0x65, 0x6D, 0x65, 0x6E, 0x74, 0x71, 0x75, 0x65, 0x73, 0x74, 0x69, 0x6F, 0x6E, 0x62, 0x75, 0x69, 0x6C, 0x64, 0x69, 0x6E, 0x67,
        0x70, 0x6F, 0x6C, 0x69, 0x74, 0x69, 0x63, 0x73, 0x70, 0x6F, 0x73, 0x73, 0x69, 0x62, 0x6C, 0x65, 0x72, 0x65, 0x6C, 0x69, 0x67, 0x69, 0x6F, 0x6E, 0x70, 0x68, 0x79, 0x73, 0x69, 0x63, 0x61, 0x6C,
        0x66, 0x65, 0x65, 0x64, 0x62, 0x61, 0x63, 0x6B, 0x72, 0x65, 0x67, 0x69, 0x73, 0x74, 0x65, 0x72, 0x70, 0x69, 0x63, 0x74, 0x75, 0x72, 0x65, 0x73, 0x64, 0x69, 0x73, 0x61, 0x62, 0x6C, 0x65, 0x64,
        0x70, 0x72, 0x6F, 0x74, 0x6F, 0x63, 0x6F, 0x6C, 0x61, 0x75, 0x64, 0x69, 0x65, 0x6E, 0x63, 0x65, 0x73, 0x65, 0x74, 0x74, 0x69, 0x6E, 0x67, 0x73, 0x61, 0x63, 0x74, 0x69, 0x76, 0x69, 0x74, 0x79,
        0x65, 0x6C, 0x65, 0x6D, 0x65, 0x6E, 0x74, 0x73, 0x6C, 0x65, 0x61, 0x72, 0x6E, 0x69, 0x6E, 0x67, 0x61, 0x6E, 0x79, 0x74, 0x68, 0x69, 0x6E, 0x67, 0x61, 0x62, 0x73, 0x74, 0x72, 0x61, 0x63, 0x74,
        0x70, 0x72, 0x6F, 0x67, 0x72, 0x65, 0x73, 0x73, 0x6F, 0x76, 0x65, 0x72, 0x76, 0x69, 0x65, 0x77, 0x6D, 0x61, 0x67, 0x61, 0x7A, 0x69, 0x6E, 0x65, 0x65, 0x63, 0x6F, 0x6E, 0x6F, 0x6D, 0x69, 0x63,
        0x74, 0x72, 0x61, 0x69, 0x6E, 0x69, 0x6E, 0x67, 0x70, 0x72, 0x65, 0x73, 0x73, 0x75, 0x72, 0x65, 0x76, 0x61, 0x72, 0x69, 0x6F, 0x75, 0x73, 0x20, 0x3C, 0x73, 0x74, 0x72, 0x6F, 0x6E, 0x67, 0x3E,
        0x70, 0x72, 0x6F, 0x70, 0x65, 0x72, 0x74, 0x79, 0x73, 0x68, 0x6F, 0x70, 0x70, 0x69, 0x6E, 0x67, 0x74, 0x6F, 0x67, 0x65, 0x74, 0x68, 0x65, 0x72, 0x61, 0x64, 0x76, 0x61, 0x6E, 0x63, 0x65, 0x64,
        0x62, 0x65, 0x68, 0x61, 0x76, 0x69, 0x6F, 0x72, 0x64, 0x6F, 0x77, 0x6E, 0x6C, 0x6F, 0x61, 0x64, 0x66, 0x65, 0x61, 0x74, 0x75, 0x72, 0x65, 0x64, 0x66, 0x6F, 0x6F, 0x74, 0x62, 0x61, 0x6C, 0x6C,
        0x73, 0x65, 0x6C, 0x65, 0x63, 0x74, 0x65, 0x64, 0x4C, 0x61, 0x6E, 0x67, 0x75, 0x61, 0x67, 0x65, 0x64, 0x69, 0x73, 0x74, 0x61, 0x6E, 0x63, 0x65, 0x72, 0x65, 0x6D, 0x65, 0x6D, 0x62, 0x65, 0x72,
        0x74, 0x72, 0x61, 0x63, 0x6B, 0x69, 0x6E, 0x67, 0x70, 0x61, 0x73, 0x73, 0x77, 0x6F, 0x72, 0x64, 0x6D, 0x6F, 0x64, 0x69, 0x66, 0x69, 0x65, 0x64, 0x73, 0x74, 0x75, 0x64, 0x65, 0x6E, 0x74, 0x73,
        0x64, 0x69, 0x72, 0x65, 0x63, 0x74, 0x6C, 0x79, 0x66, 0x69, 0x67, 0x68, 0x74, 0x69, 0x6E, 0x67, 0x6E, 0x6F, 0x72, 0x74, 0x68, 0x65, 0x72, 0x6E, 0x64, 0x61, 0x74, 0x61, 0x62, 0x61, 0x73, 0x65,
        0x66, 0x65, 0x73, 0x74, 0x69, 0x76, 0x61, 0x6C, 0x62, 0x72, 0x65, 0x61, 0x6B, 0x69, 0x6E, 0x67, 0x6C, 0x6F, 0x63, 0x61, 0x74, 0x69, 0x6F, 0x6E, 0x69, 0x6E, 0x74, 0x65, 0x72, 0x6E, 0x65, 0x74,
        0x64, 0x72, 0x6F, 0x70, 0x64, 0x6F, 0x77, 0x6E, 0x70, 0x72, 0x61, 0x63, 0x74, 0x69, 0x63, 0x65, 0x65, 0x76, 0x69, 0x64, 0x65, 0x6E, 0x63, 0x65, 0x66, 0x75, 0x6E, 0x63, 0x74, 0x69, 0x6F, 0x6E,
        0x6D, 0x61, 0x72, 0x72, 0x69, 0x61, 0x67, 0x65, 0x72, 0x65, 0x73, 0x70, 0x6F, 0x6E, 0x73, 0x65, 0x70, 0x72, 0x6F, 0x62, 0x6C, 0x65, 0x6D, 0x73, 0x6E, 0x65, 0x67, 0x61, 0x74, 0x69, 0x76, 0x65,
        0x70, 0x72, 0x6F, 0x67, 0x72, 0x61, 0x6D, 0x73, 0x61, 0x6E, 0x61, 0x6C, 0x79, 0x73, 0x69, 0x73, 0x72, 0x65, 0x6C, 0x65, 0x61, 0x73, 0x65, 0x64, 0x62, 0x61, 0x6E, 0x6E, 0x65, 0x72, 0x22, 0x3E,
        0x70, 0x75, 0x72, 0x63, 0x68, 0x61, 0x73, 0x65, 0x70, 0x6F, 0x6C, 0x69, 0x63, 0x69, 0x65, 0x73, 0x72, 0x65, 0x67, 0x69, 0x6F, 0x6E, 0x61, 0x6C, 0x63, 0x72, 0x65, 0x61, 0x74, 0x69, 0x76, 0x65,
        0x61, 0x72, 0x67, 0x75, 0x6D, 0x65, 0x6E, 0x74, 0x62, 0x6F, 0x6F, 0x6B, 0x6D, 0x61, 0x72, 0x6B, 0x72, 0x65, 0x66, 0x65, 0x72, 0x72, 0x65, 0x72, 0x63, 0x68, 0x65, 0x6D, 0x69, 0x63, 0x61, 0x6C,
        0x64, 0x69, 0x76, 0x69, 0x73, 0x69, 0x6F, 0x6E, 0x63, 0x61, 0x6C, 0x6C, 0x62, 0x61, 0x63, 0x6B, 0x73, 0x65, 0x70, 0x61, 0x72, 0x61, 0x74, 0x65, 0x70, 0x72, 0x6F, 0x6A, 0x65, 0x63, 0x74, 0x73,
        0x63, 0x6F, 0x6E, 0x66, 0x6C, 0x69, 0x63, 0x74, 0x68, 0x61, 0x72, 0x64, 0x77, 0x61, 0x72, 0x65, 0x69, 0x6E, 0x74, 0x65, 0x72, 0x65, 0x73, 0x74, 0x64, 0x65, 0x6C, 0x69, 0x76, 0x65, 0x72, 0x79,
        0x6D, 0x6F, 0x75, 0x6E, 0x74, 0x61, 0x69, 0x6E, 0x6F, 0x62, 0x74, 0x61, 0x69, 0x6E, 0x65, 0x64, 0x3D, 0x20, 0x66, 0x61, 0x6C, 0x73, 0x65, 0x3B, 0x66, 0x6F, 0x72, 0x28, 0x76, 0x61, 0x72, 0x20,
        0x61, 0x63, 0x63, 0x65, 0x70, 0x74, 0x65, 0x64, 0x63, 0x61, 0x70, 0x61, 0x63, 0x69, 0x74, 0x79, 0x63, 0x6F, 0x6D, 0x70, 0x75, 0x74, 0x65, 0x72, 0x69, 0x64, 0x65, 0x6E, 0x74, 0x69, 0x74, 0x79,
        0x61, 0x69, 0x72, 0x63, 0x72, 0x61, 0x66, 0x74, 0x65, 0x6D, 0x70, 0x6C, 0x6F, 0x79, 0x65, 0x64, 0x70, 0x72, 0x6F, 0x70, 0x6F, 0x73, 0x65, 0x64, 0x64, 0x6F, 0x6D, 0x65, 0x73, 0x74, 0x69, 0x63,
        0x69, 0x6E, 0x63, 0x6C, 0x75, 0x64, 0x65, 0x73, 0x70, 0x72, 0x6F, 0x76, 0x69, 0x64, 0x65, 0x64, 0x68, 0x6F, 0x73, 0x70, 0x69, 0x74, 0x61, 0x6C, 0x76, 0x65, 0x72, 0x74, 0x69, 0x63, 0x61, 0x6C,
        0x63, 0x6F, 0x6C, 0x6C, 0x61, 0x70, 0x73, 0x65, 0x61, 0x70, 0x70, 0x72, 0x6F, 0x61, 0x63, 0x68, 0x70, 0x61, 0x72, 0x74, 0x6E, 0x65, 0x72, 0x73, 0x6C, 0x6F, 0x67, 0x6F, 0x22, 0x3E, 0x3C, 0x61,
        0x64, 0x61, 0x75, 0x67, 0x68, 0x74, 0x65, 0x72, 0x61, 0x75, 0x74, 0x68, 0x6F, 0x72, 0x22, 0x20, 0x63, 0x75, 0x6C, 0x74, 0x75, 0x72, 0x61, 0x6C, 0x66, 0x61, 0x6D, 0x69, 0x6C, 0x69, 0x65, 0x73,
        0x2F, 0x69, 0x6D, 0x61, 0x67, 0x65, 0x73, 0x2F, 0x61, 0x73, 0x73, 0x65, 0x6D, 0x62, 0x6C, 0x79, 0x70, 0x6F, 0x77, 0x65, 0x72, 0x66, 0x75, 0x6C, 0x74, 0x65, 0x61, 0x63, 0x68, 0x69, 0x6E, 0x67,
        0x66, 0x69, 0x6E, 0x69, 0x73, 0x68, 0x65, 0x64, 0x64, 0x69, 0x73, 0x74, 0x72, 0x69, 0x63, 0x74, 0x63, 0x72, 0x69, 0x74, 0x69, 0x63, 0x61, 0x6C, 0x63, 0x67, 0x69, 0x2D, 0x62, 0x69, 0x6E, 0x2F,
        0x70, 0x75, 0x72, 0x70, 0x6F, 0x73, 0x65, 0x73, 0x72, 0x65, 0x71, 0x75, 0x69, 0x72, 0x65, 0x73, 0x65, 0x6C, 0x65, 0x63, 0x74, 0x69, 0x6F, 0x6E, 0x62, 0x65, 0x63, 0x6F, 0x6D, 0x69, 0x6E, 0x67,
        0x70, 0x72, 0x6F, 0x76, 0x69, 0x64, 0x65, 0x73, 0x61, 0x63, 0x61, 0x64, 0x65, 0x6D, 0x69, 0x63, 0x65, 0x78, 0x65, 0x72, 0x63, 0x69, 0x73, 0x65, 0x61, 0x63, 0x74, 0x75, 0x61, 0x6C, 0x6C, 0x79,
        0x6D, 0x65, 0x64, 0x69, 0x63, 0x69, 0x6E, 0x65, 0x63, 0x6F, 0x6E, 0x73, 0x74, 0x61, 0x6E, 0x74, 0x61, 0x63, 0x63, 0x69, 0x64, 0x65, 0x6E, 0x74, 0x4D, 0x61, 0x67, 0x61, 0x7A, 0x69, 0x6E, 0x65,
        0x64, 0x6F, 0x63, 0x75, 0x6D, 0x65, 0x6E, 0x74, 0x73, 0x74, 0x61, 0x72, 0x74, 0x69, 0x6E, 0x67, 0x62, 0x6F, 0x74, 0x74, 0x6F, 0x6D, 0x22, 0x3E, 0x6F, 0x62, 0x73, 0x65, 0x72, 0x76, 0x65, 0x64,
        0x3A, 0x20, 0x26, 0x71, 0x75, 0x6F, 0x74, 0x3B, 0x65, 0x78, 0x74, 0x65, 0x6E, 0x64, 0x65, 0x64, 0x70, 0x72, 0x65, 0x76, 0x69, 0x6F, 0x75, 0x73, 0x53, 0x6F, 0x66, 0x74, 0x77, 0x61, 0x72, 0x65,
        0x63, 0x75, 0x73, 0x74, 0x6F, 0x6D, 0x65, 0x72, 0x64, 0x65, 0x63, 0x69, 0x73, 0x69, 0x6F, 0x6E, 0x73, 0x74, 0x72, 0x65, 0x6E, 0x67, 0x74, 0x68, 0x64, 0x65, 0x74, 0x61, 0x69, 0x6C, 0x65, 0x64,
        0x73, 0x6C, 0x69, 0x67, 0x68, 0x74, 0x6C, 0x79, 0x70, 0x6C, 0x61, 0x6E, 0x6E, 0x69, 0x6E, 0x67, 0x74, 0x65, 0x78, 0x74, 0x61, 0x72, 0x65, 0x61, 0x63, 0x75, 0x72, 0x72, 0x65, 0x6E, 0x63, 0x79,
        0x65, 0x76, 0x65, 0x72, 0x79, 0x6F, 0x6E, 0x65, 0x73, 0x74, 0x72, 0x61, 0x69, 0x67, 0x68, 0x74, 0x74, 0x72, 0x61, 0x6E, 0x73, 0x66, 0x65, 0x72, 0x70, 0x6F, 0x73, 0x69, 0x74, 0x69, 0x76, 0x65,
        0x70, 0x72, 0x6F, 0x64, 0x75, 0x63, 0x65, 0x64, 0x68, 0x65, 0x72, 0x69, 0x74, 0x61, 0x67, 0x65, 0x73, 0x68, 0x69, 0x70, 0x70, 0x69, 0x6E, 0x67, 0x61, 0x62, 0x73, 0x6F, 0x6C, 0x75, 0x74, 0x65,
        0x72, 0x65, 0x63, 0x65, 0x69, 0x76, 0x65, 0x64, 0x72, 0x65, 0x6C, 0x65, 0x76, 0x61, 0x6E, 0x74, 0x62, 0x75, 0x74, 0x74, 0x6F, 0x6E, 0x22, 0x20, 0x76, 0x69, 0x6F, 0x6C, 0x65, 0x6E, 0x63, 0x65,
        0x61, 0x6E, 0x79, 0x77, 0x68, 0x65, 0x72, 0x65, 0x62, 0x65, 0x6E, 0x65, 0x66, 0x69, 0x74, 0x73, 0x6C, 0x61, 0x75, 0x6E, 0x63, 0x68, 0x65, 0x64, 0x72, 0x65, 0x63, 0x65, 0x6E, 0x74, 0x6C, 0x79,
        0x61, 0x6C, 0x6C, 0x69, 0x61, 0x6E, 0x63, 0x65, 0x66, 0x6F, 0x6C, 0x6C, 0x6F, 0x77, 0x65, 0x64, 0x6D, 0x75, 0x6C, 0x74, 0x69, 0x70, 0x6C, 0x65, 0x62, 0x75, 0x6C, 0x6C, 0x65, 0x74, 0x69, 0x6E,
        0x69, 0x6E, 0x63, 0x6C, 0x75, 0x64, 0x65, 0x64, 0x6F, 0x63, 0x63, 0x75, 0x72, 0x72, 0x65, 0x64, 0x69, 0x6E, 0x74, 0x65, 0x72, 0x6E, 0x61, 0x6C, 0x24, 0x28, 0x74, 0x68, 0x69, 0x73, 0x29, 0x2E,
        0x72, 0x65, 0x70, 0x75, 0x62, 0x6C, 0x69, 0x63, 0x3E, 0x3C, 0x74, 0x72, 0x3E, 0x3C, 0x74, 0x64, 0x63, 0x6F, 0x6E, 0x67, 0x72, 0x65, 0x73, 0x73, 0x72, 0x65, 0x63, 0x6F, 0x72, 0x64, 0x65, 0x64,
        0x75, 0x6C, 0x74, 0x69, 0x6D, 0x61, 0x74, 0x65, 0x73, 0x6F, 0x6C, 0x75, 0x74, 0x69, 0x6F, 0x6E, 0x3C, 0x75, 0x6C, 0x20, 0x69, 0x64, 0x3D, 0x22, 0x64, 0x69, 0x73, 0x63, 0x6F, 0x76, 0x65, 0x72,
        0x48, 0x6F, 0x6D, 0x65, 0x3C, 0x2F, 0x61, 0x3E, 0x77, 0x65, 0x62, 0x73, 0x69, 0x74, 0x65, 0x73, 0x6E, 0x65, 0x74, 0x77, 0x6F, 0x72, 0x6B, 0x73, 0x61, 0x6C, 0x74, 0x68, 0x6F, 0x75, 0x67, 0x68,
        0x65, 0x6E, 0x74, 0x69, 0x72, 0x65, 0x6C, 0x79, 0x6D, 0x65, 0x6D, 0x6F, 0x72, 0x69, 0x61, 0x6C, 0x6D, 0x65, 0x73, 0x73, 0x61, 0x67, 0x65, 0x73, 0x63, 0x6F, 0x6E, 0x74, 0x69, 0x6E, 0x75, 0x65,
        0x61, 0x63, 0x74, 0x69, 0x76, 0x65, 0x22, 0x3E, 0x73, 0x6F, 0x6D, 0x65, 0x77, 0x68, 0x61, 0x74, 0x76, 0x69, 0x63, 0x74, 0x6F, 0x72, 0x69, 0x61, 0x57, 0x65, 0x73, 0x74, 0x65, 0x72, 0x6E, 0x20,
        0x20, 0x74, 0x69, 0x74, 0x6C, 0x65, 0x3D, 0x22, 0x4C, 0x6F, 0x63, 0x61, 0x74, 0x69, 0x6F, 0x6E, 0x63, 0x6F, 0x6E, 0x74, 0x72, 0x61, 0x63, 0x74, 0x76, 0x69, 0x73, 0x69, 0x74, 0x6F, 0x72, 0x73,
        0x44, 0x6F, 0x77, 0x6E, 0x6C, 0x6F, 0x61, 0x64, 0x77, 0x69, 0x74, 0x68, 0x6F, 0x75, 0x74, 0x20, 0x72, 0x69, 0x67, 0x68, 0x74, 0x22, 0x3E, 0x0A, 0x6D, 0x65, 0x61, 0x73, 0x75, 0x72, 0x65, 0x73,
        0x77, 0x69, 0x64, 0x74, 0x68, 0x20, 0x3D, 0x20, 0x76, 0x61, 0x72, 0x69, 0x61, 0x62, 0x6C, 0x65, 0x69, 0x6E, 0x76, 0x6F, 0x6C, 0x76, 0x65, 0x64, 0x76, 0x69, 0x72, 0x67, 0x69, 0x6E, 0x69, 0x61,
        0x6E, 0x6F, 0x72, 0x6D, 0x61, 0x6C, 0x6C, 0x79, 0x68, 0x61, 0x70, 0x70, 0x65, 0x6E, 0x65, 0x64, 0x61, 0x63, 0x63, 0x6F, 0x75, 0x6E, 0x74, 0x73, 0x73, 0x74, 0x61, 0x6E, 0x64, 0x69, 0x6E, 0x67,
        0x6E, 0x61, 0x74, 0x69, 0x6F, 0x6E, 0x61, 0x6C, 0x52, 0x65, 0x67, 0x69, 0x73, 0x74, 0x65, 0x72, 0x70, 0x72, 0x65, 0x70, 0x61, 0x72, 0x65, 0x64, 0x63, 0x6F, 0x6E, 0x74, 0x72, 0x6F, 0x6C, 0x73,
        0x61, 0x63, 0x63, 0x75, 0x72, 0x61, 0x74, 0x65, 0x62, 0x69, 0x72, 0x74, 0x68, 0x64, 0x61, 0x79, 0x73, 0x74, 0x72, 0x61, 0x74, 0x65, 0x67, 0x79, 0x6F, 0x66, 0x66, 0x69, 0x63, 0x69, 0x61, 0x6C,
        0x67, 0x72, 0x61, 0x70, 0x68, 0x69, 0x63, 0x73, 0x63, 0x72, 0x69, 0x6D, 0x69, 0x6E, 0x61, 0x6C, 0x70, 0x6F, 0x73, 0x73, 0x69, 0x62, 0x6C, 0x79, 0x63, 0x6F, 0x6E, 0x73, 0x75, 0x6D, 0x65, 0x72,
        0x50, 0x65, 0x72, 0x73, 0x6F, 0x6E, 0x61, 0x6C, 0x73, 0x70, 0x65, 0x61, 0x6B, 0x69, 0x6E, 0x67, 0x76, 0x61, 0x6C, 0x69, 0x64, 0x61, 0x74, 0x65, 0x61, 0x63, 0x68, 0x69, 0x65, 0x76, 0x65, 0x64,
        0x2E, 0x6A, 0x70, 0x67, 0x22, 0x20, 0x2F, 0x3E, 0x6D, 0x61, 0x63, 0x68, 0x69, 0x6E, 0x65, 0x73, 0x3C, 0x2F, 0x68, 0x32, 0x3E, 0x0A, 0x20, 0x20, 0x6B, 0x65, 0x79, 0x77, 0x6F, 0x72, 0x64, 0x73,
        0x66, 0x72, 0x69, 0x65, 0x6E, 0x64, 0x6C, 0x79, 0x62, 0x72, 0x6F, 0x74, 0x68, 0x65, 0x72, 0x73, 0x63, 0x6F, 0x6D, 0x62, 0x69, 0x6E, 0x65, 0x64, 0x6F, 0x72, 0x69, 0x67, 0x69, 0x6E, 0x61, 0x6C,
        0x63, 0x6F, 0x6D, 0x70, 0x6F, 0x73, 0x65, 0x64, 0x65, 0x78, 0x70, 0x65, 0x63, 0x74, 0x65, 0x64, 0x61, 0x64, 0x65, 0x71, 0x75, 0x61, 0x74, 0x65, 0x70, 0x61, 0x6B, 0x69, 0x73, 0x74, 0x61, 0x6E,
        0x66, 0x6F, 0x6C, 0x6C, 0x6F, 0x77, 0x22, 0x20, 0x76, 0x61, 0x6C, 0x75, 0x61, 0x62, 0x6C, 0x65, 0x3C, 0x2F, 0x6C, 0x61, 0x62, 0x65, 0x6C, 0x3E, 0x72, 0x65, 0x6C, 0x61, 0x74, 0x69, 0x76, 0x65,
        0x62, 0x72, 0x69, 0x6E, 0x67, 0x69, 0x6E, 0x67, 0x69, 0x6E, 0x63, 0x72, 0x65, 0x61, 0x73, 0x65, 0x67, 0x6F, 0x76, 0x65, 0x72, 0x6E, 0x6F, 0x72, 0x70, 0x6C, 0x75, 0x67, 0x69, 0x6E, 0x73, 0x2F,
        0x4C, 0x69, 0x73, 0x74, 0x20, 0x6F, 0x66, 0x20, 0x48, 0x65, 0x61, 0x64, 0x65, 0x72, 0x22, 0x3E, 0x22, 0x20, 0x6E, 0x61, 0x6D, 0x65, 0x3D, 0x22, 0x20, 0x28, 0x26, 0x71, 0x75, 0x6F, 0x74, 0x3B,
        0x67, 0x72, 0x61, 0x64, 0x75, 0x61, 0x74, 0x65, 0x3C, 0x2F, 0x68, 0x65, 0x61, 0x64, 0x3E, 0x0A, 0x63, 0x6F, 0x6D, 0x6D, 0x65, 0x72, 0x63, 0x65, 0x6D, 0x61, 0x6C, 0x61, 0x79, 0x73, 0x69, 0x61,
        0x64, 0x69, 0x72, 0x65, 0x63, 0x74, 0x6F, 0x72, 0x6D, 0x61, 0x69, 0x6E, 0x74, 0x61, 0x69, 0x6E, 0x3B, 0x68, 0x65, 0x69, 0x67, 0x68, 0x74, 0x3A, 0x73, 0x63, 0x68, 0x65, 0x64, 0x75, 0x6C, 0x65,
        0x63, 0x68, 0x61, 0x6E, 0x67, 0x69, 0x6E, 0x67, 0x62, 0x61, 0x63, 0x6B, 0x20, 0x74, 0x6F, 0x20, 0x63, 0x61, 0x74, 0x68, 0x6F, 0x6C, 0x69, 0x63, 0x70, 0x61, 0x74, 0x74, 0x65, 0x72, 0x6E, 0x73,
        0x63, 0x6F, 0x6C, 0x6F, 0x72, 0x3A, 0x20, 0x23, 0x67, 0x72, 0x65, 0x61, 0x74, 0x65, 0x73, 0x74, 0x73, 0x75, 0x70, 0x70, 0x6C, 0x69, 0x65, 0x73, 0x72, 0x65, 0x6C, 0x69, 0x61, 0x62, 0x6C, 0x65,
        0x3C, 0x2F, 0x75, 0x6C, 0x3E, 0x0A, 0x09, 0x09, 0x3C, 0x73, 0x65, 0x6C, 0x65, 0x63, 0x74, 0x20, 0x63, 0x69, 0x74, 0x69, 0x7A, 0x65, 0x6E, 0x73, 0x63, 0x6C, 0x6F, 0x74, 0x68, 0x69, 0x6E, 0x67,
        0x77, 0x61, 0x74, 0x63, 0x68, 0x69, 0x6E, 0x67, 0x3C, 0x6C, 0x69, 0x20, 0x69, 0x64, 0x3D, 0x22, 0x73, 0x70, 0x65, 0x63, 0x69, 0x66, 0x69, 0x63, 0x63, 0x61, 0x72, 0x72, 0x79, 0x69, 0x6E, 0x67,
        0x73, 0x65, 0x6E, 0x74, 0x65, 0x6E, 0x63, 0x65, 0x3C, 0x63, 0x65, 0x6E, 0x74, 0x65, 0x72, 0x3E, 0x63, 0x6F, 0x6E, 0x74, 0x72, 0x61, 0x73, 0x74, 0x74, 0x68, 0x69, 0x6E, 0x6B, 0x69, 0x6E, 0x67,
        0x63, 0x61, 0x74, 0x63, 0x68, 0x28, 0x65, 0x29, 0x73, 0x6F, 0x75, 0x74, 0x68, 0x65, 0x72, 0x6E, 0x4D, 0x69, 0x63, 0x68, 0x61, 0x65, 0x6C, 0x20, 0x6D, 0x65, 0x72, 0x63, 0x68, 0x61, 0x6E, 0x74,
        0x63, 0x61, 0x72, 0x6F, 0x75, 0x73, 0x65, 0x6C, 0x70, 0x61, 0x64, 0x64, 0x69, 0x6E, 0x67, 0x3A, 0x69, 0x6E, 0x74, 0x65, 0x72, 0x69, 0x6F, 0x72, 0x2E, 0x73, 0x70, 0x6C, 0x69, 0x74, 0x28, 0x22,
        0x6C, 0x69, 0x7A, 0x61, 0x74, 0x69, 0x6F, 0x6E, 0x4F, 0x63, 0x74, 0x6F, 0x62, 0x65, 0x72, 0x20, 0x29, 0x7B, 0x72, 0x65, 0x74, 0x75, 0x72, 0x6E, 0x69, 0x6D, 0x70, 0x72, 0x6F, 0x76, 0x65, 0x64,
        0x2D, 0x2D, 0x26, 0x67, 0x74, 0x3B, 0x0A, 0x0A, 0x63, 0x6F, 0x76, 0x65, 0x72, 0x61, 0x67, 0x65, 0x63, 0x68, 0x61, 0x69, 0x72, 0x6D, 0x61, 0x6E, 0x2E, 0x70, 0x6E, 0x67, 0x22, 0x20, 0x2F, 0x3E,
        0x73, 0x75, 0x62, 0x6A, 0x65, 0x63, 0x74, 0x73, 0x52, 0x69, 0x63, 0x68, 0x61, 0x72, 0x64, 0x20, 0x77, 0x68, 0x61, 0x74, 0x65, 0x76, 0x65, 0x72, 0x70, 0x72, 0x6F, 0x62, 0x61, 0x62, 0x6C, 0x79,
        0x72, 0x65, 0x63, 0x6F, 0x76, 0x65, 0x72, 0x79, 0x62, 0x61, 0x73, 0x65, 0x62, 0x61, 0x6C, 0x6C, 0x6A, 0x75, 0x64, 0x67, 0x6D, 0x65, 0x6E, 0x74, 0x63, 0x6F, 0x6E, 0x6E, 0x65, 0x63, 0x74, 0x2E,
        0x2E, 0x63, 0x73, 0x73, 0x22, 0x20, 0x2F, 0x3E, 0x20, 0x77, 0x65, 0x62, 0x73, 0x69, 0x74, 0x65, 0x72, 0x65, 0x70, 0x6F, 0x72, 0x74, 0x65, 0x64, 0x64, 0x65, 0x66, 0x61, 0x75, 0x6C, 0x74, 0x22,
        0x2F, 0x3E, 0x3C, 0x2F, 0x61, 0x3E, 0x0D, 0x0A, 0x65, 0x6C, 0x65, 0x63, 0x74, 0x72, 0x69, 0x63, 0x73, 0x63, 0x6F, 0x74, 0x6C, 0x61, 0x6E, 0x64, 0x63, 0x72, 0x65, 0x61, 0x74, 0x69, 0x6F, 0x6E,
        0x71, 0x75, 0x61, 0x6E, 0x74, 0x69, 0x74, 0x79, 0x2E, 0x20, 0x49, 0x53, 0x42, 0x4E, 0x20, 0x30, 0x64, 0x69, 0x64, 0x20, 0x6E, 0x6F, 0x74, 0x20, 0x69, 0x6E, 0x73, 0x74, 0x61, 0x6E, 0x63, 0x65,
        0x2D, 0x73, 0x65, 0x61, 0x72, 0x63, 0x68, 0x2D, 0x22, 0x20, 0x6C, 0x61, 0x6E, 0x67, 0x3D, 0x22, 0x73, 0x70, 0x65, 0x61, 0x6B, 0x65, 0x72, 0x73, 0x43, 0x6F, 0x6D, 0x70, 0x75, 0x74, 0x65, 0x72,
        0x63, 0x6F, 0x6E, 0x74, 0x61, 0x69, 0x6E, 0x73, 0x61, 0x72, 0x63, 0x68, 0x69, 0x76, 0x65, 0x73, 0x6D, 0x69, 0x6E, 0x69, 0x73, 0x74, 0x65, 0x72, 0x72, 0x65, 0x61, 0x63, 0x74, 0x69, 0x6F, 0x6E,
        0x64, 0x69, 0x73, 0x63, 0x6F, 0x75, 0x6E, 0x74, 0x49, 0x74, 0x61, 0x6C, 0x69, 0x61, 0x6E, 0x6F, 0x63, 0x72, 0x69, 0x74, 0x65, 0x72, 0x69, 0x61, 0x73, 0x74, 0x72, 0x6F, 0x6E, 0x67, 0x6C, 0x79,
        0x3A, 0x20, 0x27, 0x68, 0x74, 0x74, 0x70, 0x3A, 0x27, 0x73, 0x63, 0x72, 0x69, 0x70, 0x74, 0x27, 0x63, 0x6F, 0x76, 0x65, 0x72, 0x69, 0x6E, 0x67, 0x6F, 0x66, 0x66, 0x65, 0x72, 0x69, 0x6E, 0x67,
        0x61, 0x70, 0x70, 0x65, 0x61, 0x72, 0x65, 0x64, 0x42, 0x72, 0x69, 0x74, 0x69, 0x73, 0x68, 0x20, 0x69, 0x64, 0x65, 0x6E, 0x74, 0x69, 0x66, 0x79, 0x46, 0x61, 0x63, 0x65, 0x62, 0x6F, 0x6F, 0x6B,
        0x6E, 0x75, 0x6D, 0x65, 0x72, 0x6F, 0x75, 0x73, 0x76, 0x65, 0x68, 0x69, 0x63, 0x6C, 0x65, 0x73, 0x63, 0x6F, 0x6E, 0x63, 0x65, 0x72, 0x6E, 0x73, 0x41, 0x6D, 0x65, 0x72, 0x69, 0x63, 0x61, 0x6E,
        0x68, 0x61, 0x6E, 0x64, 0x6C, 0x69, 0x6E, 0x67, 0x64, 0x69, 0x76, 0x20, 0x69, 0x64, 0x3D, 0x22, 0x57, 0x69, 0x6C, 0x6C, 0x69, 0x61, 0x6D, 0x20, 0x70, 0x72, 0x6F, 0x76, 0x69, 0x64, 0x65, 0x72,
        0x5F, 0x63, 0x6F, 0x6E, 0x74, 0x65, 0x6E, 0x74, 0x61, 0x63, 0x63, 0x75, 0x72, 0x61, 0x63, 0x79, 0x73, 0x65, 0x63, 0x74, 0x69, 0x6F, 0x6E, 0x20, 0x61, 0x6E, 0x64, 0x65, 0x72, 0x73, 0x6F, 0x6E,
        0x66, 0x6C, 0x65, 0x78, 0x69, 0x62, 0x6C, 0x65, 0x43, 0x61, 0x74, 0x65, 0x67, 0x6F, 0x72, 0x79, 0x6C, 0x61, 0x77, 0x72, 0x65, 0x6E, 0x63, 0x65, 0x3C, 0x73, 0x63, 0x72, 0x69, 0x70, 0x74, 0x3E,
        0x6C, 0x61, 0x79, 0x6F, 0x75, 0x74, 0x3D, 0x22, 0x61, 0x70, 0x70, 0x72, 0x6F, 0x76, 0x65, 0x64, 0x20, 0x6D, 0x61, 0x78, 0x69, 0x6D, 0x75, 0x6D, 0x68, 0x65, 0x61, 0x64, 0x65, 0x72, 0x22, 0x3E,
        0x3C, 0x2F, 0x74, 0x61, 0x62, 0x6C, 0x65, 0x3E, 0x53, 0x65, 0x72, 0x76, 0x69, 0x63, 0x65, 0x73, 0x68, 0x61, 0x6D, 0x69, 0x6C, 0x74, 0x6F, 0x6E, 0x63, 0x75, 0x72, 0x72, 0x65, 0x6E, 0x74, 0x20,
        0x63, 0x61, 0x6E, 0x61, 0x64, 0x69, 0x61, 0x6E, 0x63, 0x68, 0x61, 0x6E, 0x6E, 0x65, 0x6C, 0x73, 0x2F, 0x74, 0x68, 0x65, 0x6D, 0x65, 0x73, 0x2F, 0x2F, 0x61, 0x72, 0x74, 0x69, 0x63, 0x6C, 0x65,
        0x6F, 0x70, 0x74, 0x69, 0x6F, 0x6E, 0x61, 0x6C, 0x70, 0x6F, 0x72, 0x74, 0x75, 0x67, 0x61, 0x6C, 0x76, 0x61, 0x6C, 0x75, 0x65, 0x3D, 0x22, 0x22, 0x69, 0x6E, 0x74, 0x65, 0x72, 0x76, 0x61, 0x6C,
        0x77, 0x69, 0x72, 0x65, 0x6C, 0x65, 0x73, 0x73, 0x65, 0x6E, 0x74, 0x69, 0x74, 0x6C, 0x65, 0x64, 0x61, 0x67, 0x65, 0x6E, 0x63, 0x69, 0x65, 0x73, 0x53, 0x65, 0x61, 0x72, 0x63, 0x68, 0x22, 0x20,
        0x6D, 0x65, 0x61, 0x73, 0x75, 0x72, 0x65, 0x64, 0x74, 0x68, 0x6F, 0x75, 0x73, 0x61, 0x6E, 0x64, 0x73, 0x70, 0x65, 0x6E, 0x64, 0x69, 0x6E, 0x67, 0x26, 0x68, 0x65, 0x6C, 0x6C, 0x69, 0x70, 0x3B,
        0x6E, 0x65, 0x77, 0x20, 0x44, 0x61, 0x74, 0x65, 0x22, 0x20, 0x73, 0x69, 0x7A, 0x65, 0x3D, 0x22, 0x70, 0x61, 0x67, 0x65, 0x4E, 0x61, 0x6D, 0x65, 0x6D, 0x69, 0x64, 0x64, 0x6C, 0x65, 0x22, 0x20,
        0x22, 0x20, 0x2F, 0x3E, 0x3C, 0x2F, 0x61, 0x3E, 0x68, 0x69, 0x64, 0x64, 0x65, 0x6E, 0x22, 0x3E, 0x73, 0x65, 0x71, 0x75, 0x65, 0x6E, 0x63, 0x65, 0x70, 0x65, 0x72, 0x73, 0x6F, 0x6E, 0x61, 0x6C,
        0x6F, 0x76, 0x65, 0x72, 0x66, 0x6C, 0x6F, 0x77, 0x6F, 0x70, 0x69, 0x6E, 0x69, 0x6F, 0x6E, 0x73, 0x69, 0x6C, 0x6C, 0x69, 0x6E, 0x6F, 0x69, 0x73, 0x6C, 0x69, 0x6E, 0x6B, 0x73, 0x22, 0x3E, 0x0A,
        0x09, 0x3C, 0x74, 0x69, 0x74, 0x6C, 0x65, 0x3E, 0x76, 0x65, 0x72, 0x73, 0x69, 0x6F, 0x6E, 0x73, 0x73, 0x61, 0x74, 0x75, 0x72, 0x64, 0x61, 0x79, 0x74, 0x65, 0x72, 0x6D, 0x69, 0x6E, 0x61, 0x6C,
        0x69, 0x74, 0x65, 0x6D, 0x70, 0x72, 0x6F, 0x70, 0x65, 0x6E, 0x67, 0x69, 0x6E, 0x65, 0x65, 0x72, 0x73, 0x65, 0x63, 0x74, 0x69, 0x6F, 0x6E, 0x73, 0x64, 0x65, 0x73, 0x69, 0x67, 0x6E, 0x65, 0x72,
        0x70, 0x72, 0x6F, 0x70, 0x6F, 0x73, 0x61, 0x6C, 0x3D, 0x22, 0x66, 0x61, 0x6C, 0x73, 0x65, 0x22, 0x45, 0x73, 0x70, 0x61, 0xC3, 0xB1, 0x6F, 0x6C, 0x72, 0x65, 0x6C, 0x65, 0x61, 0x73, 0x65, 0x73,
        0x73, 0x75, 0x62, 0x6D, 0x69, 0x74, 0x22, 0x20, 0x65, 0x72, 0x26, 0x71, 0x75, 0x6F, 0x74, 0x3B, 0x61, 0x64, 0x64, 0x69, 0x74, 0x69, 0x6F, 0x6E, 0x73, 0x79, 0x6D, 0x70, 0x74, 0x6F, 0x6D, 0x73,
        0x6F, 0x72, 0x69, 0x65, 0x6E, 0x74, 0x65, 0x64, 0x72, 0x65, 0x73, 0x6F, 0x75, 0x72, 0x63, 0x65, 0x72, 0x69, 0x67, 0x68, 0x74, 0x22, 0x3E, 0x3C, 0x70, 0x6C, 0x65, 0x61, 0x73, 0x75, 0x72, 0x65,
        0x73, 0x74, 0x61, 0x74, 0x69, 0x6F, 0x6E, 0x73, 0x68, 0x69, 0x73, 0x74, 0x6F, 0x72, 0x79, 0x2E, 0x6C, 0x65, 0x61, 0x76, 0x69, 0x6E, 0x67, 0x20, 0x20, 0x62, 0x6F, 0x72, 0x64, 0x65, 0x72, 0x3D,
        0x63, 0x6F, 0x6E, 0x74, 0x65, 0x6E, 0x74, 0x73, 0x63, 0x65, 0x6E, 0x74, 0x65, 0x72, 0x22, 0x3E, 0x2E, 0x0A, 0x0A, 0x53, 0x6F, 0x6D, 0x65, 0x20, 0x64, 0x69, 0x72, 0x65, 0x63, 0x74, 0x65, 0x64,
        0x73, 0x75, 0x69, 0x74, 0x61, 0x62, 0x6C, 0x65, 0x62, 0x75, 0x6C, 0x67, 0x61, 0x72, 0x69, 0x61, 0x2E, 0x73, 0x68, 0x6F, 0x77, 0x28, 0x29, 0x3B, 0x64, 0x65, 0x73, 0x69, 0x67, 0x6E, 0x65, 0x64,
        0x47, 0x65, 0x6E, 0x65, 0x72, 0x61, 0x6C, 0x20, 0x63, 0x6F, 0x6E, 0x63, 0x65, 0x70, 0x74, 0x73, 0x45, 0x78, 0x61, 0x6D, 0x70, 0x6C, 0x65, 0x73, 0x77, 0x69, 0x6C, 0x6C, 0x69, 0x61, 0x6D, 0x73,
        0x4F, 0x72, 0x69, 0x67, 0x69, 0x6E, 0x61, 0x6C, 0x22, 0x3E, 0x3C, 0x73, 0x70, 0x61, 0x6E, 0x3E, 0x73, 0x65, 0x61, 0x72, 0x63, 0x68, 0x22, 0x3E, 0x6F, 0x70, 0x65, 0x72, 0x61, 0x74, 0x6F, 0x72,
        0x72, 0x65, 0x71, 0x75, 0x65, 0x73, 0x74, 0x73, 0x61, 0x20, 0x26, 0x71, 0x75, 0x6F, 0x74, 0x3B, 0x61, 0x6C, 0x6C, 0x6F, 0x77, 0x69, 0x6E, 0x67, 0x44, 0x6F, 0x63, 0x75, 0x6D, 0x65, 0x6E, 0x74,
        0x72, 0x65, 0x76, 0x69, 0x73, 0x69, 0x6F, 0x6E, 0x2E, 0x20, 0x0A, 0x0A, 0x54, 0x68, 0x65, 0x20, 0x79, 0x6F, 0x75, 0x72, 0x73, 0x65, 0x6C, 0x66, 0x43, 0x6F, 0x6E, 0x74, 0x61, 0x63, 0x74, 0x20,
        0x6D, 0x69, 0x63, 0x68, 0x69, 0x67, 0x61, 0x6E, 0x45, 0x6E, 0x67, 0x6C, 0x69, 0x73, 0x68, 0x20, 0x63, 0x6F, 0x6C, 0x75, 0x6D, 0x62, 0x69, 0x61, 0x70, 0x72, 0x69, 0x6F, 0x72, 0x69, 0x74, 0x79,
        0x70, 0x72, 0x69, 0x6E, 0x74, 0x69, 0x6E, 0x67, 0x64, 0x72, 0x69, 0x6E, 0x6B, 0x69, 0x6E, 0x67, 0x66, 0x61, 0x63, 0x69, 0x6C, 0x69, 0x74, 0x79, 0x72, 0x65, 0x74, 0x75, 0x72, 0x6E, 0x65, 0x64,
        0x43, 0x6F, 0x6E, 0x74, 0x65, 0x6E, 0x74, 0x20, 0x6F, 0x66, 0x66, 0x69, 0x63, 0x65, 0x72, 0x73, 0x52, 0x75, 0x73, 0x73, 0x69, 0x61, 0x6E, 0x20, 0x67, 0x65, 0x6E, 0x65, 0x72, 0x61, 0x74, 0x65,
        0x2D, 0x38, 0x38, 0x35, 0x39, 0x2D, 0x31, 0x22, 0x69, 0x6E, 0x64, 0x69, 0x63, 0x61, 0x74, 0x65, 0x66, 0x61, 0x6D, 0x69, 0x6C, 0x69, 0x61, 0x72, 0x20, 0x71, 0x75, 0x61, 0x6C, 0x69, 0x74, 0x79,
        0x6D, 0x61, 0x72, 0x67, 0x69, 0x6E, 0x3A, 0x30, 0x20, 0x63, 0x6F, 0x6E, 0x74, 0x65, 0x6E, 0x74, 0x76, 0x69, 0x65, 0x77, 0x70, 0x6F, 0x72, 0x74, 0x63, 0x6F, 0x6E, 0x74, 0x61, 0x63, 0x74, 0x73,
        0x2D, 0x74, 0x69, 0x74, 0x6C, 0x65, 0x22, 0x3E, 0x70, 0x6F, 0x72, 0x74, 0x61, 0x62, 0x6C, 0x65, 0x2E, 0x6C, 0x65, 0x6E, 0x67, 0x74, 0x68, 0x20, 0x65, 0x6C, 0x69, 0x67, 0x69, 0x62, 0x6C, 0x65,
        0x69, 0x6E, 0x76, 0x6F, 0x6C, 0x76, 0x65, 0x73, 0x61, 0x74, 0x6C, 0x61, 0x6E, 0x74, 0x69, 0x63, 0x6F, 0x6E, 0x6C, 0x6F, 0x61, 0x64, 0x3D, 0x22, 0x64, 0x65, 0x66, 0x61, 0x75, 0x6C, 0x74, 0x2E,
        0x73, 0x75, 0x70, 0x70, 0x6C, 0x69, 0x65, 0x64, 0x70, 0x61, 0x79, 0x6D, 0x65, 0x6E, 0x74, 0x73, 0x67, 0x6C, 0x6F, 0x73, 0x73, 0x61, 0x72, 0x79, 0x0A, 0x0A, 0x41, 0x66, 0x74, 0x65, 0x72, 0x20,
        0x67, 0x75, 0x69, 0x64, 0x61, 0x6E, 0x63, 0x65, 0x3C, 0x2F, 0x74, 0x64, 0x3E, 0x3C, 0x74, 0x64, 0x65, 0x6E, 0x63, 0x6F, 0x64, 0x69, 0x6E, 0x67, 0x6D, 0x69, 0x64, 0x64, 0x6C, 0x65, 0x22, 0x3E,
        0x63, 0x61, 0x6D, 0x65, 0x20, 0x74, 0x6F, 0x20, 0x64, 0x69, 0x73, 0x70, 0x6C, 0x61, 0x79, 0x73, 0x73, 0x63, 0x6F, 0x74, 0x74, 0x69, 0x73, 0x68, 0x6A, 0x6F, 0x6E, 0x61, 0x74, 0x68, 0x61, 0x6E,
        0x6D, 0x61, 0x6A, 0x6F, 0x72, 0x69, 0x74, 0x79, 0x77, 0x69, 0x64, 0x67, 0x65, 0x74, 0x73, 0x2E, 0x63, 0x6C, 0x69, 0x6E, 0x69, 0x63, 0x61, 0x6C, 0x74, 0x68, 0x61, 0x69, 0x6C, 0x61, 0x6E, 0x64,
        0x74, 0x65, 0x61, 0x63, 0x68, 0x65, 0x72, 0x73, 0x3C, 0x68, 0x65, 0x61, 0x64, 0x3E, 0x0A, 0x09, 0x61, 0x66, 0x66, 0x65, 0x63, 0x74, 0x65, 0x64, 0x73, 0x75, 0x70, 0x70, 0x6F, 0x72, 0x74, 0x73,
        0x70, 0x6F, 0x69, 0x6E, 0x74, 0x65, 0x72, 0x3B, 0x74, 0x6F, 0x53, 0x74, 0x72, 0x69, 0x6E, 0x67, 0x3C, 0x2F, 0x73, 0x6D, 0x61, 0x6C, 0x6C, 0x3E, 0x6F, 0x6B, 0x6C, 0x61, 0x68, 0x6F, 0x6D, 0x61,
        0x77, 0x69, 0x6C, 0x6C, 0x20, 0x62, 0x65, 0x20, 0x69, 0x6E, 0x76, 0x65, 0x73, 0x74, 0x6F, 0x72, 0x30, 0x22, 0x20, 0x61, 0x6C, 0x74, 0x3D, 0x22, 0x68, 0x6F, 0x6C, 0x69, 0x64, 0x61, 0x79, 0x73,
        0x52, 0x65, 0x73, 0x6F, 0x75, 0x72, 0x63, 0x65, 0x6C, 0x69, 0x63, 0x65, 0x6E, 0x73, 0x65, 0x64, 0x20, 0x28, 0x77, 0x68, 0x69, 0x63, 0x68, 0x20, 0x2E, 0x20, 0x41, 0x66, 0x74, 0x65, 0x72, 0x20,
        0x63, 0x6F, 0x6E, 0x73, 0x69, 0x64, 0x65, 0x72, 0x76, 0x69, 0x73, 0x69, 0x74, 0x69, 0x6E, 0x67, 0x65, 0x78, 0x70, 0x6C, 0x6F, 0x72, 0x65, 0x72, 0x70, 0x72, 0x69, 0x6D, 0x61, 0x72, 0x79, 0x20,
        0x73, 0x65, 0x61, 0x72, 0x63, 0x68, 0x22, 0x20, 0x61, 0x6E, 0x64, 0x72, 0x6F, 0x69, 0x64, 0x22, 0x71, 0x75, 0x69, 0x63, 0x6B, 0x6C, 0x79, 0x20, 0x6D, 0x65, 0x65, 0x74, 0x69, 0x6E, 0x67, 0x73,
        0x65, 0x73, 0x74, 0x69, 0x6D, 0x61, 0x74, 0x65, 0x3B, 0x72, 0x65, 0x74, 0x75, 0x72, 0x6E, 0x20, 0x3B, 0x63, 0x6F, 0x6C, 0x6F, 0x72, 0x3A, 0x23, 0x20, 0x68, 0x65, 0x69, 0x67, 0x68, 0x74, 0x3D,
        0x61, 0x70, 0x70, 0x72, 0x6F, 0x76, 0x61, 0x6C, 0x2C, 0x20, 0x26, 0x71, 0x75, 0x6F, 0x74, 0x3B, 0x20, 0x63, 0x68, 0x65, 0x63, 0x6B, 0x65, 0x64, 0x2E, 0x6D, 0x69, 0x6E, 0x2E, 0x6A, 0x73, 0x22,
        0x6D, 0x61, 0x67, 0x6E, 0x65, 0x74, 0x69, 0x63, 0x3E, 0x3C, 0x2F, 0x61, 0x3E, 0x3C, 0x2F, 0x68, 0x66, 0x6F, 0x72, 0x65, 0x63, 0x61, 0x73, 0x74, 0x2E, 0x20, 0x57, 0x68, 0x69, 0x6C, 0x65, 0x20,
        0x74, 0x68, 0x75, 0x72, 0x73, 0x64, 0x61, 0x79, 0x64, 0x76, 0x65, 0x72, 0x74, 0x69, 0x73, 0x65, 0x26, 0x65, 0x61, 0x63, 0x75, 0x74, 0x65, 0x3B, 0x68, 0x61, 0x73, 0x43, 0x6C, 0x61, 0x73, 0x73,
        0x65, 0x76, 0x61, 0x6C, 0x75, 0x61, 0x74, 0x65, 0x6F, 0x72, 0x64, 0x65, 0x72, 0x69, 0x6E, 0x67, 0x65, 0x78, 0x69, 0x73, 0x74, 0x69, 0x6E, 0x67, 0x70, 0x61, 0x74, 0x69, 0x65, 0x6E, 0x74, 0x73,
        0x20, 0x4F, 0x6E, 0x6C, 0x69, 0x6E, 0x65, 0x20, 0x63, 0x6F, 0x6C, 0x6F, 0x72, 0x61, 0x64, 0x6F, 0x4F, 0x70, 0x74, 0x69, 0x6F, 0x6E, 0x73, 0x22, 0x63, 0x61, 0x6D, 0x70, 0x62, 0x65, 0x6C, 0x6C,
        0x3C, 0x21, 0x2D, 0x2D, 0x20, 0x65, 0x6E, 0x64, 0x3C, 0x2F, 0x73, 0x70, 0x61, 0x6E, 0x3E, 0x3C, 0x3C, 0x62, 0x72, 0x20, 0x2F, 0x3E, 0x0D, 0x0A, 0x5F, 0x70, 0x6F, 0x70, 0x75, 0x70, 0x73, 0x7C,
        0x73, 0x63, 0x69, 0x65, 0x6E, 0x63, 0x65, 0x73, 0x2C, 0x26, 0x71, 0x75, 0x6F, 0x74, 0x3B, 0x20, 0x71, 0x75, 0x61, 0x6C, 0x69, 0x74, 0x79, 0x20, 0x57, 0x69, 0x6E, 0x64, 0x6F, 0x77, 0x73, 0x20,
        0x61, 0x73, 0x73, 0x69, 0x67, 0x6E, 0x65, 0x64, 0x68, 0x65, 0x69, 0x67, 0x68, 0x74, 0x3A, 0x20, 0x3C, 0x62, 0x20, 0x63, 0x6C, 0x61, 0x73, 0x73, 0x6C, 0x65, 0x26, 0x71, 0x75, 0x6F, 0x74, 0x3B,
        0x20, 0x76, 0x61, 0x6C, 0x75, 0x65, 0x3D, 0x22, 0x20, 0x43, 0x6F, 0x6D, 0x70, 0x61, 0x6E, 0x79, 0x65, 0x78, 0x61, 0x6D, 0x70, 0x6C, 0x65, 0x73, 0x3C, 0x69, 0x66, 0x72, 0x61, 0x6D, 0x65, 0x20,
        0x62, 0x65, 0x6C, 0x69, 0x65, 0x76, 0x65, 0x73, 0x70, 0x72, 0x65, 0x73, 0x65, 0x6E, 0x74, 0x73, 0x6D, 0x61, 0x72, 0x73, 0x68, 0x61, 0x6C, 0x6C, 0x70, 0x61, 0x72, 0x74, 0x20, 0x6F, 0x66, 0x20,
        0x70, 0x72, 0x6F, 0x70, 0x65, 0x72, 0x6C, 0x79, 0x29, 0x2E, 0x0A, 0x0A, 0x54, 0x68, 0x65, 0x20, 0x74, 0x61, 0x78, 0x6F, 0x6E, 0x6F, 0x6D, 0x79, 0x6D, 0x75, 0x63, 0x68, 0x20, 0x6F, 0x66, 0x20,
        0x3C, 0x2F, 0x73, 0x70, 0x61, 0x6E, 0x3E, 0x0A, 0x22, 0x20, 0x64, 0x61, 0x74, 0x61, 0x2D, 0x73, 0x72, 0x74, 0x75, 0x67, 0x75, 0xC3, 0xAA, 0x73, 0x73, 0x63, 0x72, 0x6F, 0x6C, 0x6C, 0x54, 0x6F,
        0x20, 0x70, 0x72, 0x6F, 0x6A, 0x65, 0x63, 0x74, 0x3C, 0x68, 0x65, 0x61, 0x64, 0x3E, 0x0D, 0x0A, 0x61, 0x74, 0x74, 0x6F, 0x72, 0x6E, 0x65, 0x79, 0x65, 0x6D, 0x70, 0x68, 0x61, 0x73, 0x69, 0x73,
        0x73, 0x70, 0x6F, 0x6E, 0x73, 0x6F, 0x72, 0x73, 0x66, 0x61, 0x6E, 0x63, 0x79, 0x62, 0x6F, 0x78, 0x77, 0x6F, 0x72, 0x6C, 0x64, 0x27, 0x73, 0x20, 0x77, 0x69, 0x6C, 0x64, 0x6C, 0x69, 0x66, 0x65,
        0x63, 0x68, 0x65, 0x63, 0x6B, 0x65, 0x64, 0x3D, 0x73, 0x65, 0x73, 0x73, 0x69, 0x6F, 0x6E, 0x73, 0x70, 0x72, 0x6F, 0x67, 0x72, 0x61, 0x6D, 0x6D, 0x70, 0x78, 0x3B, 0x66, 0x6F, 0x6E, 0x74, 0x2D,
        0x20, 0x50, 0x72, 0x6F, 0x6A, 0x65, 0x63, 0x74, 0x6A, 0x6F, 0x75, 0x72, 0x6E, 0x61, 0x6C, 0x73, 0x62, 0x65, 0x6C, 0x69, 0x65, 0x76, 0x65, 0x64, 0x76, 0x61, 0x63, 0x61, 0x74, 0x69, 0x6F, 0x6E,
        0x74, 0x68, 0x6F, 0x6D, 0x70, 0x73, 0x6F, 0x6E, 0x6C, 0x69, 0x67, 0x68, 0x74, 0x69, 0x6E, 0x67, 0x61, 0x6E, 0x64, 0x20, 0x74, 0x68, 0x65, 0x20, 0x73, 0x70, 0x65, 0x63, 0x69, 0x61, 0x6C, 0x20,
        0x62, 0x6F, 0x72, 0x64, 0x65, 0x72, 0x3D, 0x30, 0x63, 0x68, 0x65, 0x63, 0x6B, 0x69, 0x6E, 0x67, 0x3C, 0x2F, 0x74, 0x62, 0x6F, 0x64, 0x79, 0x3E, 0x3C, 0x62, 0x75, 0x74, 0x74, 0x6F, 0x6E, 0x20,
        0x43, 0x6F, 0x6D, 0x70, 0x6C, 0x65, 0x74, 0x65, 0x63, 0x6C, 0x65, 0x61, 0x72, 0x66, 0x69, 0x78, 0x0A, 0x3C, 0x68, 0x65, 0x61, 0x64, 0x3E, 0x0A, 0x61, 0x72, 0x74, 0x69, 0x63, 0x6C, 0x65, 0x20,
        0x3C, 0x73, 0x65, 0x63, 0x74, 0x69, 0x6F, 0x6E, 0x66, 0x69, 0x6E, 0x64, 0x69, 0x6E, 0x67, 0x73, 0x72, 0x6F, 0x6C, 0x65, 0x20, 0x69, 0x6E, 0x20, 0x70, 0x6F, 0x70, 0x75, 0x6C, 0x61, 0x72, 0x20,
        0x20, 0x4F, 0x63, 0x74, 0x6F, 0x62, 0x65, 0x72, 0x77, 0x65, 0x62, 0x73, 0x69, 0x74, 0x65, 0x20, 0x65, 0x78, 0x70, 0x6F, 0x73, 0x75, 0x72, 0x65, 0x75, 0x73, 0x65, 0x64, 0x20, 0x74, 0x6F, 0x20,
        0x20, 0x63, 0x68, 0x61, 0x6E, 0x67, 0x65, 0x73, 0x6F, 0x70, 0x65, 0x72, 0x61, 0x74, 0x65, 0x64, 0x63, 0x6C, 0x69, 0x63, 0x6B, 0x69, 0x6E, 0x67, 0x65, 0x6E, 0x74, 0x65, 0x72, 0x69, 0x6E, 0x67,
        0x63, 0x6F, 0x6D, 0x6D, 0x61, 0x6E, 0x64, 0x73, 0x69, 0x6E, 0x66, 0x6F, 0x72, 0x6D, 0x65, 0x64, 0x20, 0x6E, 0x75, 0x6D, 0x62, 0x65, 0x72, 0x73, 0x20, 0x20, 0x3C, 0x2F, 0x64, 0x69, 0x76, 0x3E,
        0x63, 0x72, 0x65, 0x61, 0x74, 0x69, 0x6E, 0x67, 0x6F, 0x6E, 0x53, 0x75, 0x62, 0x6D, 0x69, 0x74, 0x6D, 0x61, 0x72, 0x79, 0x6C, 0x61, 0x6E, 0x64, 0x63, 0x6F, 0x6C, 0x6C, 0x65, 0x67, 0x65, 0x73,
        0x61, 0x6E, 0x61, 0x6C, 0x79, 0x74, 0x69, 0x63, 0x6C, 0x69, 0x73, 0x74, 0x69, 0x6E, 0x67, 0x73, 0x63, 0x6F, 0x6E, 0x74, 0x61, 0x63, 0x74, 0x2E, 0x6C, 0x6F, 0x67, 0x67, 0x65, 0x64, 0x49, 0x6E,
        0x61, 0x64, 0x76, 0x69, 0x73, 0x6F, 0x72, 0x79, 0x73, 0x69, 0x62, 0x6C, 0x69, 0x6E, 0x67, 0x73, 0x63, 0x6F, 0x6E, 0x74, 0x65, 0x6E, 0x74, 0x22, 0x73, 0x26, 0x71, 0x75, 0x6F, 0x74, 0x3B, 0x29,
        0x73, 0x2E, 0x20, 0x54, 0x68, 0x69, 0x73, 0x20, 0x70, 0x61, 0x63, 0x6B, 0x61, 0x67, 0x65, 0x73, 0x63, 0x68, 0x65, 0x63, 0x6B, 0x62, 0x6F, 0x78, 0x73, 0x75, 0x67, 0x67, 0x65, 0x73, 0x74, 0x73,
        0x70, 0x72, 0x65, 0x67, 0x6E, 0x61, 0x6E, 0x74, 0x74, 0x6F, 0x6D, 0x6F, 0x72, 0x72, 0x6F, 0x77, 0x73, 0x70, 0x61, 0x63, 0x69, 0x6E, 0x67, 0x3D, 0x69, 0x63, 0x6F, 0x6E, 0x2E, 0x70, 0x6E, 0x67,
        0x6A, 0x61, 0x70, 0x61, 0x6E, 0x65, 0x73, 0x65, 0x63, 0x6F, 0x64, 0x65, 0x62, 0x61, 0x73, 0x65, 0x62, 0x75, 0x74, 0x74, 0x6F, 0x6E, 0x22, 0x3E, 0x67, 0x61, 0x6D, 0x62, 0x6C, 0x69, 0x6E, 0x67,
        0x73, 0x75, 0x63, 0x68, 0x20, 0x61, 0x73, 0x20, 0x2C, 0x20, 0x77, 0x68, 0x69, 0x6C, 0x65, 0x20, 0x3C, 0x2F, 0x73, 0x70, 0x61, 0x6E, 0x3E, 0x20, 0x6D, 0x69, 0x73, 0x73, 0x6F, 0x75, 0x72, 0x69,
        0x73, 0x70, 0x6F, 0x72, 0x74, 0x69, 0x6E, 0x67, 0x74, 0x6F, 0x70, 0x3A, 0x31, 0x70, 0x78, 0x20, 0x2E, 0x3C, 0x2F, 0x73, 0x70, 0x61, 0x6E, 0x3E, 0x74, 0x65, 0x6E, 0x73, 0x69, 0x6F, 0x6E, 0x73,
        0x77, 0x69, 0x64, 0x74, 0x68, 0x3D, 0x22, 0x32, 0x6C, 0x61, 0x7A, 0x79, 0x6C, 0x6F, 0x61, 0x64, 0x6E, 0x6F, 0x76, 0x65, 0x6D, 0x62, 0x65, 0x72, 0x75, 0x73, 0x65, 0x64, 0x20, 0x69, 0x6E, 0x20,
        0x68, 0x65, 0x69, 0x67, 0x68, 0x74, 0x3D, 0x22, 0x63, 0x72, 0x69, 0x70, 0x74, 0x22, 0x3E, 0x0A, 0x26, 0x6E, 0x62, 0x73, 0x70, 0x3B, 0x3C, 0x2F, 0x3C, 0x74, 0x72, 0x3E, 0x3C, 0x74, 0x64, 0x20,
        0x68, 0x65, 0x69, 0x67, 0x68, 0x74, 0x3A, 0x32, 0x2F, 0x70, 0x72, 0x6F, 0x64, 0x75, 0x63, 0x74, 0x63, 0x6F, 0x75, 0x6E, 0x74, 0x72, 0x79, 0x20, 0x69, 0x6E, 0x63, 0x6C, 0x75, 0x64, 0x65, 0x20,
        0x66, 0x6F, 0x6F, 0x74, 0x65, 0x72, 0x22, 0x20, 0x26, 0x6C, 0x74, 0x3B, 0x21, 0x2D, 0x2D, 0x20, 0x74, 0x69, 0x74, 0x6C, 0x65, 0x22, 0x3E, 0x3C, 0x2F, 0x6A, 0x71, 0x75, 0x65, 0x72, 0x79, 0x2E,
        0x3C, 0x2F, 0x66, 0x6F, 0x72, 0x6D, 0x3E, 0x0A, 0x28, 0xE7, 0xAE, 0x80, 0xE4, 0xBD, 0x93, 0x29, 0x28, 0xE7, 0xB9, 0x81, 0xE9, 0xAB, 0x94, 0x29, 0x68, 0x72, 0x76, 0x61, 0x74, 0x73, 0x6B, 0x69,
        0x69, 0x74, 0x61, 0x6C, 0x69, 0x61, 0x6E, 0x6F, 0x72, 0x6F, 0x6D, 0xC3, 0xA2, 0x6E, 0xC4, 0x83, 0x74, 0xC3, 0xBC, 0x72, 0x6B, 0xC3, 0xA7, 0x65, 0xD8, 0xA7, 0xD8, 0xB1, 0xD8, 0xAF, 0xD9, 0x88,
        0x74, 0x61, 0x6D, 0x62, 0x69, 0xC3, 0xA9, 0x6E, 0x6E, 0x6F, 0x74, 0x69, 0x63, 0x69, 0x61, 0x73, 0x6D, 0x65, 0x6E, 0x73, 0x61, 0x6A, 0x65, 0x73, 0x70, 0x65, 0x72, 0x73, 0x6F, 0x6E, 0x61, 0x73,
        0x64, 0x65, 0x72, 0x65, 0x63, 0x68, 0x6F, 0x73, 0x6E, 0x61, 0x63, 0x69, 0x6F, 0x6E, 0x61, 0x6C, 0x73, 0x65, 0x72, 0x76, 0x69, 0x63, 0x69, 0x6F, 0x63, 0x6F, 0x6E, 0x74, 0x61, 0x63, 0x74, 0x6F,
        0x75, 0x73, 0x75, 0x61, 0x72, 0x69, 0x6F, 0x73, 0x70, 0x72, 0x6F, 0x67, 0x72, 0x61, 0x6D, 0x61, 0x67, 0x6F, 0x62, 0x69, 0x65, 0x72, 0x6E, 0x6F, 0x65, 0x6D, 0x70, 0x72, 0x65, 0x73, 0x61, 0x73,
        0x61, 0x6E, 0x75, 0x6E, 0x63, 0x69, 0x6F, 0x73, 0x76, 0x61, 0x6C, 0x65, 0x6E, 0x63, 0x69, 0x61, 0x63, 0x6F, 0x6C, 0x6F, 0x6D, 0x62, 0x69, 0x61, 0x64, 0x65, 0x73, 0x70, 0x75, 0xC3, 0xA9, 0x73,
        0x64, 0x65, 0x70, 0x6F, 0x72, 0x74, 0x65, 0x73, 0x70, 0x72, 0x6F, 0x79, 0x65, 0x63, 0x74, 0x6F, 0x70, 0x72, 0x6F, 0x64, 0x75, 0x63, 0x74, 0x6F, 0x70, 0xC3, 0xBA, 0x62, 0x6C, 0x69, 0x63, 0x6F,
        0x6E, 0x6F, 0x73, 0x6F, 0x74, 0x72, 0x6F, 0x73, 0x68, 0x69, 0x73, 0x74, 0x6F, 0x72, 0x69, 0x61, 0x70, 0x72, 0x65, 0x73, 0x65, 0x6E, 0x74, 0x65, 0x6D, 0x69, 0x6C, 0x6C, 0x6F, 0x6E, 0x65, 0x73,
        0x6D, 0x65, 0x64, 0x69, 0x61, 0x6E, 0x74, 0x65, 0x70, 0x72, 0x65, 0x67, 0x75, 0x6E, 0x74, 0x61, 0x61, 0x6E, 0x74, 0x65, 0x72, 0x69, 0x6F, 0x72, 0x72, 0x65, 0x63, 0x75, 0x72, 0x73, 0x6F, 0x73,
        0x70, 0x72, 0x6F, 0x62, 0x6C, 0x65, 0x6D, 0x61, 0x73, 0x61, 0x6E, 0x74, 0x69, 0x61, 0x67, 0x6F, 0x6E, 0x75, 0x65, 0x73, 0x74, 0x72, 0x6F, 0x73, 0x6F, 0x70, 0x69, 0x6E, 0x69, 0xC3, 0xB3, 0x6E,
        0x69, 0x6D, 0x70, 0x72, 0x69, 0x6D, 0x69, 0x72, 0x6D, 0x69, 0x65, 0x6E, 0x74, 0x72, 0x61, 0x73, 0x61, 0x6D, 0xC3, 0xA9, 0x72, 0x69, 0x63, 0x61, 0x76, 0x65, 0x6E, 0x64, 0x65, 0x64, 0x6F, 0x72,
        0x73, 0x6F, 0x63, 0x69, 0x65, 0x64, 0x61, 0x64, 0x72, 0x65, 0x73, 0x70, 0x65, 0x63, 0x74, 0x6F, 0x72, 0x65, 0x61, 0x6C, 0x69, 0x7A, 0x61, 0x72, 0x72, 0x65, 0x67, 0x69, 0x73, 0x74, 0x72, 0x6F,
        0x70, 0x61, 0x6C, 0x61, 0x62, 0x72, 0x61, 0x73, 0x69, 0x6E, 0x74, 0x65, 0x72, 0xC3, 0xA9, 0x73, 0x65, 0x6E, 0x74, 0x6F, 0x6E, 0x63, 0x65, 0x73, 0x65, 0x73, 0x70, 0x65, 0x63, 0x69, 0x61, 0x6C,
        0x6D, 0x69, 0x65, 0x6D, 0x62, 0x72, 0x6F, 0x73, 0x72, 0x65, 0x61, 0x6C, 0x69, 0x64, 0x61, 0x64, 0x63, 0xC3, 0xB3, 0x72, 0x64, 0x6F, 0x62, 0x61, 0x7A, 0x61, 0x72, 0x61, 0x67, 0x6F, 0x7A, 0x61,
        0x70, 0xC3, 0xA1, 0x67, 0x69, 0x6E, 0x61, 0x73, 0x73, 0x6F, 0x63, 0x69, 0x61, 0x6C, 0x65, 0x73, 0x62, 0x6C, 0x6F, 0x71, 0x75, 0x65, 0x61, 0x72, 0x67, 0x65, 0x73, 0x74, 0x69, 0xC3, 0xB3, 0x6E,
        0x61, 0x6C, 0x71, 0x75, 0x69, 0x6C, 0x65, 0x72, 0x73, 0x69, 0x73, 0x74, 0x65, 0x6D, 0x61, 0x73, 0x63, 0x69, 0x65, 0x6E, 0x63, 0x69, 0x61, 0x73, 0x63, 0x6F, 0x6D, 0x70, 0x6C, 0x65, 0x74, 0x6F,
        0x76, 0x65, 0x72, 0x73, 0x69, 0xC3, 0xB3, 0x6E, 0x63, 0x6F, 0x6D, 0x70, 0x6C, 0x65, 0x74, 0x61, 0x65, 0x73, 0x74, 0x75, 0x64, 0x69, 0x6F, 0x73, 0x70, 0xC3, 0xBA, 0x62, 0x6C, 0x69, 0x63, 0x61,
        0x6F, 0x62, 0x6A, 0x65, 0x74, 0x69, 0x76, 0x6F, 0x61, 0x6C, 0x69, 0x63, 0x61, 0x6E, 0x74, 0x65, 0x62, 0x75, 0x73, 0x63, 0x61, 0x64, 0x6F, 0x72, 0x63, 0x61, 0x6E, 0x74, 0x69, 0x64, 0x61, 0x64,
        0x65, 0x6E, 0x74, 0x72, 0x61, 0x64, 0x61, 0x73, 0x61, 0x63, 0x63, 0x69, 0x6F, 0x6E, 0x65, 0x73, 0x61, 0x72, 0x63, 0x68, 0x69, 0x76, 0x6F, 0x73, 0x73, 0x75, 0x70, 0x65, 0x72, 0x69, 0x6F, 0x72,
        0x6D, 0x61, 0x79, 0x6F, 0x72, 0xC3, 0xAD, 0x61, 0x61, 0x6C, 0x65, 0x6D, 0x61, 0x6E, 0x69, 0x61, 0x66, 0x75, 0x6E, 0x63, 0x69, 0xC3, 0xB3, 0x6E, 0xC3, 0xBA, 0x6C, 0x74, 0x69, 0x6D, 0x6F, 0x73,
        0x68, 0x61, 0x63, 0x69, 0x65, 0x6E, 0x64, 0x6F, 0x61, 0x71, 0x75, 0x65, 0x6C, 0x6C, 0x6F, 0x73, 0x65, 0x64, 0x69, 0x63, 0x69, 0xC3, 0xB3, 0x6E, 0x66, 0x65, 0x72, 0x6E, 0x61, 0x6E, 0x64, 0x6F,
        0x61, 0x6D, 0x62, 0x69, 0x65, 0x6E, 0x74, 0x65, 0x66, 0x61, 0x63, 0x65, 0x62, 0x6F, 0x6F, 0x6B, 0x6E, 0x75, 0x65, 0x73, 0x74, 0x72, 0x61, 0x73, 0x63, 0x6C, 0x69, 0x65, 0x6E, 0x74, 0x65, 0x73,
        0x70, 0x72, 0x6F, 0x63, 0x65, 0x73, 0x6F, 0x73, 0x62, 0x61, 0x73, 0x74, 0x61, 0x6E, 0x74, 0x65, 0x70, 0x72, 0x65, 0x73, 0x65, 0x6E, 0x74, 0x61, 0x72, 0x65, 0x70, 0x6F, 0x72, 0x74, 0x61, 0x72,
        0x63, 0x6F, 0x6E, 0x67, 0x72, 0x65, 0x73, 0x6F, 0x70, 0x75, 0x62, 0x6C, 0x69, 0x63, 0x61, 0x72, 0x63, 0x6F, 0x6D, 0x65, 0x72, 0x63, 0x69, 0x6F, 0x63, 0x6F, 0x6E, 0x74, 0x72, 0x61, 0x74, 0x6F,
        0x6A, 0xC3, 0xB3, 0x76, 0x65, 0x6E, 0x65, 0x73, 0x64, 0x69, 0x73, 0x74, 0x72, 0x69, 0x74, 0x6F, 0x74, 0xC3, 0xA9, 0x63, 0x6E, 0x69, 0x63, 0x61, 0x63, 0x6F, 0x6E, 0x6A, 0x75, 0x6E, 0x74, 0x6F,
        0x65, 0x6E, 0x65, 0x72, 0x67, 0xC3, 0xAD, 0x61, 0x74, 0x72, 0x61, 0x62, 0x61, 0x6A, 0x61, 0x72, 0x61, 0x73, 0x74, 0x75, 0x72, 0x69, 0x61, 0x73, 0x72, 0x65, 0x63, 0x69, 0x65, 0x6E, 0x74, 0x65,
        0x75, 0x74, 0x69, 0x6C, 0x69, 0x7A, 0x61, 0x72, 0x62, 0x6F, 0x6C, 0x65, 0x74, 0xC3, 0xAD, 0x6E, 0x73, 0x61, 0x6C, 0x76, 0x61, 0x64, 0x6F, 0x72, 0x63, 0x6F, 0x72, 0x72, 0x65, 0x63, 0x74, 0x61,
        0x74, 0x72, 0x61, 0x62, 0x61, 0x6A, 0x6F, 0x73, 0x70, 0x72, 0x69, 0x6D, 0x65, 0x72, 0x6F, 0x73, 0x6E, 0x65, 0x67, 0x6F, 0x63, 0x69, 0x6F, 0x73, 0x6C, 0x69, 0x62, 0x65, 0x72, 0x74, 0x61, 0x64,
        0x64, 0x65, 0x74, 0x61, 0x6C, 0x6C, 0x65, 0x73, 0x70, 0x61, 0x6E, 0x74, 0x61, 0x6C, 0x6C, 0x61, 0x70, 0x72, 0xC3, 0xB3, 0x78, 0x69, 0x6D, 0x6F, 0x61, 0x6C, 0x6D, 0x65, 0x72, 0xC3, 0xAD, 0x61,
        0x61, 0x6E, 0x69, 0x6D, 0x61, 0x6C, 0x65, 0x73, 0x71, 0x75, 0x69, 0xC3, 0xA9, 0x6E, 0x65, 0x73, 0x63, 0x6F, 0x72, 0x61, 0x7A, 0xC3, 0xB3, 0x6E, 0x73, 0x65, 0x63, 0x63, 0x69, 0xC3, 0xB3, 0x6E,
        0x62, 0x75, 0x73, 0x63, 0x61, 0x6E, 0x64, 0x6F, 0x6F, 0x70, 0x63, 0x69, 0x6F, 0x6E, 0x65, 0x73, 0x65, 0x78, 0x74, 0x65, 0x72, 0x69, 0x6F, 0x72, 0x63, 0x6F, 0x6E, 0x63, 0x65, 0x70, 0x74, 0x6F,
        0x74, 0x6F, 0x64, 0x61, 0x76, 0xC3, 0xAD, 0x61, 0x67, 0x61, 0x6C, 0x65, 0x72, 0xC3, 0xAD, 0x61, 0x65, 0x73, 0x63, 0x72, 0x69, 0x62, 0x69, 0x72, 0x6D, 0x65, 0x64, 0x69, 0x63, 0x69, 0x6E, 0x61,
        0x6C, 0x69, 0x63, 0x65, 0x6E, 0x63, 0x69, 0x61, 0x63, 0x6F, 0x6E, 0x73, 0x75, 0x6C, 0x74, 0x61, 0x61, 0x73, 0x70, 0x65, 0x63, 0x74, 0x6F, 0x73, 0x63, 0x72, 0xC3, 0xAD, 0x74, 0x69, 0x63, 0x61,
        0x64, 0xC3, 0xB3, 0x6C, 0x61, 0x72, 0x65, 0x73, 0x6A, 0x75, 0x73, 0x74, 0x69, 0x63, 0x69, 0x61, 0x64, 0x65, 0x62, 0x65, 0x72, 0xC3, 0xA1, 0x6E, 0x70, 0x65, 0x72, 0xC3, 0xAD, 0x6F, 0x64, 0x6F,
        0x6E, 0x65, 0x63, 0x65, 0x73, 0x69, 0x74, 0x61, 0x6D, 0x61, 0x6E, 0x74, 0x65, 0x6E, 0x65, 0x72, 0x70, 0x65, 0x71, 0x75, 0x65, 0xC3, 0xB1, 0x6F, 0x72, 0x65, 0x63, 0x69, 0x62, 0x69, 0x64, 0x61,
        0x74, 0x72, 0x69, 0x62, 0x75, 0x6E, 0x61, 0x6C, 0x74, 0x65, 0x6E, 0x65, 0x72, 0x69, 0x66, 0x65, 0x63, 0x61, 0x6E, 0x63, 0x69, 0xC3, 0xB3, 0x6E, 0x63, 0x61, 0x6E, 0x61, 0x72, 0x69, 0x61, 0x73,
        0x64, 0x65, 0x73, 0x63, 0x61, 0x72, 0x67, 0x61, 0x64, 0x69, 0x76, 0x65, 0x72, 0x73, 0x6F, 0x73, 0x6D, 0x61, 0x6C, 0x6C, 0x6F, 0x72, 0x63, 0x61, 0x72, 0x65, 0x71, 0x75, 0x69, 0x65, 0x72, 0x65,
        0x74, 0xC3, 0xA9, 0x63, 0x6E, 0x69, 0x63, 0x6F, 0x64, 0x65, 0x62, 0x65, 0x72, 0xC3, 0xAD, 0x61, 0x76, 0x69, 0x76, 0x69, 0x65, 0x6E, 0x64, 0x61, 0x66, 0x69, 0x6E, 0x61, 0x6E, 0x7A, 0x61, 0x73,
        0x61, 0x64, 0x65, 0x6C, 0x61, 0x6E, 0x74, 0x65, 0x66, 0x75, 0x6E, 0x63, 0x69, 0x6F, 0x6E, 0x61, 0x63, 0x6F, 0x6E, 0x73, 0x65, 0x6A, 0x6F, 0x73, 0x64, 0x69, 0x66, 0xC3, 0xAD, 0x63, 0x69, 0x6C,
        0x63, 0x69, 0x75, 0x64, 0x61, 0x64, 0x65, 0x73, 0x61, 0x6E, 0x74, 0x69, 0x67, 0x75, 0x61, 0x73, 0x61, 0x76, 0x61, 0x6E, 0x7A, 0x61, 0x64, 0x61, 0x74, 0xC3, 0xA9, 0x72, 0x6D, 0x69, 0x6E, 0x6F,
        0x75, 0x6E, 0x69, 0x64, 0x61, 0x64, 0x65, 0x73, 0x73, 0xC3, 0xA1, 0x6E, 0x63, 0x68, 0x65, 0x7A, 0x63, 0x61, 0x6D, 0x70, 0x61, 0xC3, 0xB1, 0x61, 0x73, 0x6F, 0x66, 0x74, 0x6F, 0x6E, 0x69, 0x63,
        0x72, 0x65, 0x76, 0x69, 0x73, 0x74, 0x61, 0x73, 0x63, 0x6F, 0x6E, 0x74, 0x69, 0x65, 0x6E, 0x65, 0x73, 0x65, 0x63, 0x74, 0x6F, 0x72, 0x65, 0x73, 0x6D, 0x6F, 0x6D, 0x65, 0x6E, 0x74, 0x6F, 0x73,
        0x66, 0x61, 0x63, 0x75, 0x6C, 0x74, 0x61, 0x64, 0x63, 0x72, 0xC3, 0xA9, 0x64, 0x69, 0x74, 0x6F, 0x64, 0x69, 0x76, 0x65, 0x72, 0x73, 0x61, 0x73, 0x73, 0x75, 0x70, 0x75, 0x65, 0x73, 0x74, 0x6F,
        0x66, 0x61, 0x63, 0x74, 0x6F, 0x72, 0x65, 0x73, 0x73, 0x65, 0x67, 0x75, 0x6E, 0x64, 0x6F, 0x73, 0x70, 0x65, 0x71, 0x75, 0x65, 0xC3, 0xB1, 0x61, 0xD0, 0xB3, 0xD0, 0xBE, 0xD0, 0xB4, 0xD0, 0xB0,
        0xD0, 0xB5, 0xD1, 0x81, 0xD0, 0xBB, 0xD0, 0xB8, 0xD0, 0xB5, 0xD1, 0x81, 0xD1, 0x82, 0xD1, 0x8C, 0xD0, 0xB1, 0xD1, 0x8B, 0xD0, 0xBB, 0xD0, 0xBE, 0xD0, 0xB1, 0xD1, 0x8B, 0xD1, 0x82, 0xD1, 0x8C,
        0xD1, 0x8D, 0xD1, 0x82, 0xD0, 0xBE, 0xD0, 0xBC, 0xD0, 0x95, 0xD1, 0x81, 0xD0, 0xBB, 0xD0, 0xB8, 0xD1, 0x82, 0xD0, 0xBE, 0xD0, 0xB3, 0xD0, 0xBE, 0xD0, 0xBC, 0xD0, 0xB5, 0xD0, 0xBD, 0xD1, 0x8F,
        0xD0, 0xB2, 0xD1, 0x81, 0xD0, 0xB5, 0xD1, 0x85, 0xD1, 0x8D, 0xD1, 0x82, 0xD0, 0xBE, 0xD0, 0xB9, 0xD0, 0xB4, 0xD0, 0xB0, 0xD0, 0xB6, 0xD0, 0xB5, 0xD0, 0xB1, 0xD1, 0x8B, 0xD0, 0xBB, 0xD0, 0xB8,
        0xD0, 0xB3, 0xD0, 0xBE, 0xD0, 0xB4, 0xD1, 0x83, 0xD0, 0xB4, 0xD0, 0xB5, 0xD0, 0xBD, 0xD1, 0x8C, 0xD1, 0x8D, 0xD1, 0x82, 0xD0, 0xBE, 0xD1, 0x82, 0xD0, 0xB1, 0xD1, 0x8B, 0xD0, 0xBB, 0xD0, 0xB0,
        0xD1, 0x81, 0xD0, 0xB5, 0xD0, 0xB1, 0xD1, 0x8F, 0xD0, 0xBE, 0xD0, 0xB4, 0xD0, 0xB8, 0xD0, 0xBD, 0xD1, 0x81, 0xD0, 0xB5, 0xD0, 0xB1, 0xD0, 0xB5, 0xD0, 0xBD, 0xD0, 0xB0, 0xD0, 0xB4, 0xD0, 0xBE,
        0xD1, 0x81, 0xD0, 0xB0, 0xD0, 0xB9, 0xD1, 0x82, 0xD1, 0x84, 0xD0, 0xBE, 0xD1, 0x82, 0xD0, 0xBE, 0xD0, 0xBD, 0xD0, 0xB5, 0xD0, 0xB3, 0xD0, 0xBE, 0xD1, 0x81, 0xD0, 0xB2, 0xD0, 0xBE, 0xD0, 0xB8,
        0xD1, 0x81, 0xD0, 0xB2, 0xD0, 0xBE, 0xD0, 0xB9, 0xD0, 0xB8, 0xD0, 0xB3, 0xD1, 0x80, 0xD1, 0x8B, 0xD1, 0x82, 0xD0, 0xBE, 0xD0, 0xB6, 0xD0, 0xB5, 0xD0, 0xB2, 0xD1, 0x81, 0xD0, 0xB5, 0xD0, 0xBC,
        0xD1, 0x81, 0xD0, 0xB2, 0xD0, 0xBE, 0xD1, 0x8E, 0xD0, 0xBB, 0xD0, 0xB8, 0xD1, 0x88, 0xD1, 0x8C, 0xD1, 0x8D, 0xD1, 0x82, 0xD0, 0xB8, 0xD1, 0x85, 0xD0, 0xBF, 0xD0, 0xBE, 0xD0, 0xBA, 0xD0, 0xB0,
        0xD0, 0xB4, 0xD0, 0xBD, 0xD0, 0xB5, 0xD0, 0xB9, 0xD0, 0xB4, 0xD0, 0xBE, 0xD0, 0xBC, 0xD0, 0xB0, 0xD0, 0xBC, 0xD0, 0xB8, 0xD1, 0x80, 0xD0, 0xB0, 0xD0, 0xBB, 0xD0, 0xB8, 0xD0, 0xB1, 0xD0, 0xBE,
        0xD1, 0x82, 0xD0, 0xB5, 0xD0, 0xBC, 0xD1, 0x83, 0xD1, 0x85, 0xD0, 0xBE, 0xD1, 0x82, 0xD1, 0x8F, 0xD0, 0xB4, 0xD0, 0xB2, 0xD1, 0x83, 0xD1, 0x85, 0xD1, 0x81, 0xD0, 0xB5, 0xD1, 0x82, 0xD0, 0xB8,
        0xD0, 0xBB, 0xD1, 0x8E, 0xD0, 0xB4, 0xD0, 0xB8, 0xD0, 0xB4, 0xD0, 0xB5, 0xD0, 0xBB, 0xD0, 0xBE, 0xD0, 0xBC, 0xD0, 0xB8, 0xD1, 0x80, 0xD0, 0xB5, 0xD1, 0x82, 0xD0, 0xB5, 0xD0, 0xB1, 0xD1, 0x8F,
        0xD1, 0x81, 0xD0, 0xB2, 0xD0, 0xBE, 0xD0, 0xB5, 0xD0, 0xB2, 0xD0, 0xB8, 0xD0, 0xB4, 0xD0, 0xB5, 0xD1, 0x87, 0xD0, 0xB5, 0xD0, 0xB3, 0xD0, 0xBE, 0xD1, 0x8D, 0xD1, 0x82, 0xD0, 0xB8, 0xD0, 0xBC,
        0xD1, 0x81, 0xD1, 0x87, 0xD0, 0xB5, 0xD1, 0x82, 0xD1, 0x82, 0xD0, 0xB5, 0xD0, 0xBC, 0xD1, 0x8B, 0xD1, 0x86, 0xD0, 0xB5, 0xD0, 0xBD, 0xD1, 0x8B, 0xD1, 0x81, 0xD1, 0x82, 0xD0, 0xB0, 0xD0, 0xBB,
        0xD0, 0xB2, 0xD0, 0xB5, 0xD0, 0xB4, 0xD1, 0x8C, 0xD1, 0x82, 0xD0, 0xB5, 0xD0, 0xBC, 0xD0, 0xB5, 0xD0, 0xB2, 0xD0, 0xBE, 0xD0, 0xB4, 0xD1, 0x8B, 0xD1, 0x82, 0xD0, 0xB5, 0xD0, 0xB1, 0xD0, 0xB5,
        0xD0, 0xB2, 0xD1, 0x8B, 0xD1, 0x88, 0xD0, 0xB5, 0xD0, 0xBD, 0xD0, 0xB0, 0xD0, 0xBC, 0xD0, 0xB8, 0xD1, 0x82, 0xD0, 0xB8, 0xD0, 0xBF, 0xD0, 0xB0, 0xD1, 0x82, 0xD0, 0xBE, 0xD0, 0xBC, 0xD1, 0x83,
        0xD0, 0xBF, 0xD1, 0x80, 0xD0, 0xB0, 0xD0, 0xB2, 0xD0, 0xBB, 0xD0, 0xB8, 0xD1, 0x86, 0xD0, 0xB0, 0xD0, 0xBE, 0xD0, 0xB4, 0xD0, 0xBD, 0xD0, 0xB0, 0xD0, 0xB3, 0xD0, 0xBE, 0xD0, 0xB4, 0xD1, 0x8B,
        0xD0, 0xB7, 0xD0, 0xBD, 0xD0, 0xB0, 0xD1, 0x8E, 0xD0, 0xBC, 0xD0, 0xBE, 0xD0, 0xB3, 0xD1, 0x83, 0xD0, 0xB4, 0xD1, 0x80, 0xD1, 0x83, 0xD0, 0xB3, 0xD0, 0xB2, 0xD1, 0x81, 0xD0, 0xB5, 0xD0, 0xB9,
        0xD0, 0xB8, 0xD0, 0xB4, 0xD0, 0xB5, 0xD1, 0x82, 0xD0, 0xBA, 0xD0, 0xB8, 0xD0, 0xBD, 0xD0, 0xBE, 0xD0, 0xBE, 0xD0, 0xB4, 0xD0, 0xBD, 0xD0, 0xBE, 0xD0, 0xB4, 0xD0, 0xB5, 0xD0, 0xBB, 0xD0, 0xB0,
        0xD0, 0xB4, 0xD0, 0xB5, 0xD0, 0xBB, 0xD0, 0xB5, 0xD1, 0x81, 0xD1, 0x80, 0xD0, 0xBE, 0xD0, 0xBA, 0xD0, 0xB8, 0xD1, 0x8E, 0xD0, 0xBD, 0xD1, 0x8F, 0xD0, 0xB2, 0xD0, 0xB5, 0xD1, 0x81, 0xD1, 0x8C,
        0xD0, 0x95, 0xD1, 0x81, 0xD1, 0x82, 0xD1, 0x8C, 0xD1, 0x80, 0xD0, 0xB0, 0xD0, 0xB7, 0xD0, 0xB0, 0xD0, 0xBD, 0xD0, 0xB0, 0xD1, 0x88, 0xD0, 0xB8, 0xD8, 0xA7, 0xD9, 0x84, 0xD9, 0x84, 0xD9, 0x87,
        0xD8, 0xA7, 0xD9, 0x84, 0xD8, 0xAA, 0xD9, 0x8A, 0xD8, 0xAC, 0xD9, 0x85, 0xD9, 0x8A, 0xD8, 0xB9, 0xD8, 0xAE, 0xD8, 0xA7, 0xD8, 0xB5, 0xD8, 0xA9, 0xD8, 0xA7, 0xD9, 0x84, 0xD8, 0xB0, 0xD9, 0x8A,
        0xD8, 0xB9, 0xD9, 0x84, 0xD9, 0x8A, 0xD9, 0x87, 0xD8, 0xAC, 0xD8, 0xAF, 0xD9, 0x8A, 0xD8, 0xAF, 0xD8, 0xA7, 0xD9, 0x84, 0xD8, 0xA2, 0xD9, 0x86, 0xD8, 0xA7, 0xD9, 0x84, 0xD8, 0xB1, 0xD8, 0xAF,
        0xD8, 0xAA, 0xD8, 0xAD, 0xD9, 0x83, 0xD9, 0x85, 0xD8, 0xB5, 0xD9, 0x81, 0xD8, 0xAD, 0xD8, 0xA9, 0xD9, 0x83, 0xD8, 0xA7, 0xD9, 0x86, 0xD8, 0xAA, 0xD8, 0xA7, 0xD9, 0x84, 0xD9, 0x84, 0xD9, 0x8A,
        0xD9, 0x8A, 0xD9, 0x83, 0xD9, 0x88, 0xD9, 0x86, 0xD8, 0xB4, 0xD8, 0xA8, 0xD9, 0x83, 0xD8, 0xA9, 0xD9, 0x81, 0xD9, 0x8A, 0xD9, 0x87, 0xD8, 0xA7, 0xD8, 0xA8, 0xD9, 0x86, 0xD8, 0xA7, 0xD8, 0xAA,
        0xD8, 0xAD, 0xD9, 0x88, 0xD8, 0xA7, 0xD8, 0xA1, 0xD8, 0xA3, 0xD9, 0x83, 0xD8, 0xAB, 0xD8, 0xB1, 0xD8, 0xAE, 0xD9, 0x84, 0xD8, 0xA7, 0xD9, 0x84, 0xD8, 0xA7, 0xD9, 0x84, 0xD8, 0xAD, 0xD8, 0xA8,
        0xD8, 0xAF, 0xD9, 0x84, 0xD9, 0x8A, 0xD9, 0x84, 0xD8, 0xAF, 0xD8, 0xB1, 0xD9, 0x88, 0xD8, 0xB3, 0xD8, 0xA7, 0xD8, 0xB6, 0xD8, 0xBA, 0xD8, 0xB7, 0xD8, 0xAA, 0xD9, 0x83, 0xD9, 0x88, 0xD9, 0x86,
        0xD9, 0x87, 0xD9, 0x86, 0xD8, 0xA7, 0xD9, 0x83, 0xD8, 0xB3, 0xD8, 0xA7, 0xD8, 0xAD, 0xD8, 0xA9, 0xD9, 0x86, 0xD8, 0xA7, 0xD8, 0xAF, 0xD9, 0x8A, 0xD8, 0xA7, 0xD9, 0x84, 0xD8, 0xB7, 0xD8, 0xA8,
        0xD8, 0xB9, 0xD9, 0x84, 0xD9, 0x8A, 0xD9, 0x83, 0xD8, 0xB4, 0xD9, 0x83, 0xD8, 0xB1, 0xD8, 0xA7, 0xD9, 0x8A, 0xD9, 0x85, 0xD9, 0x83, 0xD9, 0x86, 0xD9, 0x85, 0xD9, 0x86, 0xD9, 0x87, 0xD8, 0xA7,
        0xD8, 0xB4, 0xD8, 0xB1, 0xD9, 0x83, 0xD8, 0xA9, 0xD8, 0xB1, 0xD8, 0xA6, 0xD9, 0x8A, 0xD8, 0xB3, 0xD9, 0x86, 0xD8, 0xB4, 0xD9, 0x8A, 0xD8, 0xB7, 0xD9, 0x85, 0xD8, 0xA7, 0xD8, 0xB0, 0xD8, 0xA7,
        0xD8, 0xA7, 0xD9, 0x84, 0xD9, 0x81, 0xD9, 0x86, 0xD8, 0xB4, 0xD8, 0xA8, 0xD8, 0xA7, 0xD8, 0xA8, 0xD8, 0xAA, 0xD8, 0xB9, 0xD8, 0xA8, 0xD8, 0xB1, 0xD8, 0xB1, 0xD8, 0xAD, 0xD9, 0x85, 0xD8, 0xA9,
        0xD9, 0x83, 0xD8, 0xA7, 0xD9, 0x81, 0xD8, 0xA9, 0xD9, 0x8A, 0xD9, 0x82, 0xD9, 0x88, 0xD9, 0x84, 0xD9, 0x85, 0xD8, 0xB1, 0xD9, 0x83, 0xD8, 0xB2, 0xD9, 0x83, 0xD9, 0x84, 0xD9, 0x85, 0xD8, 0xA9,
        0xD8, 0xA3, 0xD8, 0xAD, 0xD9, 0x85, 0xD8, 0xAF, 0xD9, 0x82, 0xD9, 0x84, 0xD8, 0xA8, 0xD9, 0x8A, 0xD9, 0x8A, 0xD8, 0xB9, 0xD9, 0x86, 0xD9, 0x8A, 0xD8, 0xB5, 0xD9, 0x88, 0xD8, 0xB1, 0xD8, 0xA9,
        0xD8, 0xB7, 0xD8, 0xB1, 0xD9, 0x8A, 0xD9, 0x82, 0xD8, 0xB4, 0xD8, 0xA7, 0xD8, 0xB1, 0xD9, 0x83, 0xD8, 0xAC, 0xD9, 0x88, 0xD8, 0xA7, 0xD9, 0x84, 0xD8, 0xA3, 0xD8, 0xAE, 0xD8, 0xB1, 0xD9, 0x89,
        0xD9, 0x85, 0xD8, 0xB9, 0xD9, 0x86, 0xD8, 0xA7, 0xD8, 0xA7, 0xD8, 0xA8, 0xD8, 0xAD, 0xD8, 0xAB, 0xD8, 0xB9, 0xD8, 0xB1, 0xD9, 0x88, 0xD8, 0xB6, 0xD8, 0xA8, 0xD8, 0xB4, 0xD9, 0x83, 0xD9, 0x84,
        0xD9, 0x85, 0xD8, 0xB3, 0xD8, 0xAC, 0xD9, 0x84, 0xD8, 0xA8, 0xD9, 0x86, 0xD8, 0xA7, 0xD9, 0x86, 0xD8, 0xAE, 0xD8, 0xA7, 0xD9, 0x84, 0xD8, 0xAF, 0xD9, 0x83, 0xD8, 0xAA, 0xD8, 0xA7, 0xD8, 0xA8,
        0xD9, 0x83, 0xD9, 0x84, 0xD9, 0x8A, 0xD8, 0xA9, 0xD8, 0xA8, 0xD8, 0xAF, 0xD9, 0x88, 0xD9, 0x86, 0xD8, 0xA3, 0xD9, 0x8A, 0xD8, 0xB6, 0xD8, 0xA7, 0xD9, 0x8A, 0xD9, 0x88, 0xD8, 0xAC, 0xD8, 0xAF,
        0xD9, 0x81, 0xD8, 0xB1, 0xD9, 0x8A, 0xD9, 0x82, 0xD9, 0x83, 0xD8, 0xAA, 0xD8, 0xA8, 0xD8, 0xAA, 0xD8, 0xA3, 0xD9, 0x81, 0xD8, 0xB6, 0xD9, 0x84, 0xD9, 0x85, 0xD8, 0xB7, 0xD8, 0xA8, 0xD8, 0xAE,
        0xD8, 0xA7, 0xD9, 0x83, 0xD8, 0xAB, 0xD8, 0xB1, 0xD8, 0xA8, 0xD8, 0xA7, 0xD8, 0xB1, 0xD9, 0x83, 0xD8, 0xA7, 0xD9, 0x81, 0xD8, 0xB6, 0xD9, 0x84, 0xD8, 0xA7, 0xD8, 0xAD, 0xD9, 0x84, 0xD9, 0x89,
        0xD9, 0x86, 0xD9, 0x81, 0xD8, 0xB3, 0xD9, 0x87, 0xD8, 0xA3, 0xD9, 0x8A, 0xD8, 0xA7, 0xD9, 0x85, 0xD8, 0xB1, 0xD8, 0xAF, 0xD9, 0x88, 0xD8, 0xAF, 0xD8, 0xA3, 0xD9, 0x86, 0xD9, 0x87, 0xD8, 0xA7,
        0xD8, 0xAF, 0xD9, 0x8A, 0xD9, 0x86, 0xD8, 0xA7, 0xD8, 0xA7, 0xD9, 0x84, 0xD8, 0xA7, 0xD9, 0x86, 0xD9, 0x85, 0xD8, 0xB9, 0xD8, 0xB1, 0xD8, 0xB6, 0xD8, 0xAA, 0xD8, 0xB9, 0xD9, 0x84, 0xD9, 0x85,
        0xD8, 0xAF, 0xD8, 0xA7, 0xD8, 0xAE, 0xD9, 0x84, 0xD9, 0x85, 0xD9, 0x85, 0xD9, 0x83, 0xD9, 0x86, 0x00, 0x00, 0x00, 0x00, 0x00, 0x00, 0x00, 0x00, 0x01, 0x00, 0x01, 0x00, 0x01, 0x00, 0x01, 0x00,
        0x02, 0x00, 0x02, 0x00, 0x02, 0x00, 0x02, 0x00, 0x04, 0x00, 0x04, 0x00, 0x04, 0x00, 0x04, 0x00, 0x00, 0x01, 0x02, 0x03, 0x04, 0x05, 0x06, 0x07, 0x07, 0x06, 0x05, 0x04, 0x03, 0x02, 0x01, 0x00,
        0x08, 0x09, 0x0A, 0x0B, 0x0C, 0x0D, 0x0E, 0x0F, 0x0F, 0x0E, 0x0D, 0x0C, 0x0B, 0x0A, 0x09, 0x08, 0x10, 0x11, 0x12, 0x13, 0x14, 0x15, 0x16, 0x17, 0x17, 0x16, 0x15, 0x14, 0x13, 0x12, 0x11, 0x10,
        0x18, 0x19, 0x1A, 0x1B, 0x1C, 0x1D, 0x1E, 0x1F, 0x1F, 0x1E, 0x1D, 0x1C, 0x1B, 0x1A, 0x19, 0x18, 0xFF, 0xFF, 0xFF, 0xFF, 0x00, 0x00, 0x00, 0x00, 0x00, 0x00, 0x00, 0x00, 0xFF, 0xFF, 0xFF, 0xFF,
        0x01, 0x00, 0x00, 0x00, 0x02, 0x00, 0x00, 0x00, 0x02, 0x00, 0x00, 0x00, 0x01, 0x00, 0x00, 0x00, 0x01, 0x00, 0x00, 0x00, 0x03, 0x00, 0x00, 0x00, 0xFF, 0xFF, 0x00, 0x01, 0x00, 0x00, 0x00, 0x01,
        0x00, 0x00, 0xFF, 0xFF, 0x00, 0x01, 0x00, 0x00, 0x00, 0x08, 0x00, 0x08, 0x00, 0x08, 0x00, 0x08, 0x00, 0x00, 0x00, 0x01, 0x00, 0x02, 0x00, 0x03, 0x00, 0x04, 0x00, 0x05, 0x00, 0x06, 0x00, 0x07,
        0x72, 0x65, 0x73, 0x6F, 0x75, 0x72, 0x63, 0x65, 0x73, 0x63, 0x6F, 0x75, 0x6E, 0x74, 0x72, 0x69, 0x65, 0x73, 0x71, 0x75, 0x65, 0x73, 0x74, 0x69, 0x6F, 0x6E, 0x73, 0x65, 0x71, 0x75, 0x69, 0x70,
        0x6D, 0x65, 0x6E, 0x74, 0x63, 0x6F, 0x6D, 0x6D, 0x75, 0x6E, 0x69, 0x74, 0x79, 0x61, 0x76, 0x61, 0x69, 0x6C, 0x61, 0x62, 0x6C, 0x65, 0x68, 0x69, 0x67, 0x68, 0x6C, 0x69, 0x67, 0x68, 0x74, 0x44,
        0x54, 0x44, 0x2F, 0x78, 0x68, 0x74, 0x6D, 0x6C, 0x6D, 0x61, 0x72, 0x6B, 0x65, 0x74, 0x69, 0x6E, 0x67, 0x6B, 0x6E, 0x6F, 0x77, 0x6C, 0x65, 0x64, 0x67, 0x65, 0x73, 0x6F, 0x6D, 0x65, 0x74, 0x68,
        0x69, 0x6E, 0x67, 0x63, 0x6F, 0x6E, 0x74, 0x61, 0x69, 0x6E, 0x65, 0x72, 0x64, 0x69, 0x72, 0x65, 0x63, 0x74, 0x69, 0x6F, 0x6E, 0x73, 0x75, 0x62, 0x73, 0x63, 0x72, 0x69, 0x62, 0x65, 0x61, 0x64,
        0x76, 0x65, 0x72, 0x74, 0x69, 0x73, 0x65, 0x63, 0x68, 0x61, 0x72, 0x61, 0x63, 0x74, 0x65, 0x72, 0x22, 0x20, 0x76, 0x61, 0x6C, 0x75, 0x65, 0x3D, 0x22, 0x3C, 0x2F, 0x73, 0x65, 0x6C, 0x65, 0x63,
        0x74, 0x3E, 0x41, 0x75, 0x73, 0x74, 0x72, 0x61, 0x6C, 0x69, 0x61, 0x22, 0x20, 0x63, 0x6C, 0x61, 0x73, 0x73, 0x3D, 0x22, 0x73, 0x69, 0x74, 0x75, 0x61, 0x74, 0x69, 0x6F, 0x6E, 0x61, 0x75, 0x74,
        0x68, 0x6F, 0x72, 0x69, 0x74, 0x79, 0x66, 0x6F, 0x6C, 0x6C, 0x6F, 0x77, 0x69, 0x6E, 0x67, 0x70, 0x72, 0x69, 0x6D, 0x61, 0x72, 0x69, 0x6C, 0x79, 0x6F, 0x70, 0x65, 0x72, 0x61, 0x74, 0x69, 0x6F,
        0x6E, 0x63, 0x68, 0x61, 0x6C, 0x6C, 0x65, 0x6E, 0x67, 0x65, 0x64, 0x65, 0x76, 0x65, 0x6C, 0x6F, 0x70, 0x65, 0x64, 0x61, 0x6E, 0x6F, 0x6E, 0x79, 0x6D, 0x6F, 0x75, 0x73, 0x66, 0x75, 0x6E, 0x63,
        0x74, 0x69, 0x6F, 0x6E, 0x20, 0x66, 0x75, 0x6E, 0x63, 0x74, 0x69, 0x6F, 0x6E, 0x73, 0x63, 0x6F, 0x6D, 0x70, 0x61, 0x6E, 0x69, 0x65, 0x73, 0x73, 0x74, 0x72, 0x75, 0x63, 0x74, 0x75, 0x72, 0x65,
        0x61, 0x67, 0x72, 0x65, 0x65, 0x6D, 0x65, 0x6E, 0x74, 0x22, 0x20, 0x74, 0x69, 0x74, 0x6C, 0x65, 0x3D, 0x22, 0x70, 0x6F, 0x74, 0x65, 0x6E, 0x74, 0x69, 0x61, 0x6C, 0x65, 0x64, 0x75, 0x63, 0x61,
        0x74, 0x69, 0x6F, 0x6E, 0x61, 0x72, 0x67, 0x75, 0x6D, 0x65, 0x6E, 0x74, 0x73, 0x73, 0x65, 0x63, 0x6F, 0x6E, 0x64, 0x61, 0x72, 0x79, 0x63, 0x6F, 0x70, 0x79, 0x72, 0x69, 0x67, 0x68, 0x74, 0x6C,
        0x61, 0x6E, 0x67, 0x75, 0x61, 0x67, 0x65, 0x73, 0x65, 0x78, 0x63, 0x6C, 0x75, 0x73, 0x69, 0x76, 0x65, 0x63, 0x6F, 0x6E, 0x64, 0x69, 0x74, 0x69, 0x6F, 0x6E, 0x3C, 0x2F, 0x66, 0x6F, 0x72, 0x6D,
        0x3E, 0x0D, 0x0A, 0x73, 0x74, 0x61, 0x74, 0x65, 0x6D, 0x65, 0x6E, 0x74, 0x61, 0x74, 0x74, 0x65, 0x6E, 0x74, 0x69, 0x6F, 0x6E, 0x42, 0x69, 0x6F, 0x67, 0x72, 0x61, 0x70, 0x68, 0x79, 0x7D, 0x20,
        0x65, 0x6C, 0x73, 0x65, 0x20, 0x7B, 0x0A, 0x73, 0x6F, 0x6C, 0x75, 0x74, 0x69, 0x6F, 0x6E, 0x73, 0x77, 0x68, 0x65, 0x6E, 0x20, 0x74, 0x68, 0x65, 0x20, 0x41, 0x6E, 0x61, 0x6C, 0x79, 0x74, 0x69,
        0x63, 0x73, 0x74, 0x65, 0x6D, 0x70, 0x6C, 0x61, 0x74, 0x65, 0x73, 0x64, 0x61, 0x6E, 0x67, 0x65, 0x72, 0x6F, 0x75, 0x73, 0x73, 0x61, 0x74, 0x65, 0x6C, 0x6C, 0x69, 0x74, 0x65, 0x64, 0x6F, 0x63,
        0x75, 0x6D, 0x65, 0x6E, 0x74, 0x73, 0x70, 0x75, 0x62, 0x6C, 0x69, 0x73, 0x68, 0x65, 0x72, 0x69, 0x6D, 0x70, 0x6F, 0x72, 0x74, 0x61, 0x6E, 0x74, 0x70, 0x72, 0x6F, 0x74, 0x6F, 0x74, 0x79, 0x70,
        0x65, 0x69, 0x6E, 0x66, 0x6C, 0x75, 0x65, 0x6E, 0x63, 0x65, 0x26, 0x72, 0x61, 0x71, 0x75, 0x6F, 0x3B, 0x3C, 0x2F, 0x65, 0x66, 0x66, 0x65, 0x63, 0x74, 0x69, 0x76, 0x65, 0x67, 0x65, 0x6E, 0x65,
        0x72, 0x61, 0x6C, 0x6C, 0x79, 0x74, 0x72, 0x61, 0x6E, 0x73, 0x66, 0x6F, 0x72, 0x6D, 0x62, 0x65, 0x61, 0x75, 0x74, 0x69, 0x66, 0x75, 0x6C, 0x74, 0x72, 0x61, 0x6E, 0x73, 0x70, 0x6F, 0x72, 0x74,
        0x6F, 0x72, 0x67, 0x61, 0x6E, 0x69, 0x7A, 0x65, 0x64, 0x70, 0x75, 0x62, 0x6C, 0x69, 0x73, 0x68, 0x65, 0x64, 0x70, 0x72, 0x6F, 0x6D, 0x69, 0x6E, 0x65, 0x6E, 0x74, 0x75, 0x6E, 0x74, 0x69, 0x6C,
        0x20, 0x74, 0x68, 0x65, 0x74, 0x68, 0x75, 0x6D, 0x62, 0x6E, 0x61, 0x69, 0x6C, 0x4E, 0x61, 0x74, 0x69, 0x6F, 0x6E, 0x61, 0x6C, 0x20, 0x2E, 0x66, 0x6F, 0x63, 0x75, 0x73, 0x28, 0x29, 0x3B, 0x6F,
        0x76, 0x65, 0x72, 0x20, 0x74, 0x68, 0x65, 0x20, 0x6D, 0x69, 0x67, 0x72, 0x61, 0x74, 0x69, 0x6F, 0x6E, 0x61, 0x6E, 0x6E, 0x6F, 0x75, 0x6E, 0x63, 0x65, 0x64, 0x66, 0x6F, 0x6F, 0x74, 0x65, 0x72,
        0x22, 0x3E, 0x0A, 0x65, 0x78, 0x63, 0x65, 0x70, 0x74, 0x69, 0x6F, 0x6E, 0x6C, 0x65, 0x73, 0x73, 0x20, 0x74, 0x68, 0x61, 0x6E, 0x65, 0x78, 0x70, 0x65, 0x6E, 0x73, 0x69, 0x76, 0x65, 0x66, 0x6F,
        0x72, 0x6D, 0x61, 0x74, 0x69, 0x6F, 0x6E, 0x66, 0x72, 0x61, 0x6D, 0x65, 0x77, 0x6F, 0x72, 0x6B, 0x74, 0x65, 0x72, 0x72, 0x69, 0x74, 0x6F, 0x72, 0x79, 0x6E, 0x64, 0x69, 0x63, 0x61, 0x74, 0x69,
        0x6F, 0x6E, 0x63, 0x75, 0x72, 0x72, 0x65, 0x6E, 0x74, 0x6C, 0x79, 0x63, 0x6C, 0x61, 0x73, 0x73, 0x4E, 0x61, 0x6D, 0x65, 0x63, 0x72, 0x69, 0x74, 0x69, 0x63, 0x69, 0x73, 0x6D, 0x74, 0x72, 0x61,
        0x64, 0x69, 0x74, 0x69, 0x6F, 0x6E, 0x65, 0x6C, 0x73, 0x65, 0x77, 0x68, 0x65, 0x72, 0x65, 0x41, 0x6C, 0x65, 0x78, 0x61, 0x6E, 0x64, 0x65, 0x72, 0x61, 0x70, 0x70, 0x6F, 0x69, 0x6E, 0x74, 0x65,
        0x64, 0x6D, 0x61, 0x74, 0x65, 0x72, 0x69, 0x61, 0x6C, 0x73, 0x62, 0x72, 0x6F, 0x61, 0x64, 0x63, 0x61, 0x73, 0x74, 0x6D, 0x65, 0x6E, 0x74, 0x69, 0x6F, 0x6E, 0x65, 0x64, 0x61, 0x66, 0x66, 0x69,
        0x6C, 0x69, 0x61, 0x74, 0x65, 0x3C, 0x2F, 0x6F, 0x70, 0x74, 0x69, 0x6F, 0x6E, 0x3E, 0x74, 0x72, 0x65, 0x61, 0x74, 0x6D, 0x65, 0x6E, 0x74, 0x64, 0x69, 0x66, 0x66, 0x65, 0x72, 0x65, 0x6E, 0x74,
        0x2F, 0x64, 0x65, 0x66, 0x61, 0x75, 0x6C, 0x74, 0x2E, 0x50, 0x72, 0x65, 0x73, 0x69, 0x64, 0x65, 0x6E, 0x74, 0x6F, 0x6E, 0x63, 0x6C, 0x69, 0x63, 0x6B, 0x3D, 0x22, 0x62, 0x69, 0x6F, 0x67, 0x72,
        0x61, 0x70, 0x68, 0x79, 0x6F, 0x74, 0x68, 0x65, 0x72, 0x77, 0x69, 0x73, 0x65, 0x70, 0x65, 0x72, 0x6D, 0x61, 0x6E, 0x65, 0x6E, 0x74, 0x46, 0x72, 0x61, 0x6E, 0xC3, 0xA7, 0x61, 0x69, 0x73, 0x48,
        0x6F, 0x6C, 0x6C, 0x79, 0x77, 0x6F, 0x6F, 0x64, 0x65, 0x78, 0x70, 0x61, 0x6E, 0x73, 0x69, 0x6F, 0x6E, 0x73, 0x74, 0x61, 0x6E, 0x64, 0x61, 0x72, 0x64, 0x73, 0x3C, 0x2F, 0x73, 0x74, 0x79, 0x6C,
        0x65, 0x3E, 0x0A, 0x72, 0x65, 0x64, 0x75, 0x63, 0x74, 0x69, 0x6F, 0x6E, 0x44, 0x65, 0x63, 0x65, 0x6D, 0x62, 0x65, 0x72, 0x20, 0x70, 0x72, 0x65, 0x66, 0x65, 0x72, 0x72, 0x65, 0x64, 0x43, 0x61,
        0x6D, 0x62, 0x72, 0x69, 0x64, 0x67, 0x65, 0x6F, 0x70, 0x70, 0x6F, 0x6E, 0x65, 0x6E, 0x74, 0x73, 0x42, 0x75, 0x73, 0x69, 0x6E, 0x65, 0x73, 0x73, 0x20, 0x63, 0x6F, 0x6E, 0x66, 0x75, 0x73, 0x69,
        0x6F, 0x6E, 0x3E, 0x0A, 0x3C, 0x74, 0x69, 0x74, 0x6C, 0x65, 0x3E, 0x70, 0x72, 0x65, 0x73, 0x65, 0x6E, 0x74, 0x65, 0x64, 0x65, 0x78, 0x70, 0x6C, 0x61, 0x69, 0x6E, 0x65, 0x64, 0x64, 0x6F, 0x65,
        0x73, 0x20, 0x6E, 0x6F, 0x74, 0x20, 0x77, 0x6F, 0x72, 0x6C, 0x64, 0x77, 0x69, 0x64, 0x65, 0x69, 0x6E, 0x74, 0x65, 0x72, 0x66, 0x61, 0x63, 0x65, 0x70, 0x6F, 0x73, 0x69, 0x74, 0x69, 0x6F, 0x6E,
        0x73, 0x6E, 0x65, 0x77, 0x73, 0x70, 0x61, 0x70, 0x65, 0x72, 0x3C, 0x2F, 0x74, 0x61, 0x62, 0x6C, 0x65, 0x3E, 0x0A, 0x6D, 0x6F, 0x75, 0x6E, 0x74, 0x61, 0x69, 0x6E, 0x73, 0x6C, 0x69, 0x6B, 0x65,
        0x20, 0x74, 0x68, 0x65, 0x20, 0x65, 0x73, 0x73, 0x65, 0x6E, 0x74, 0x69, 0x61, 0x6C, 0x66, 0x69, 0x6E, 0x61, 0x6E, 0x63, 0x69, 0x61, 0x6C, 0x73, 0x65, 0x6C, 0x65, 0x63, 0x74, 0x69, 0x6F, 0x6E,
        0x61, 0x63, 0x74, 0x69, 0x6F, 0x6E, 0x3D, 0x22, 0x2F, 0x61, 0x62, 0x61, 0x6E, 0x64, 0x6F, 0x6E, 0x65, 0x64, 0x45, 0x64, 0x75, 0x63, 0x61, 0x74, 0x69, 0x6F, 0x6E, 0x70, 0x61, 0x72, 0x73, 0x65,
        0x49, 0x6E, 0x74, 0x28, 0x73, 0x74, 0x61, 0x62, 0x69, 0x6C, 0x69, 0x74, 0x79, 0x75, 0x6E, 0x61, 0x62, 0x6C, 0x65, 0x20, 0x74, 0x6F, 0x3C, 0x2F, 0x74, 0x69, 0x74, 0x6C, 0x65, 0x3E, 0x0A, 0x72,
        0x65, 0x6C, 0x61, 0x74, 0x69, 0x6F, 0x6E, 0x73, 0x4E, 0x6F, 0x74, 0x65, 0x20, 0x74, 0x68, 0x61, 0x74, 0x65, 0x66, 0x66, 0x69, 0x63, 0x69, 0x65, 0x6E, 0x74, 0x70, 0x65, 0x72, 0x66, 0x6F, 0x72,
        0x6D, 0x65, 0x64, 0x74, 0x77, 0x6F, 0x20, 0x79, 0x65, 0x61, 0x72, 0x73, 0x53, 0x69, 0x6E, 0x63, 0x65, 0x20, 0x74, 0x68, 0x65, 0x74, 0x68, 0x65, 0x72, 0x65, 0x66, 0x6F, 0x72, 0x65, 0x77, 0x72,
        0x61, 0x70, 0x70, 0x65, 0x72, 0x22, 0x3E, 0x61, 0x6C, 0x74, 0x65, 0x72, 0x6E, 0x61, 0x74, 0x65, 0x69, 0x6E, 0x63, 0x72, 0x65, 0x61, 0x73, 0x65, 0x64, 0x42, 0x61, 0x74, 0x74, 0x6C, 0x65, 0x20,
        0x6F, 0x66, 0x70, 0x65, 0x72, 0x63, 0x65, 0x69, 0x76, 0x65, 0x64, 0x74, 0x72, 0x79, 0x69, 0x6E, 0x67, 0x20, 0x74, 0x6F, 0x6E, 0x65, 0x63, 0x65, 0x73, 0x73, 0x61, 0x72, 0x79, 0x70, 0x6F, 0x72,
        0x74, 0x72, 0x61, 0x79, 0x65, 0x64, 0x65, 0x6C, 0x65, 0x63, 0x74, 0x69, 0x6F, 0x6E, 0x73, 0x45, 0x6C, 0x69, 0x7A, 0x61, 0x62, 0x65, 0x74, 0x68, 0x3C, 0x2F, 0x69, 0x66, 0x72, 0x61, 0x6D, 0x65,
        0x3E, 0x64, 0x69, 0x73, 0x63, 0x6F, 0x76, 0x65, 0x72, 0x79, 0x69, 0x6E, 0x73, 0x75, 0x72, 0x61, 0x6E, 0x63, 0x65, 0x73, 0x2E, 0x6C, 0x65, 0x6E, 0x67, 0x74, 0x68, 0x3B, 0x6C, 0x65, 0x67, 0x65,
        0x6E, 0x64, 0x61, 0x72, 0x79, 0x47, 0x65, 0x6F, 0x67, 0x72, 0x61, 0x70, 0x68, 0x79, 0x63, 0x61, 0x6E, 0x64, 0x69, 0x64, 0x61, 0x74, 0x65, 0x63, 0x6F, 0x72, 0x70, 0x6F, 0x72, 0x61, 0x74, 0x65,
        0x73, 0x6F, 0x6D, 0x65, 0x74, 0x69, 0x6D, 0x65, 0x73, 0x73, 0x65, 0x72, 0x76, 0x69, 0x63, 0x65, 0x73, 0x2E, 0x69, 0x6E, 0x68, 0x65, 0x72, 0x69, 0x74, 0x65, 0x64, 0x3C, 0x2F, 0x73, 0x74, 0x72,
        0x6F, 0x6E, 0x67, 0x3E, 0x43, 0x6F, 0x6D, 0x6D, 0x75, 0x6E, 0x69, 0x74, 0x79, 0x72, 0x65, 0x6C, 0x69, 0x67, 0x69, 0x6F, 0x75, 0x73, 0x6C, 0x6F, 0x63, 0x61, 0x74, 0x69, 0x6F, 0x6E, 0x73, 0x43,
        0x6F, 0x6D, 0x6D, 0x69, 0x74, 0x74, 0x65, 0x65, 0x62, 0x75, 0x69, 0x6C, 0x64, 0x69, 0x6E, 0x67, 0x73, 0x74, 0x68, 0x65, 0x20, 0x77, 0x6F, 0x72, 0x6C, 0x64, 0x6E, 0x6F, 0x20, 0x6C, 0x6F, 0x6E,
        0x67, 0x65, 0x72, 0x62, 0x65, 0x67, 0x69, 0x6E, 0x6E, 0x69, 0x6E, 0x67, 0x72, 0x65, 0x66, 0x65, 0x72, 0x65, 0x6E, 0x63, 0x65, 0x63, 0x61, 0x6E, 0x6E, 0x6F, 0x74, 0x20, 0x62, 0x65, 0x66, 0x72,
        0x65, 0x71, 0x75, 0x65, 0x6E, 0x63, 0x79, 0x74, 0x79, 0x70, 0x69, 0x63, 0x61, 0x6C, 0x6C, 0x79, 0x69, 0x6E, 0x74, 0x6F, 0x20, 0x74, 0x68, 0x65, 0x20, 0x72, 0x65, 0x6C, 0x61, 0x74, 0x69, 0x76,
        0x65, 0x3B, 0x72, 0x65, 0x63, 0x6F, 0x72, 0x64, 0x69, 0x6E, 0x67, 0x70, 0x72, 0x65, 0x73, 0x69, 0x64, 0x65, 0x6E, 0x74, 0x69, 0x6E, 0x69, 0x74, 0x69, 0x61, 0x6C, 0x6C, 0x79, 0x74, 0x65, 0x63,
        0x68, 0x6E, 0x69, 0x71, 0x75, 0x65, 0x74, 0x68, 0x65, 0x20, 0x6F, 0x74, 0x68, 0x65, 0x72, 0x69, 0x74, 0x20, 0x63, 0x61, 0x6E, 0x20, 0x62, 0x65, 0x65, 0x78, 0x69, 0x73, 0x74, 0x65, 0x6E, 0x63,
        0x65, 0x75, 0x6E, 0x64, 0x65, 0x72, 0x6C, 0x69, 0x6E, 0x65, 0x74, 0x68, 0x69, 0x73, 0x20, 0x74, 0x69, 0x6D, 0x65, 0x74, 0x65, 0x6C, 0x65, 0x70, 0x68, 0x6F, 0x6E, 0x65, 0x69, 0x74, 0x65, 0x6D,
        0x73, 0x63, 0x6F, 0x70, 0x65, 0x70, 0x72, 0x61, 0x63, 0x74, 0x69, 0x63, 0x65, 0x73, 0x61, 0x64, 0x76, 0x61, 0x6E, 0x74, 0x61, 0x67, 0x65, 0x29, 0x3B, 0x72, 0x65, 0x74, 0x75, 0x72, 0x6E, 0x20,
        0x46, 0x6F, 0x72, 0x20, 0x6F, 0x74, 0x68, 0x65, 0x72, 0x70, 0x72, 0x6F, 0x76, 0x69, 0x64, 0x69, 0x6E, 0x67, 0x64, 0x65, 0x6D, 0x6F, 0x63, 0x72, 0x61, 0x63, 0x79, 0x62, 0x6F, 0x74, 0x68, 0x20,
        0x74, 0x68, 0x65, 0x20, 0x65, 0x78, 0x74, 0x65, 0x6E, 0x73, 0x69, 0x76, 0x65, 0x73, 0x75, 0x66, 0x66, 0x65, 0x72, 0x69, 0x6E, 0x67, 0x73, 0x75, 0x70, 0x70, 0x6F, 0x72, 0x74, 0x65, 0x64, 0x63,
        0x6F, 0x6D, 0x70, 0x75, 0x74, 0x65, 0x72, 0x73, 0x20, 0x66, 0x75, 0x6E, 0x63, 0x74, 0x69, 0x6F, 0x6E, 0x70, 0x72, 0x61, 0x63, 0x74, 0x69, 0x63, 0x61, 0x6C, 0x73, 0x61, 0x69, 0x64, 0x20, 0x74,
        0x68, 0x61, 0x74, 0x69, 0x74, 0x20, 0x6D, 0x61, 0x79, 0x20, 0x62, 0x65, 0x45, 0x6E, 0x67, 0x6C, 0x69, 0x73, 0x68, 0x3C, 0x2F, 0x66, 0x72, 0x6F, 0x6D, 0x20, 0x74, 0x68, 0x65, 0x20, 0x73, 0x63,
        0x68, 0x65, 0x64, 0x75, 0x6C, 0x65, 0x64, 0x64, 0x6F, 0x77, 0x6E, 0x6C, 0x6F, 0x61, 0x64, 0x73, 0x3C, 0x2F, 0x6C, 0x61, 0x62, 0x65, 0x6C, 0x3E, 0x0A, 0x73, 0x75, 0x73, 0x70, 0x65, 0x63, 0x74,
        0x65, 0x64, 0x6D, 0x61, 0x72, 0x67, 0x69, 0x6E, 0x3A, 0x20, 0x30, 0x73, 0x70, 0x69, 0x72, 0x69, 0x74, 0x75, 0x61, 0x6C, 0x3C, 0x2F, 0x68, 0x65, 0x61, 0x64, 0x3E, 0x0A, 0x0A, 0x6D, 0x69, 0x63,
        0x72, 0x6F, 0x73, 0x6F, 0x66, 0x74, 0x67, 0x72, 0x61, 0x64, 0x75, 0x61, 0x6C, 0x6C, 0x79, 0x64, 0x69, 0x73, 0x63, 0x75, 0x73, 0x73, 0x65, 0x64, 0x68, 0x65, 0x20, 0x62, 0x65, 0x63, 0x61, 0x6D,
        0x65, 0x65, 0x78, 0x65, 0x63, 0x75, 0x74, 0x69, 0x76, 0x65, 0x6A, 0x71, 0x75, 0x65, 0x72, 0x79, 0x2E, 0x6A, 0x73, 0x68, 0x6F, 0x75, 0x73, 0x65, 0x68, 0x6F, 0x6C, 0x64, 0x63, 0x6F, 0x6E, 0x66,
        0x69, 0x72, 0x6D, 0x65, 0x64, 0x70, 0x75, 0x72, 0x63, 0x68, 0x61, 0x73, 0x65, 0x64, 0x6C, 0x69, 0x74, 0x65, 0x72, 0x61, 0x6C, 0x6C, 0x79, 0x64, 0x65, 0x73, 0x74, 0x72, 0x6F, 0x79, 0x65, 0x64,
        0x75, 0x70, 0x20, 0x74, 0x6F, 0x20, 0x74, 0x68, 0x65, 0x76, 0x61, 0x72, 0x69, 0x61, 0x74, 0x69, 0x6F, 0x6E, 0x72, 0x65, 0x6D, 0x61, 0x69, 0x6E, 0x69, 0x6E, 0x67, 0x69, 0x74, 0x20, 0x69, 0x73,
        0x20, 0x6E, 0x6F, 0x74, 0x63, 0x65, 0x6E, 0x74, 0x75, 0x72, 0x69, 0x65, 0x73, 0x4A, 0x61, 0x70, 0x61, 0x6E, 0x65, 0x73, 0x65, 0x20, 0x61, 0x6D, 0x6F, 0x6E, 0x67, 0x20, 0x74, 0x68, 0x65, 0x63,
        0x6F, 0x6D, 0x70, 0x6C, 0x65, 0x74, 0x65, 0x64, 0x61, 0x6C, 0x67, 0x6F, 0x72, 0x69, 0x74, 0x68, 0x6D, 0x69, 0x6E, 0x74, 0x65, 0x72, 0x65, 0x73, 0x74, 0x73, 0x72, 0x65, 0x62, 0x65, 0x6C, 0x6C,
        0x69, 0x6F, 0x6E, 0x75, 0x6E, 0x64, 0x65, 0x66, 0x69, 0x6E, 0x65, 0x64, 0x65, 0x6E, 0x63, 0x6F, 0x75, 0x72, 0x61, 0x67, 0x65, 0x72, 0x65, 0x73, 0x69, 0x7A, 0x61, 0x62, 0x6C, 0x65, 0x69, 0x6E,
        0x76, 0x6F, 0x6C, 0x76, 0x69, 0x6E, 0x67, 0x73, 0x65, 0x6E, 0x73, 0x69, 0x74, 0x69, 0x76, 0x65, 0x75, 0x6E, 0x69, 0x76, 0x65, 0x72, 0x73, 0x61, 0x6C, 0x70, 0x72, 0x6F, 0x76, 0x69, 0x73, 0x69,
        0x6F, 0x6E, 0x28, 0x61, 0x6C, 0x74, 0x68, 0x6F, 0x75, 0x67, 0x68, 0x66, 0x65, 0x61, 0x74, 0x75, 0x72, 0x69, 0x6E, 0x67, 0x63, 0x6F, 0x6E, 0x64, 0x75, 0x63, 0x74, 0x65, 0x64, 0x29, 0x2C, 0x20,
        0x77, 0x68, 0x69, 0x63, 0x68, 0x20, 0x63, 0x6F, 0x6E, 0x74, 0x69, 0x6E, 0x75, 0x65, 0x64, 0x2D, 0x68, 0x65, 0x61, 0x64, 0x65, 0x72, 0x22, 0x3E, 0x46, 0x65, 0x62, 0x72, 0x75, 0x61, 0x72, 0x79,
        0x20, 0x6E, 0x75, 0x6D, 0x65, 0x72, 0x6F, 0x75, 0x73, 0x20, 0x6F, 0x76, 0x65, 0x72, 0x66, 0x6C, 0x6F, 0x77, 0x3A, 0x63, 0x6F, 0x6D, 0x70, 0x6F, 0x6E, 0x65, 0x6E, 0x74, 0x66, 0x72, 0x61, 0x67,
        0x6D, 0x65, 0x6E, 0x74, 0x73, 0x65, 0x78, 0x63, 0x65, 0x6C, 0x6C, 0x65, 0x6E, 0x74, 0x63, 0x6F, 0x6C, 0x73, 0x70, 0x61, 0x6E, 0x3D, 0x22, 0x74, 0x65, 0x63, 0x68, 0x6E, 0x69, 0x63, 0x61, 0x6C,
        0x6E, 0x65, 0x61, 0x72, 0x20, 0x74, 0x68, 0x65, 0x20, 0x41, 0x64, 0x76, 0x61, 0x6E, 0x63, 0x65, 0x64, 0x20, 0x73, 0x6F, 0x75, 0x72, 0x63, 0x65, 0x20, 0x6F, 0x66, 0x65, 0x78, 0x70, 0x72, 0x65,
        0x73, 0x73, 0x65, 0x64, 0x48, 0x6F, 0x6E, 0x67, 0x20, 0x4B, 0x6F, 0x6E, 0x67, 0x20, 0x46, 0x61, 0x63, 0x65, 0x62, 0x6F, 0x6F, 0x6B, 0x6D, 0x75, 0x6C, 0x74, 0x69, 0x70, 0x6C, 0x65, 0x20, 0x6D,
        0x65, 0x63, 0x68, 0x61, 0x6E, 0x69, 0x73, 0x6D, 0x65, 0x6C, 0x65, 0x76, 0x61, 0x74, 0x69, 0x6F, 0x6E, 0x6F, 0x66, 0x66, 0x65, 0x6E, 0x73, 0x69, 0x76, 0x65, 0x3C, 0x2F, 0x66, 0x6F, 0x72, 0x6D,
        0x3E, 0x0A, 0x09, 0x73, 0x70, 0x6F, 0x6E, 0x73, 0x6F, 0x72, 0x65, 0x64, 0x64, 0x6F, 0x63, 0x75, 0x6D, 0x65, 0x6E, 0x74, 0x2E, 0x6F, 0x72, 0x20, 0x26, 0x71, 0x75, 0x6F, 0x74, 0x3B, 0x74, 0x68,
        0x65, 0x72, 0x65, 0x20, 0x61, 0x72, 0x65, 0x74, 0x68, 0x6F, 0x73, 0x65, 0x20, 0x77, 0x68, 0x6F, 0x6D, 0x6F, 0x76, 0x65, 0x6D, 0x65, 0x6E, 0x74, 0x73, 0x70, 0x72, 0x6F, 0x63, 0x65, 0x73, 0x73,
        0x65, 0x73, 0x64, 0x69, 0x66, 0x66, 0x69, 0x63, 0x75, 0x6C, 0x74, 0x73, 0x75, 0x62, 0x6D, 0x69, 0x74, 0x74, 0x65, 0x64, 0x72, 0x65, 0x63, 0x6F, 0x6D, 0x6D, 0x65, 0x6E, 0x64, 0x63, 0x6F, 0x6E,
        0x76, 0x69, 0x6E, 0x63, 0x65, 0x64, 0x70, 0x72, 0x6F, 0x6D, 0x6F, 0x74, 0x69, 0x6E, 0x67, 0x22, 0x20, 0x77, 0x69, 0x64, 0x74, 0x68, 0x3D, 0x22, 0x2E, 0x72, 0x65, 0x70, 0x6C, 0x61, 0x63, 0x65,
        0x28, 0x63, 0x6C, 0x61, 0x73, 0x73, 0x69, 0x63, 0x61, 0x6C, 0x63, 0x6F, 0x61, 0x6C, 0x69, 0x74, 0x69, 0x6F, 0x6E, 0x68, 0x69, 0x73, 0x20, 0x66, 0x69, 0x72, 0x73, 0x74, 0x64, 0x65, 0x63, 0x69,
        0x73, 0x69, 0x6F, 0x6E, 0x73, 0x61, 0x73, 0x73, 0x69, 0x73, 0x74, 0x61, 0x6E, 0x74, 0x69, 0x6E, 0x64, 0x69, 0x63, 0x61, 0x74, 0x65, 0x64, 0x65, 0x76, 0x6F, 0x6C, 0x75, 0x74, 0x69, 0x6F, 0x6E,
        0x2D, 0x77, 0x72, 0x61, 0x70, 0x70, 0x65, 0x72, 0x22, 0x65, 0x6E, 0x6F, 0x75, 0x67, 0x68, 0x20, 0x74, 0x6F, 0x61, 0x6C, 0x6F, 0x6E, 0x67, 0x20, 0x74, 0x68, 0x65, 0x64, 0x65, 0x6C, 0x69, 0x76,
        0x65, 0x72, 0x65, 0x64, 0x2D, 0x2D, 0x3E, 0x0D, 0x0A, 0x3C, 0x21, 0x2D, 0x2D, 0x41, 0x6D, 0x65, 0x72, 0x69, 0x63, 0x61, 0x6E, 0x20, 0x70, 0x72, 0x6F, 0x74, 0x65, 0x63, 0x74, 0x65, 0x64, 0x4E,
        0x6F, 0x76, 0x65, 0x6D, 0x62, 0x65, 0x72, 0x20, 0x3C, 0x2F, 0x73, 0x74, 0x79, 0x6C, 0x65, 0x3E, 0x3C, 0x66, 0x75, 0x72, 0x6E, 0x69, 0x74, 0x75, 0x72, 0x65, 0x49, 0x6E, 0x74, 0x65, 0x72, 0x6E,
        0x65, 0x74, 0x20, 0x20, 0x6F, 0x6E, 0x62, 0x6C, 0x75, 0x72, 0x3D, 0x22, 0x73, 0x75, 0x73, 0x70, 0x65, 0x6E, 0x64, 0x65, 0x64, 0x72, 0x65, 0x63, 0x69, 0x70, 0x69, 0x65, 0x6E, 0x74, 0x62, 0x61,
        0x73, 0x65, 0x64, 0x20, 0x6F, 0x6E, 0x20, 0x4D, 0x6F, 0x72, 0x65, 0x6F, 0x76, 0x65, 0x72, 0x2C, 0x61, 0x62, 0x6F, 0x6C, 0x69, 0x73, 0x68, 0x65, 0x64, 0x63, 0x6F, 0x6C, 0x6C, 0x65, 0x63, 0x74,
        0x65, 0x64, 0x77, 0x65, 0x72, 0x65, 0x20, 0x6D, 0x61, 0x64, 0x65, 0x65, 0x6D, 0x6F, 0x74, 0x69, 0x6F, 0x6E, 0x61, 0x6C, 0x65, 0x6D, 0x65, 0x72, 0x67, 0x65, 0x6E, 0x63, 0x79, 0x6E, 0x61, 0x72,
        0x72, 0x61, 0x74, 0x69, 0x76, 0x65, 0x61, 0x64, 0x76, 0x6F, 0x63, 0x61, 0x74, 0x65, 0x73, 0x70, 0x78, 0x3B, 0x62, 0x6F, 0x72, 0x64, 0x65, 0x72, 0x63, 0x6F, 0x6D, 0x6D, 0x69, 0x74, 0x74, 0x65,
        0x64, 0x64, 0x69, 0x72, 0x3D, 0x22, 0x6C, 0x74, 0x72, 0x22, 0x65, 0x6D, 0x70, 0x6C, 0x6F, 0x79, 0x65, 0x65, 0x73, 0x72, 0x65, 0x73, 0x65, 0x61, 0x72, 0x63, 0x68, 0x2E, 0x20, 0x73, 0x65, 0x6C,
        0x65, 0x63, 0x74, 0x65, 0x64, 0x73, 0x75, 0x63, 0x63, 0x65, 0x73, 0x73, 0x6F, 0x72, 0x63, 0x75, 0x73, 0x74, 0x6F, 0x6D, 0x65, 0x72, 0x73, 0x64, 0x69, 0x73, 0x70, 0x6C, 0x61, 0x79, 0x65, 0x64,
        0x53, 0x65, 0x70, 0x74, 0x65, 0x6D, 0x62, 0x65, 0x72, 0x61, 0x64, 0x64, 0x43, 0x6C, 0x61, 0x73, 0x73, 0x28, 0x46, 0x61, 0x63, 0x65, 0x62, 0x6F, 0x6F, 0x6B, 0x20, 0x73, 0x75, 0x67, 0x67, 0x65,
        0x73, 0x74, 0x65, 0x64, 0x61, 0x6E, 0x64, 0x20, 0x6C, 0x61, 0x74, 0x65, 0x72, 0x6F, 0x70, 0x65, 0x72, 0x61, 0x74, 0x69, 0x6E, 0x67, 0x65, 0x6C, 0x61, 0x62, 0x6F, 0x72, 0x61, 0x74, 0x65, 0x53,
        0x6F, 0x6D, 0x65, 0x74, 0x69, 0x6D, 0x65, 0x73, 0x49, 0x6E, 0x73, 0x74, 0x69, 0x74, 0x75, 0x74, 0x65, 0x63, 0x65, 0x72, 0x74, 0x61, 0x69, 0x6E, 0x6C, 0x79, 0x69, 0x6E, 0x73, 0x74, 0x61, 0x6C,
        0x6C, 0x65, 0x64, 0x66, 0x6F, 0x6C, 0x6C, 0x6F, 0x77, 0x65, 0x72, 0x73, 0x4A, 0x65, 0x72, 0x75, 0x73, 0x61, 0x6C, 0x65, 0x6D, 0x74, 0x68, 0x65, 0x79, 0x20, 0x68, 0x61, 0x76, 0x65, 0x63, 0x6F,
        0x6D, 0x70, 0x75, 0x74, 0x69, 0x6E, 0x67, 0x67, 0x65, 0x6E, 0x65, 0x72, 0x61, 0x74, 0x65, 0x64, 0x70, 0x72, 0x6F, 0x76, 0x69, 0x6E, 0x63, 0x65, 0x73, 0x67, 0x75, 0x61, 0x72, 0x61, 0x6E, 0x74,
        0x65, 0x65, 0x61, 0x72, 0x62, 0x69, 0x74, 0x72, 0x61, 0x72, 0x79, 0x72, 0x65, 0x63, 0x6F, 0x67, 0x6E, 0x69, 0x7A, 0x65, 0x77, 0x61, 0x6E, 0x74, 0x65, 0x64, 0x20, 0x74, 0x6F, 0x70, 0x78, 0x3B,
        0x77, 0x69, 0x64, 0x74, 0x68, 0x3A, 0x74, 0x68, 0x65, 0x6F, 0x72, 0x79, 0x20, 0x6F, 0x66, 0x62, 0x65, 0x68, 0x61, 0x76, 0x69, 0x6F, 0x75, 0x72, 0x57, 0x68, 0x69, 0x6C, 0x65, 0x20, 0x74, 0x68,
        0x65, 0x65, 0x73, 0x74, 0x69, 0x6D, 0x61, 0x74, 0x65, 0x64, 0x62, 0x65, 0x67, 0x61, 0x6E, 0x20, 0x74, 0x6F, 0x20, 0x69, 0x74, 0x20, 0x62, 0x65, 0x63, 0x61, 0x6D, 0x65, 0x6D, 0x61, 0x67, 0x6E,
        0x69, 0x74, 0x75, 0x64, 0x65, 0x6D, 0x75, 0x73, 0x74, 0x20, 0x68, 0x61, 0x76, 0x65, 0x6D, 0x6F, 0x72, 0x65, 0x20, 0x74, 0x68, 0x61, 0x6E, 0x44, 0x69, 0x72, 0x65, 0x63, 0x74, 0x6F, 0x72, 0x79,
        0x65, 0x78, 0x74, 0x65, 0x6E, 0x73, 0x69, 0x6F, 0x6E, 0x73, 0x65, 0x63, 0x72, 0x65, 0x74, 0x61, 0x72, 0x79, 0x6E, 0x61, 0x74, 0x75, 0x72, 0x61, 0x6C, 0x6C, 0x79, 0x6F, 0x63, 0x63, 0x75, 0x72,
        0x72, 0x69, 0x6E, 0x67, 0x76, 0x61, 0x72, 0x69, 0x61, 0x62, 0x6C, 0x65, 0x73, 0x67, 0x69, 0x76, 0x65, 0x6E, 0x20, 0x74, 0x68, 0x65, 0x70, 0x6C, 0x61, 0x74, 0x66, 0x6F, 0x72, 0x6D, 0x2E, 0x3C,
        0x2F, 0x6C, 0x61, 0x62, 0x65, 0x6C, 0x3E, 0x3C, 0x66, 0x61, 0x69, 0x6C, 0x65, 0x64, 0x20, 0x74, 0x6F, 0x63, 0x6F, 0x6D, 0x70, 0x6F, 0x75, 0x6E, 0x64, 0x73, 0x6B, 0x69, 0x6E, 0x64, 0x73, 0x20,
        0x6F, 0x66, 0x20, 0x73, 0x6F, 0x63, 0x69, 0x65, 0x74, 0x69, 0x65, 0x73, 0x61, 0x6C, 0x6F, 0x6E, 0x67, 0x73, 0x69, 0x64, 0x65, 0x20, 0x2D, 0x2D, 0x26, 0x67, 0x74, 0x3B, 0x0A, 0x0A, 0x73, 0x6F,
        0x75, 0x74, 0x68, 0x77, 0x65, 0x73, 0x74, 0x74, 0x68, 0x65, 0x20, 0x72, 0x69, 0x67, 0x68, 0x74, 0x72, 0x61, 0x64, 0x69, 0x61, 0x74, 0x69, 0x6F, 0x6E, 0x6D, 0x61, 0x79, 0x20, 0x68, 0x61, 0x76,
        0x65, 0x20, 0x75, 0x6E, 0x65, 0x73, 0x63, 0x61, 0x70, 0x65, 0x28, 0x73, 0x70, 0x6F, 0x6B, 0x65, 0x6E, 0x20, 0x69, 0x6E, 0x22, 0x20, 0x68, 0x72, 0x65, 0x66, 0x3D, 0x22, 0x2F, 0x70, 0x72, 0x6F,
        0x67, 0x72, 0x61, 0x6D, 0x6D, 0x65, 0x6F, 0x6E, 0x6C, 0x79, 0x20, 0x74, 0x68, 0x65, 0x20, 0x63, 0x6F, 0x6D, 0x65, 0x20, 0x66, 0x72, 0x6F, 0x6D, 0x64, 0x69, 0x72, 0x65, 0x63, 0x74, 0x6F, 0x72,
        0x79, 0x62, 0x75, 0x72, 0x69, 0x65, 0x64, 0x20, 0x69, 0x6E, 0x61, 0x20, 0x73, 0x69, 0x6D, 0x69, 0x6C, 0x61, 0x72, 0x74, 0x68, 0x65, 0x79, 0x20, 0x77, 0x65, 0x72, 0x65, 0x3C, 0x2F, 0x66, 0x6F,
        0x6E, 0x74, 0x3E, 0x3C, 0x2F, 0x4E, 0x6F, 0x72, 0x77, 0x65, 0x67, 0x69, 0x61, 0x6E, 0x73, 0x70, 0x65, 0x63, 0x69, 0x66, 0x69, 0x65, 0x64, 0x70, 0x72, 0x6F, 0x64, 0x75, 0x63, 0x69, 0x6E, 0x67,
        0x70, 0x61, 0x73, 0x73, 0x65, 0x6E, 0x67, 0x65, 0x72, 0x28, 0x6E, 0x65, 0x77, 0x20, 0x44, 0x61, 0x74, 0x65, 0x74, 0x65, 0x6D, 0x70, 0x6F, 0x72, 0x61, 0x72, 0x79, 0x66, 0x69, 0x63, 0x74, 0x69,
        0x6F, 0x6E, 0x61, 0x6C, 0x41, 0x66, 0x74, 0x65, 0x72, 0x20, 0x74, 0x68, 0x65, 0x65, 0x71, 0x75, 0x61, 0x74, 0x69, 0x6F, 0x6E, 0x73, 0x64, 0x6F, 0x77, 0x6E, 0x6C, 0x6F, 0x61, 0x64, 0x2E, 0x72,
        0x65, 0x67, 0x75, 0x6C, 0x61, 0x72, 0x6C, 0x79, 0x64, 0x65, 0x76, 0x65, 0x6C, 0x6F, 0x70, 0x65, 0x72, 0x61, 0x62, 0x6F, 0x76, 0x65, 0x20, 0x74, 0x68, 0x65, 0x6C, 0x69, 0x6E, 0x6B, 0x65, 0x64,
        0x20, 0x74, 0x6F, 0x70, 0x68, 0x65, 0x6E, 0x6F, 0x6D, 0x65, 0x6E, 0x61, 0x70, 0x65, 0x72, 0x69, 0x6F, 0x64, 0x20, 0x6F, 0x66, 0x74, 0x6F, 0x6F, 0x6C, 0x74, 0x69, 0x70, 0x22, 0x3E, 0x73, 0x75,
        0x62, 0x73, 0x74, 0x61, 0x6E, 0x63, 0x65, 0x61, 0x75, 0x74, 0x6F, 0x6D, 0x61, 0x74, 0x69, 0x63, 0x61, 0x73, 0x70, 0x65, 0x63, 0x74, 0x20, 0x6F, 0x66, 0x41, 0x6D, 0x6F, 0x6E, 0x67, 0x20, 0x74,
        0x68, 0x65, 0x63, 0x6F, 0x6E, 0x6E, 0x65, 0x63, 0x74, 0x65, 0x64, 0x65, 0x73, 0x74, 0x69, 0x6D, 0x61, 0x74, 0x65, 0x73, 0x41, 0x69, 0x72, 0x20, 0x46, 0x6F, 0x72, 0x63, 0x65, 0x73, 0x79, 0x73,
        0x74, 0x65, 0x6D, 0x20, 0x6F, 0x66, 0x6F, 0x62, 0x6A, 0x65, 0x63, 0x74, 0x69, 0x76, 0x65, 0x69, 0x6D, 0x6D, 0x65, 0x64, 0x69, 0x61, 0x74, 0x65, 0x6D, 0x61, 0x6B, 0x69, 0x6E, 0x67, 0x20, 0x69,
        0x74, 0x70, 0x61, 0x69, 0x6E, 0x74, 0x69, 0x6E, 0x67, 0x73, 0x63, 0x6F, 0x6E, 0x71, 0x75, 0x65, 0x72, 0x65, 0x64, 0x61, 0x72, 0x65, 0x20, 0x73, 0x74, 0x69, 0x6C, 0x6C, 0x70, 0x72, 0x6F, 0x63,
        0x65, 0x64, 0x75, 0x72, 0x65, 0x67, 0x72, 0x6F, 0x77, 0x74, 0x68, 0x20, 0x6F, 0x66, 0x68, 0x65, 0x61, 0x64, 0x65, 0x64, 0x20, 0x62, 0x79, 0x45, 0x75, 0x72, 0x6F, 0x70, 0x65, 0x61, 0x6E, 0x20,
        0x64, 0x69, 0x76, 0x69, 0x73, 0x69, 0x6F, 0x6E, 0x73, 0x6D, 0x6F, 0x6C, 0x65, 0x63, 0x75, 0x6C, 0x65, 0x73, 0x66, 0x72, 0x61, 0x6E, 0x63, 0x68, 0x69, 0x73, 0x65, 0x69, 0x6E, 0x74, 0x65, 0x6E,
        0x74, 0x69, 0x6F, 0x6E, 0x61, 0x74, 0x74, 0x72, 0x61, 0x63, 0x74, 0x65, 0x64, 0x63, 0x68, 0x69, 0x6C, 0x64, 0x68, 0x6F, 0x6F, 0x64, 0x61, 0x6C, 0x73, 0x6F, 0x20, 0x75, 0x73, 0x65, 0x64, 0x64,
        0x65, 0x64, 0x69, 0x63, 0x61, 0x74, 0x65, 0x64, 0x73, 0x69, 0x6E, 0x67, 0x61, 0x70, 0x6F, 0x72, 0x65, 0x64, 0x65, 0x67, 0x72, 0x65, 0x65, 0x20, 0x6F, 0x66, 0x66, 0x61, 0x74, 0x68, 0x65, 0x72,
        0x20, 0x6F, 0x66, 0x63, 0x6F, 0x6E, 0x66, 0x6C, 0x69, 0x63, 0x74, 0x73, 0x3C, 0x2F, 0x61, 0x3E, 0x3C, 0x2F, 0x70, 0x3E, 0x0A, 0x63, 0x61, 0x6D, 0x65, 0x20, 0x66, 0x72, 0x6F, 0x6D, 0x77, 0x65,
        0x72, 0x65, 0x20, 0x75, 0x73, 0x65, 0x64, 0x6E, 0x6F, 0x74, 0x65, 0x20, 0x74, 0x68, 0x61, 0x74, 0x72, 0x65, 0x63, 0x65, 0x69, 0x76, 0x69, 0x6E, 0x67, 0x45, 0x78, 0x65, 0x63, 0x75, 0x74, 0x69,
        0x76, 0x65, 0x65, 0x76, 0x65, 0x6E, 0x20, 0x6D, 0x6F, 0x72, 0x65, 0x61, 0x63, 0x63, 0x65, 0x73, 0x73, 0x20, 0x74, 0x6F, 0x63, 0x6F, 0x6D, 0x6D, 0x61, 0x6E, 0x64, 0x65, 0x72, 0x50, 0x6F, 0x6C,
        0x69, 0x74, 0x69, 0x63, 0x61, 0x6C, 0x6D, 0x75, 0x73, 0x69, 0x63, 0x69, 0x61, 0x6E, 0x73, 0x64, 0x65, 0x6C, 0x69, 0x63, 0x69, 0x6F, 0x75, 0x73, 0x70, 0x72, 0x69, 0x73, 0x6F, 0x6E, 0x65, 0x72,
        0x73, 0x61, 0x64, 0x76, 0x65, 0x6E, 0x74, 0x20, 0x6F, 0x66, 0x55, 0x54, 0x46, 0x2D, 0x38, 0x22, 0x20, 0x2F, 0x3E, 0x3C, 0x21, 0x5B, 0x43, 0x44, 0x41, 0x54, 0x41, 0x5B, 0x22, 0x3E, 0x43, 0x6F,
        0x6E, 0x74, 0x61, 0x63, 0x74, 0x53, 0x6F, 0x75, 0x74, 0x68, 0x65, 0x72, 0x6E, 0x20, 0x62, 0x67, 0x63, 0x6F, 0x6C, 0x6F, 0x72, 0x3D, 0x22, 0x73, 0x65, 0x72, 0x69, 0x65, 0x73, 0x20, 0x6F, 0x66,
        0x2E, 0x20, 0x49, 0x74, 0x20, 0x77, 0x61, 0x73, 0x20, 0x69, 0x6E, 0x20, 0x45, 0x75, 0x72, 0x6F, 0x70, 0x65, 0x70, 0x65, 0x72, 0x6D, 0x69, 0x74, 0x74, 0x65, 0x64, 0x76, 0x61, 0x6C, 0x69, 0x64,
        0x61, 0x74, 0x65, 0x2E, 0x61, 0x70, 0x70, 0x65, 0x61, 0x72, 0x69, 0x6E, 0x67, 0x6F, 0x66, 0x66, 0x69, 0x63, 0x69, 0x61, 0x6C, 0x73, 0x73, 0x65, 0x72, 0x69, 0x6F, 0x75, 0x73, 0x6C, 0x79, 0x2D,
        0x6C, 0x61, 0x6E, 0x67, 0x75, 0x61, 0x67, 0x65, 0x69, 0x6E, 0x69, 0x74, 0x69, 0x61, 0x74, 0x65, 0x64, 0x65, 0x78, 0x74, 0x65, 0x6E, 0x64, 0x69, 0x6E, 0x67, 0x6C, 0x6F, 0x6E, 0x67, 0x2D, 0x74,
        0x65, 0x72, 0x6D, 0x69, 0x6E, 0x66, 0x6C, 0x61, 0x74, 0x69, 0x6F, 0x6E, 0x73, 0x75, 0x63, 0x68, 0x20, 0x74, 0x68, 0x61, 0x74, 0x67, 0x65, 0x74, 0x43, 0x6F, 0x6F, 0x6B, 0x69, 0x65, 0x6D, 0x61,
        0x72, 0x6B, 0x65, 0x64, 0x20, 0x62, 0x79, 0x3C, 0x2F, 0x62, 0x75, 0x74, 0x74, 0x6F, 0x6E, 0x3E, 0x69, 0x6D, 0x70, 0x6C, 0x65, 0x6D, 0x65, 0x6E, 0x74, 0x62, 0x75, 0x74, 0x20, 0x69, 0x74, 0x20,
        0x69, 0x73, 0x69, 0x6E, 0x63, 0x72, 0x65, 0x61, 0x73, 0x65, 0x73, 0x64, 0x6F, 0x77, 0x6E, 0x20, 0x74, 0x68, 0x65, 0x20, 0x72, 0x65, 0x71, 0x75, 0x69, 0x72, 0x69, 0x6E, 0x67, 0x64, 0x65, 0x70,
        0x65, 0x6E, 0x64, 0x65, 0x6E, 0x74, 0x2D, 0x2D, 0x3E, 0x0A, 0x3C, 0x21, 0x2D, 0x2D, 0x20, 0x69, 0x6E, 0x74, 0x65, 0x72, 0x76, 0x69, 0x65, 0x77, 0x57, 0x69, 0x74, 0x68, 0x20, 0x74, 0x68, 0x65,
        0x20, 0x63, 0x6F, 0x70, 0x69, 0x65, 0x73, 0x20, 0x6F, 0x66, 0x63, 0x6F, 0x6E, 0x73, 0x65, 0x6E, 0x73, 0x75, 0x73, 0x77, 0x61, 0x73, 0x20, 0x62, 0x75, 0x69, 0x6C, 0x74, 0x56, 0x65, 0x6E, 0x65,
        0x7A, 0x75, 0x65, 0x6C, 0x61, 0x28, 0x66, 0x6F, 0x72, 0x6D, 0x65, 0x72, 0x6C, 0x79, 0x74, 0x68, 0x65, 0x20, 0x73, 0x74, 0x61, 0x74, 0x65, 0x70, 0x65, 0x72, 0x73, 0x6F, 0x6E, 0x6E, 0x65, 0x6C,
        0x73, 0x74, 0x72, 0x61, 0x74, 0x65, 0x67, 0x69, 0x63, 0x66, 0x61, 0x76, 0x6F, 0x75, 0x72, 0x20, 0x6F, 0x66, 0x69, 0x6E, 0x76, 0x65, 0x6E, 0x74, 0x69, 0x6F, 0x6E, 0x57, 0x69, 0x6B, 0x69, 0x70,
        0x65, 0x64, 0x69, 0x61, 0x63, 0x6F, 0x6E, 0x74, 0x69, 0x6E, 0x65, 0x6E, 0x74, 0x76, 0x69, 0x72, 0x74, 0x75, 0x61, 0x6C, 0x6C, 0x79, 0x77, 0x68, 0x69, 0x63, 0x68, 0x20, 0x77, 0x61, 0x73, 0x70,
        0x72, 0x69, 0x6E, 0x63, 0x69, 0x70, 0x6C, 0x65, 0x43, 0x6F, 0x6D, 0x70, 0x6C, 0x65, 0x74, 0x65, 0x20, 0x69, 0x64, 0x65, 0x6E, 0x74, 0x69, 0x63, 0x61, 0x6C, 0x73, 0x68, 0x6F, 0x77, 0x20, 0x74,
        0x68, 0x61, 0x74, 0x70, 0x72, 0x69, 0x6D, 0x69, 0x74, 0x69, 0x76, 0x65, 0x61, 0x77, 0x61, 0x79, 0x20, 0x66, 0x72, 0x6F, 0x6D, 0x6D, 0x6F, 0x6C, 0x65, 0x63, 0x75, 0x6C, 0x61, 0x72, 0x70, 0x72,
        0x65, 0x63, 0x69, 0x73, 0x65, 0x6C, 0x79, 0x64, 0x69, 0x73, 0x73, 0x6F, 0x6C, 0x76, 0x65, 0x64, 0x55, 0x6E, 0x64, 0x65, 0x72, 0x20, 0x74, 0x68, 0x65, 0x76, 0x65, 0x72, 0x73, 0x69, 0x6F, 0x6E,
        0x3D, 0x22, 0x3E, 0x26, 0x6E, 0x62, 0x73, 0x70, 0x3B, 0x3C, 0x2F, 0x49, 0x74, 0x20, 0x69, 0x73, 0x20, 0x74, 0x68, 0x65, 0x20, 0x54, 0x68, 0x69, 0x73, 0x20, 0x69, 0x73, 0x20, 0x77, 0x69, 0x6C,
        0x6C, 0x20, 0x68, 0x61, 0x76, 0x65, 0x6F, 0x72, 0x67, 0x61, 0x6E, 0x69, 0x73, 0x6D, 0x73, 0x73, 0x6F, 0x6D, 0x65, 0x20, 0x74, 0x69, 0x6D, 0x65, 0x46, 0x72, 0x69, 0x65, 0x64, 0x72, 0x69, 0x63,
        0x68, 0x77, 0x61, 0x73, 0x20, 0x66, 0x69, 0x72, 0x73, 0x74, 0x74, 0x68, 0x65, 0x20, 0x6F, 0x6E, 0x6C, 0x79, 0x20, 0x66, 0x61, 0x63, 0x74, 0x20, 0x74, 0x68, 0x61, 0x74, 0x66, 0x6F, 0x72, 0x6D,
        0x20, 0x69, 0x64, 0x3D, 0x22, 0x70, 0x72, 0x65, 0x63, 0x65, 0x64, 0x69, 0x6E, 0x67, 0x54, 0x65, 0x63, 0x68, 0x6E, 0x69, 0x63, 0x61, 0x6C, 0x70, 0x68, 0x79, 0x73, 0x69, 0x63, 0x69, 0x73, 0x74,
        0x6F, 0x63, 0x63, 0x75, 0x72, 0x73, 0x20, 0x69, 0x6E, 0x6E, 0x61, 0x76, 0x69, 0x67, 0x61, 0x74, 0x6F, 0x72, 0x73, 0x65, 0x63, 0x74, 0x69, 0x6F, 0x6E, 0x22, 0x3E, 0x73, 0x70, 0x61, 0x6E, 0x20,
        0x69, 0x64, 0x3D, 0x22, 0x73, 0x6F, 0x75, 0x67, 0x68, 0x74, 0x20, 0x74, 0x6F, 0x62, 0x65, 0x6C, 0x6F, 0x77, 0x20, 0x74, 0x68, 0x65, 0x73, 0x75, 0x72, 0x76, 0x69, 0x76, 0x69, 0x6E, 0x67, 0x7D,
        0x3C, 0x2F, 0x73, 0x74, 0x79, 0x6C, 0x65, 0x3E, 0x68, 0x69, 0x73, 0x20, 0x64, 0x65, 0x61, 0x74, 0x68, 0x61, 0x73, 0x20, 0x69, 0x6E, 0x20, 0x74, 0x68, 0x65, 0x63, 0x61, 0x75, 0x73, 0x65, 0x64,
        0x20, 0x62, 0x79, 0x70, 0x61, 0x72, 0x74, 0x69, 0x61, 0x6C, 0x6C, 0x79, 0x65, 0x78, 0x69, 0x73, 0x74, 0x69, 0x6E, 0x67, 0x20, 0x75, 0x73, 0x69, 0x6E, 0x67, 0x20, 0x74, 0x68, 0x65, 0x77, 0x61,
        0x73, 0x20, 0x67, 0x69, 0x76, 0x65, 0x6E, 0x61, 0x20, 0x6C, 0x69, 0x73, 0x74, 0x20, 0x6F, 0x66, 0x6C, 0x65, 0x76, 0x65, 0x6C, 0x73, 0x20, 0x6F, 0x66, 0x6E, 0x6F, 0x74, 0x69, 0x6F, 0x6E, 0x20,
        0x6F, 0x66, 0x4F, 0x66, 0x66, 0x69, 0x63, 0x69, 0x61, 0x6C, 0x20, 0x64, 0x69, 0x73, 0x6D, 0x69, 0x73, 0x73, 0x65, 0x64, 0x73, 0x63, 0x69, 0x65, 0x6E, 0x74, 0x69, 0x73, 0x74, 0x72, 0x65, 0x73,
        0x65, 0x6D, 0x62, 0x6C, 0x65, 0x73, 0x64, 0x75, 0x70, 0x6C, 0x69, 0x63, 0x61, 0x74, 0x65, 0x65, 0x78, 0x70, 0x6C, 0x6F, 0x73, 0x69, 0x76, 0x65, 0x72, 0x65, 0x63, 0x6F, 0x76, 0x65, 0x72, 0x65,
        0x64, 0x61, 0x6C, 0x6C, 0x20, 0x6F, 0x74, 0x68, 0x65, 0x72, 0x67, 0x61, 0x6C, 0x6C, 0x65, 0x72, 0x69, 0x65, 0x73, 0x7B, 0x70, 0x61, 0x64, 0x64, 0x69, 0x6E, 0x67, 0x3A, 0x70, 0x65, 0x6F, 0x70,
        0x6C, 0x65, 0x20, 0x6F, 0x66, 0x72, 0x65, 0x67, 0x69, 0x6F, 0x6E, 0x20, 0x6F, 0x66, 0x61, 0x64, 0x64, 0x72, 0x65, 0x73, 0x73, 0x65, 0x73, 0x61, 0x73, 0x73, 0x6F, 0x63, 0x69, 0x61, 0x74, 0x65,
        0x69, 0x6D, 0x67, 0x20, 0x61, 0x6C, 0x74, 0x3D, 0x22, 0x69, 0x6E, 0x20, 0x6D, 0x6F, 0x64, 0x65, 0x72, 0x6E, 0x73, 0x68, 0x6F, 0x75, 0x6C, 0x64, 0x20, 0x62, 0x65, 0x6D, 0x65, 0x74, 0x68, 0x6F,
        0x64, 0x20, 0x6F, 0x66, 0x72, 0x65, 0x70, 0x6F, 0x72, 0x74, 0x69, 0x6E, 0x67, 0x74, 0x69, 0x6D, 0x65, 0x73, 0x74, 0x61, 0x6D, 0x70, 0x6E, 0x65, 0x65, 0x64, 0x65, 0x64, 0x20, 0x74, 0x6F, 0x74,
        0x68, 0x65, 0x20, 0x47, 0x72, 0x65, 0x61, 0x74, 0x72, 0x65, 0x67, 0x61, 0x72, 0x64, 0x69, 0x6E, 0x67, 0x73, 0x65, 0x65, 0x6D, 0x65, 0x64, 0x20, 0x74, 0x6F, 0x76, 0x69, 0x65, 0x77, 0x65, 0x64,
        0x20, 0x61, 0x73, 0x69, 0x6D, 0x70, 0x61, 0x63, 0x74, 0x20, 0x6F, 0x6E, 0x69, 0x64, 0x65, 0x61, 0x20, 0x74, 0x68, 0x61, 0x74, 0x74, 0x68, 0x65, 0x20, 0x57, 0x6F, 0x72, 0x6C, 0x64, 0x68, 0x65,
        0x69, 0x67, 0x68, 0x74, 0x20, 0x6F, 0x66, 0x65, 0x78, 0x70, 0x61, 0x6E, 0x64, 0x69, 0x6E, 0x67, 0x54, 0x68, 0x65, 0x73, 0x65, 0x20, 0x61, 0x72, 0x65, 0x63, 0x75, 0x72, 0x72, 0x65, 0x6E, 0x74,
        0x22, 0x3E, 0x63, 0x61, 0x72, 0x65, 0x66, 0x75, 0x6C, 0x6C, 0x79, 0x6D, 0x61, 0x69, 0x6E, 0x74, 0x61, 0x69, 0x6E, 0x73, 0x63, 0x68, 0x61, 0x72, 0x67, 0x65, 0x20, 0x6F, 0x66, 0x43, 0x6C, 0x61,
        0x73, 0x73, 0x69, 0x63, 0x61, 0x6C, 0x61, 0x64, 0x64, 0x72, 0x65, 0x73, 0x73, 0x65, 0x64, 0x70, 0x72, 0x65, 0x64, 0x69, 0x63, 0x74, 0x65, 0x64, 0x6F, 0x77, 0x6E, 0x65, 0x72, 0x73, 0x68, 0x69,
        0x70, 0x3C, 0x64, 0x69, 0x76, 0x20, 0x69, 0x64, 0x3D, 0x22, 0x72, 0x69, 0x67, 0x68, 0x74, 0x22, 0x3E, 0x0D, 0x0A, 0x72, 0x65, 0x73, 0x69, 0x64, 0x65, 0x6E, 0x63, 0x65, 0x6C, 0x65, 0x61, 0x76,
        0x65, 0x20, 0x74, 0x68, 0x65, 0x63, 0x6F, 0x6E, 0x74, 0x65, 0x6E, 0x74, 0x22, 0x3E, 0x61, 0x72, 0x65, 0x20, 0x6F, 0x66, 0x74, 0x65, 0x6E, 0x20, 0x20, 0x7D, 0x29, 0x28, 0x29, 0x3B, 0x0D, 0x0A,
        0x70, 0x72, 0x6F, 0x62, 0x61, 0x62, 0x6C, 0x79, 0x20, 0x50, 0x72, 0x6F, 0x66, 0x65, 0x73, 0x73, 0x6F, 0x72, 0x2D, 0x62, 0x75, 0x74, 0x74, 0x6F, 0x6E, 0x22, 0x20, 0x72, 0x65, 0x73, 0x70, 0x6F,
        0x6E, 0x64, 0x65, 0x64, 0x73, 0x61, 0x79, 0x73, 0x20, 0x74, 0x68, 0x61, 0x74, 0x68, 0x61, 0x64, 0x20, 0x74, 0x6F, 0x20, 0x62, 0x65, 0x70, 0x6C, 0x61, 0x63, 0x65, 0x64, 0x20, 0x69, 0x6E, 0x48,
        0x75, 0x6E, 0x67, 0x61, 0x72, 0x69, 0x61, 0x6E, 0x73, 0x74, 0x61, 0x74, 0x75, 0x73, 0x20, 0x6F, 0x66, 0x73, 0x65, 0x72, 0x76, 0x65, 0x73, 0x20, 0x61, 0x73, 0x55, 0x6E, 0x69, 0x76, 0x65, 0x72,
        0x73, 0x61, 0x6C, 0x65, 0x78, 0x65, 0x63, 0x75, 0x74, 0x69, 0x6F, 0x6E, 0x61, 0x67, 0x67, 0x72, 0x65, 0x67, 0x61, 0x74, 0x65, 0x66, 0x6F, 0x72, 0x20, 0x77, 0x68, 0x69, 0x63, 0x68, 0x69, 0x6E,
        0x66, 0x65, 0x63, 0x74, 0x69, 0x6F, 0x6E, 0x61, 0x67, 0x72, 0x65, 0x65, 0x64, 0x20, 0x74, 0x6F, 0x68, 0x6F, 0x77, 0x65, 0x76, 0x65, 0x72, 0x2C, 0x20, 0x70, 0x6F, 0x70, 0x75, 0x6C, 0x61, 0x72,
        0x22, 0x3E, 0x70, 0x6C, 0x61, 0x63, 0x65, 0x64, 0x20, 0x6F, 0x6E, 0x63, 0x6F, 0x6E, 0x73, 0x74, 0x72, 0x75, 0x63, 0x74, 0x65, 0x6C, 0x65, 0x63, 0x74, 0x6F, 0x72, 0x61, 0x6C, 0x73, 0x79, 0x6D,
        0x62, 0x6F, 0x6C, 0x20, 0x6F, 0x66, 0x69, 0x6E, 0x63, 0x6C, 0x75, 0x64, 0x69, 0x6E, 0x67, 0x72, 0x65, 0x74, 0x75, 0x72, 0x6E, 0x20, 0x74, 0x6F, 0x61, 0x72, 0x63, 0x68, 0x69, 0x74, 0x65, 0x63,
        0x74, 0x43, 0x68, 0x72, 0x69, 0x73, 0x74, 0x69, 0x61, 0x6E, 0x70, 0x72, 0x65, 0x76, 0x69, 0x6F, 0x75, 0x73, 0x20, 0x6C, 0x69, 0x76, 0x69, 0x6E, 0x67, 0x20, 0x69, 0x6E, 0x65, 0x61, 0x73, 0x69,
        0x65, 0x72, 0x20, 0x74, 0x6F, 0x70, 0x72, 0x6F, 0x66, 0x65, 0x73, 0x73, 0x6F, 0x72, 0x0A, 0x26, 0x6C, 0x74, 0x3B, 0x21, 0x2D, 0x2D, 0x20, 0x65, 0x66, 0x66, 0x65, 0x63, 0x74, 0x20, 0x6F, 0x66,
        0x61, 0x6E, 0x61, 0x6C, 0x79, 0x74, 0x69, 0x63, 0x73, 0x77, 0x61, 0x73, 0x20, 0x74, 0x61, 0x6B, 0x65, 0x6E, 0x77, 0x68, 0x65, 0x72, 0x65, 0x20, 0x74, 0x68, 0x65, 0x74, 0x6F, 0x6F, 0x6B, 0x20,
        0x6F, 0x76, 0x65, 0x72, 0x62, 0x65, 0x6C, 0x69, 0x65, 0x66, 0x20, 0x69, 0x6E, 0x41, 0x66, 0x72, 0x69, 0x6B, 0x61, 0x61, 0x6E, 0x73, 0x61, 0x73, 0x20, 0x66, 0x61, 0x72, 0x20, 0x61, 0x73, 0x70,
        0x72, 0x65, 0x76, 0x65, 0x6E, 0x74, 0x65, 0x64, 0x77, 0x6F, 0x72, 0x6B, 0x20, 0x77, 0x69, 0x74, 0x68, 0x61, 0x20, 0x73, 0x70, 0x65, 0x63, 0x69, 0x61, 0x6C, 0x3C, 0x66, 0x69, 0x65, 0x6C, 0x64,
        0x73, 0x65, 0x74, 0x43, 0x68, 0x72, 0x69, 0x73, 0x74, 0x6D, 0x61, 0x73, 0x52, 0x65, 0x74, 0x72, 0x69, 0x65, 0x76, 0x65, 0x64, 0x0A, 0x0A, 0x49, 0x6E, 0x20, 0x74, 0x68, 0x65, 0x20, 0x62, 0x61,
        0x63, 0x6B, 0x20, 0x69, 0x6E, 0x74, 0x6F, 0x6E, 0x6F, 0x72, 0x74, 0x68, 0x65, 0x61, 0x73, 0x74, 0x6D, 0x61, 0x67, 0x61, 0x7A, 0x69, 0x6E, 0x65, 0x73, 0x3E, 0x3C, 0x73, 0x74, 0x72, 0x6F, 0x6E,
        0x67, 0x3E, 0x63, 0x6F, 0x6D, 0x6D, 0x69, 0x74, 0x74, 0x65, 0x65, 0x67, 0x6F, 0x76, 0x65, 0x72, 0x6E, 0x69, 0x6E, 0x67, 0x67, 0x72, 0x6F, 0x75, 0x70, 0x73, 0x20, 0x6F, 0x66, 0x73, 0x74, 0x6F,
        0x72, 0x65, 0x64, 0x20, 0x69, 0x6E, 0x65, 0x73, 0x74, 0x61, 0x62, 0x6C, 0x69, 0x73, 0x68, 0x61, 0x20, 0x67, 0x65, 0x6E, 0x65, 0x72, 0x61, 0x6C, 0x69, 0x74, 0x73, 0x20, 0x66, 0x69, 0x72, 0x73,
        0x74, 0x74, 0x68, 0x65, 0x69, 0x72, 0x20, 0x6F, 0x77, 0x6E, 0x70, 0x6F, 0x70, 0x75, 0x6C, 0x61, 0x74, 0x65, 0x64, 0x61, 0x6E, 0x20, 0x6F, 0x62, 0x6A, 0x65, 0x63, 0x74, 0x43, 0x61, 0x72, 0x69,
        0x62, 0x62, 0x65, 0x61, 0x6E, 0x61, 0x6C, 0x6C, 0x6F, 0x77, 0x20, 0x74, 0x68, 0x65, 0x64, 0x69, 0x73, 0x74, 0x72, 0x69, 0x63, 0x74, 0x73, 0x77, 0x69, 0x73, 0x63, 0x6F, 0x6E, 0x73, 0x69, 0x6E,
        0x6C, 0x6F, 0x63, 0x61, 0x74, 0x69, 0x6F, 0x6E, 0x2E, 0x3B, 0x20, 0x77, 0x69, 0x64, 0x74, 0x68, 0x3A, 0x20, 0x69, 0x6E, 0x68, 0x61, 0x62, 0x69, 0x74, 0x65, 0x64, 0x53, 0x6F, 0x63, 0x69, 0x61,
        0x6C, 0x69, 0x73, 0x74, 0x4A, 0x61, 0x6E, 0x75, 0x61, 0x72, 0x79, 0x20, 0x31, 0x3C, 0x2F, 0x66, 0x6F, 0x6F, 0x74, 0x65, 0x72, 0x3E, 0x73, 0x69, 0x6D, 0x69, 0x6C, 0x61, 0x72, 0x6C, 0x79, 0x63,
        0x68, 0x6F, 0x69, 0x63, 0x65, 0x20, 0x6F, 0x66, 0x74, 0x68, 0x65, 0x20, 0x73, 0x61, 0x6D, 0x65, 0x20, 0x73, 0x70, 0x65, 0x63, 0x69, 0x66, 0x69, 0x63, 0x20, 0x62, 0x75, 0x73, 0x69, 0x6E, 0x65,
        0x73, 0x73, 0x20, 0x54, 0x68, 0x65, 0x20, 0x66, 0x69, 0x72, 0x73, 0x74, 0x2E, 0x6C, 0x65, 0x6E, 0x67, 0x74, 0x68, 0x3B, 0x20, 0x64, 0x65, 0x73, 0x69, 0x72, 0x65, 0x20, 0x74, 0x6F, 0x64, 0x65,
        0x61, 0x6C, 0x20, 0x77, 0x69, 0x74, 0x68, 0x73, 0x69, 0x6E, 0x63, 0x65, 0x20, 0x74, 0x68, 0x65, 0x75, 0x73, 0x65, 0x72, 0x41, 0x67, 0x65, 0x6E, 0x74, 0x63, 0x6F, 0x6E, 0x63, 0x65, 0x69, 0x76,
        0x65, 0x64, 0x69, 0x6E, 0x64, 0x65, 0x78, 0x2E, 0x70, 0x68, 0x70, 0x61, 0x73, 0x20, 0x26, 0x71, 0x75, 0x6F, 0x74, 0x3B, 0x65, 0x6E, 0x67, 0x61, 0x67, 0x65, 0x20, 0x69, 0x6E, 0x72, 0x65, 0x63,
        0x65, 0x6E, 0x74, 0x6C, 0x79, 0x2C, 0x66, 0x65, 0x77, 0x20, 0x79, 0x65, 0x61, 0x72, 0x73, 0x77, 0x65, 0x72, 0x65, 0x20, 0x61, 0x6C, 0x73, 0x6F, 0x0A, 0x3C, 0x68, 0x65, 0x61, 0x64, 0x3E, 0x0A,
        0x3C, 0x65, 0x64, 0x69, 0x74, 0x65, 0x64, 0x20, 0x62, 0x79, 0x61, 0x72, 0x65, 0x20, 0x6B, 0x6E, 0x6F, 0x77, 0x6E, 0x63, 0x69, 0x74, 0x69, 0x65, 0x73, 0x20, 0x69, 0x6E, 0x61, 0x63, 0x63, 0x65,
        0x73, 0x73, 0x6B, 0x65, 0x79, 0x63, 0x6F, 0x6E, 0x64, 0x65, 0x6D, 0x6E, 0x65, 0x64, 0x61, 0x6C, 0x73, 0x6F, 0x20, 0x68, 0x61, 0x76, 0x65, 0x73, 0x65, 0x72, 0x76, 0x69, 0x63, 0x65, 0x73, 0x2C,
        0x66, 0x61, 0x6D, 0x69, 0x6C, 0x79, 0x20, 0x6F, 0x66, 0x53, 0x63, 0x68, 0x6F, 0x6F, 0x6C, 0x20, 0x6F, 0x66, 0x63, 0x6F, 0x6E, 0x76, 0x65, 0x72, 0x74, 0x65, 0x64, 0x6E, 0x61, 0x74, 0x75, 0x72,
        0x65, 0x20, 0x6F, 0x66, 0x20, 0x6C, 0x61, 0x6E, 0x67, 0x75, 0x61, 0x67, 0x65, 0x6D, 0x69, 0x6E, 0x69, 0x73, 0x74, 0x65, 0x72, 0x73, 0x3C, 0x2F, 0x6F, 0x62, 0x6A, 0x65, 0x63, 0x74, 0x3E, 0x74,
        0x68, 0x65, 0x72, 0x65, 0x20, 0x69, 0x73, 0x20, 0x61, 0x20, 0x70, 0x6F, 0x70, 0x75, 0x6C, 0x61, 0x72, 0x73, 0x65, 0x71, 0x75, 0x65, 0x6E, 0x63, 0x65, 0x73, 0x61, 0x64, 0x76, 0x6F, 0x63, 0x61,
        0x74, 0x65, 0x64, 0x54, 0x68, 0x65, 0x79, 0x20, 0x77, 0x65, 0x72, 0x65, 0x61, 0x6E, 0x79, 0x20, 0x6F, 0x74, 0x68, 0x65, 0x72, 0x6C, 0x6F, 0x63, 0x61, 0x74, 0x69, 0x6F, 0x6E, 0x3D, 0x65, 0x6E,
        0x74, 0x65, 0x72, 0x20, 0x74, 0x68, 0x65, 0x6D, 0x75, 0x63, 0x68, 0x20, 0x6D, 0x6F, 0x72, 0x65, 0x72, 0x65, 0x66, 0x6C, 0x65, 0x63, 0x74, 0x65, 0x64, 0x77, 0x61, 0x73, 0x20, 0x6E, 0x61, 0x6D,
        0x65, 0x64, 0x6F, 0x72, 0x69, 0x67, 0x69, 0x6E, 0x61, 0x6C, 0x20, 0x61, 0x20, 0x74, 0x79, 0x70, 0x69, 0x63, 0x61, 0x6C, 0x77, 0x68, 0x65, 0x6E, 0x20, 0x74, 0x68, 0x65, 0x79, 0x65, 0x6E, 0x67,
        0x69, 0x6E, 0x65, 0x65, 0x72, 0x73, 0x63, 0x6F, 0x75, 0x6C, 0x64, 0x20, 0x6E, 0x6F, 0x74, 0x72, 0x65, 0x73, 0x69, 0x64, 0x65, 0x6E, 0x74, 0x73, 0x77, 0x65, 0x64, 0x6E, 0x65, 0x73, 0x64, 0x61,
        0x79, 0x74, 0x68, 0x65, 0x20, 0x74, 0x68, 0x69, 0x72, 0x64, 0x20, 0x70, 0x72, 0x6F, 0x64, 0x75, 0x63, 0x74, 0x73, 0x4A, 0x61, 0x6E, 0x75, 0x61, 0x72, 0x79, 0x20, 0x32, 0x77, 0x68, 0x61, 0x74,
        0x20, 0x74, 0x68, 0x65, 0x79, 0x61, 0x20, 0x63, 0x65, 0x72, 0x74, 0x61, 0x69, 0x6E, 0x72, 0x65, 0x61, 0x63, 0x74, 0x69, 0x6F, 0x6E, 0x73, 0x70, 0x72, 0x6F, 0x63, 0x65, 0x73, 0x73, 0x6F, 0x72,
        0x61, 0x66, 0x74, 0x65, 0x72, 0x20, 0x68, 0x69, 0x73, 0x74, 0x68, 0x65, 0x20, 0x6C, 0x61, 0x73, 0x74, 0x20, 0x63, 0x6F, 0x6E, 0x74, 0x61, 0x69, 0x6E, 0x65, 0x64, 0x22, 0x3E, 0x3C, 0x2F, 0x64,
        0x69, 0x76, 0x3E, 0x0A, 0x3C, 0x2F, 0x61, 0x3E, 0x3C, 0x2F, 0x74, 0x64, 0x3E, 0x64, 0x65, 0x70, 0x65, 0x6E, 0x64, 0x20, 0x6F, 0x6E, 0x73, 0x65, 0x61, 0x72, 0x63, 0x68, 0x22, 0x3E, 0x0A, 0x70,
        0x69, 0x65, 0x63, 0x65, 0x73, 0x20, 0x6F, 0x66, 0x63, 0x6F, 0x6D, 0x70, 0x65, 0x74, 0x69, 0x6E, 0x67, 0x52, 0x65, 0x66, 0x65, 0x72, 0x65, 0x6E, 0x63, 0x65, 0x74, 0x65, 0x6E, 0x6E, 0x65, 0x73,
        0x73, 0x65, 0x65, 0x77, 0x68, 0x69, 0x63, 0x68, 0x20, 0x68, 0x61, 0x73, 0x20, 0x76, 0x65, 0x72, 0x73, 0x69, 0x6F, 0x6E, 0x3D, 0x3C, 0x2F, 0x73, 0x70, 0x61, 0x6E, 0x3E, 0x20, 0x3C, 0x3C, 0x2F,
        0x68, 0x65, 0x61, 0x64, 0x65, 0x72, 0x3E, 0x67, 0x69, 0x76, 0x65, 0x73, 0x20, 0x74, 0x68, 0x65, 0x68, 0x69, 0x73, 0x74, 0x6F, 0x72, 0x69, 0x61, 0x6E, 0x76, 0x61, 0x6C, 0x75, 0x65, 0x3D, 0x22,
        0x22, 0x3E, 0x70, 0x61, 0x64, 0x64, 0x69, 0x6E, 0x67, 0x3A, 0x30, 0x76, 0x69, 0x65, 0x77, 0x20, 0x74, 0x68, 0x61, 0x74, 0x74, 0x6F, 0x67, 0x65, 0x74, 0x68, 0x65, 0x72, 0x2C, 0x74, 0x68, 0x65,
        0x20, 0x6D, 0x6F, 0x73, 0x74, 0x20, 0x77, 0x61, 0x73, 0x20, 0x66, 0x6F, 0x75, 0x6E, 0x64, 0x73, 0x75, 0x62, 0x73, 0x65, 0x74, 0x20, 0x6F, 0x66, 0x61, 0x74, 0x74, 0x61, 0x63, 0x6B, 0x20, 0x6F,
        0x6E, 0x63, 0x68, 0x69, 0x6C, 0x64, 0x72, 0x65, 0x6E, 0x2C, 0x70, 0x6F, 0x69, 0x6E, 0x74, 0x73, 0x20, 0x6F, 0x66, 0x70, 0x65, 0x72, 0x73, 0x6F, 0x6E, 0x61, 0x6C, 0x20, 0x70, 0x6F, 0x73, 0x69,
        0x74, 0x69, 0x6F, 0x6E, 0x3A, 0x61, 0x6C, 0x6C, 0x65, 0x67, 0x65, 0x64, 0x6C, 0x79, 0x43, 0x6C, 0x65, 0x76, 0x65, 0x6C, 0x61, 0x6E, 0x64, 0x77, 0x61, 0x73, 0x20, 0x6C, 0x61, 0x74, 0x65, 0x72,
        0x61, 0x6E, 0x64, 0x20, 0x61, 0x66, 0x74, 0x65, 0x72, 0x61, 0x72, 0x65, 0x20, 0x67, 0x69, 0x76, 0x65, 0x6E, 0x77, 0x61, 0x73, 0x20, 0x73, 0x74, 0x69, 0x6C, 0x6C, 0x73, 0x63, 0x72, 0x6F, 0x6C,
        0x6C, 0x69, 0x6E, 0x67, 0x64, 0x65, 0x73, 0x69, 0x67, 0x6E, 0x20, 0x6F, 0x66, 0x6D, 0x61, 0x6B, 0x65, 0x73, 0x20, 0x74, 0x68, 0x65, 0x6D, 0x75, 0x63, 0x68, 0x20, 0x6C, 0x65, 0x73, 0x73, 0x41,
        0x6D, 0x65, 0x72, 0x69, 0x63, 0x61, 0x6E, 0x73, 0x2E, 0x0A, 0x0A, 0x41, 0x66, 0x74, 0x65, 0x72, 0x20, 0x2C, 0x20, 0x62, 0x75, 0x74, 0x20, 0x74, 0x68, 0x65, 0x4D, 0x75, 0x73, 0x65, 0x75, 0x6D,
        0x20, 0x6F, 0x66, 0x6C, 0x6F, 0x75, 0x69, 0x73, 0x69, 0x61, 0x6E, 0x61, 0x28, 0x66, 0x72, 0x6F, 0x6D, 0x20, 0x74, 0x68, 0x65, 0x6D, 0x69, 0x6E, 0x6E, 0x65, 0x73, 0x6F, 0x74, 0x61, 0x70, 0x61,
        0x72, 0x74, 0x69, 0x63, 0x6C, 0x65, 0x73, 0x61, 0x20, 0x70, 0x72, 0x6F, 0x63, 0x65, 0x73, 0x73, 0x44, 0x6F, 0x6D, 0x69, 0x6E, 0x69, 0x63, 0x61, 0x6E, 0x76, 0x6F, 0x6C, 0x75, 0x6D, 0x65, 0x20,
        0x6F, 0x66, 0x72, 0x65, 0x74, 0x75, 0x72, 0x6E, 0x69, 0x6E, 0x67, 0x64, 0x65, 0x66, 0x65, 0x6E, 0x73, 0x69, 0x76, 0x65, 0x30, 0x30, 0x70, 0x78, 0x7C, 0x72, 0x69, 0x67, 0x68, 0x6D, 0x61, 0x64,
        0x65, 0x20, 0x66, 0x72, 0x6F, 0x6D, 0x6D, 0x6F, 0x75, 0x73, 0x65, 0x6F, 0x76, 0x65, 0x72, 0x22, 0x20, 0x73, 0x74, 0x79, 0x6C, 0x65, 0x3D, 0x22, 0x73, 0x74, 0x61, 0x74, 0x65, 0x73, 0x20, 0x6F,
        0x66, 0x28, 0x77, 0x68, 0x69, 0x63, 0x68, 0x20, 0x69, 0x73, 0x63, 0x6F, 0x6E, 0x74, 0x69, 0x6E, 0x75, 0x65, 0x73, 0x46, 0x72, 0x61, 0x6E, 0x63, 0x69, 0x73, 0x63, 0x6F, 0x62, 0x75, 0x69, 0x6C,
        0x64, 0x69, 0x6E, 0x67, 0x20, 0x77, 0x69, 0x74, 0x68, 0x6F, 0x75, 0x74, 0x20, 0x61, 0x77, 0x69, 0x74, 0x68, 0x20, 0x73, 0x6F, 0x6D, 0x65, 0x77, 0x68, 0x6F, 0x20, 0x77, 0x6F, 0x75, 0x6C, 0x64,
        0x61, 0x20, 0x66, 0x6F, 0x72, 0x6D, 0x20, 0x6F, 0x66, 0x61, 0x20, 0x70, 0x61, 0x72, 0x74, 0x20, 0x6F, 0x66, 0x62, 0x65, 0x66, 0x6F, 0x72, 0x65, 0x20, 0x69, 0x74, 0x6B, 0x6E, 0x6F, 0x77, 0x6E,
        0x20, 0x61, 0x73, 0x20, 0x20, 0x53, 0x65, 0x72, 0x76, 0x69, 0x63, 0x65, 0x73, 0x6C, 0x6F, 0x63, 0x61, 0x74, 0x69, 0x6F, 0x6E, 0x20, 0x61, 0x6E, 0x64, 0x20, 0x6F, 0x66, 0x74, 0x65, 0x6E, 0x6D,
        0x65, 0x61, 0x73, 0x75, 0x72, 0x69, 0x6E, 0x67, 0x61, 0x6E, 0x64, 0x20, 0x69, 0x74, 0x20, 0x69, 0x73, 0x70, 0x61, 0x70, 0x65, 0x72, 0x62, 0x61, 0x63, 0x6B, 0x76, 0x61, 0x6C, 0x75, 0x65, 0x73,
        0x20, 0x6F, 0x66, 0x0D, 0x0A, 0x3C, 0x74, 0x69, 0x74, 0x6C, 0x65, 0x3E, 0x3D, 0x20, 0x77, 0x69, 0x6E, 0x64, 0x6F, 0x77, 0x2E, 0x64, 0x65, 0x74, 0x65, 0x72, 0x6D, 0x69, 0x6E, 0x65, 0x65, 0x72,
        0x26, 0x71, 0x75, 0x6F, 0x74, 0x3B, 0x20, 0x70, 0x6C, 0x61, 0x79, 0x65, 0x64, 0x20, 0x62, 0x79, 0x61, 0x6E, 0x64, 0x20, 0x65, 0x61, 0x72, 0x6C, 0x79, 0x3C, 0x2F, 0x63, 0x65, 0x6E, 0x74, 0x65,
        0x72, 0x3E, 0x66, 0x72, 0x6F, 0x6D, 0x20, 0x74, 0x68, 0x69, 0x73, 0x74, 0x68, 0x65, 0x20, 0x74, 0x68, 0x72, 0x65, 0x65, 0x70, 0x6F, 0x77, 0x65, 0x72, 0x20, 0x61, 0x6E, 0x64, 0x6F, 0x66, 0x20,
        0x26, 0x71, 0x75, 0x6F, 0x74, 0x3B, 0x69, 0x6E, 0x6E, 0x65, 0x72, 0x48, 0x54, 0x4D, 0x4C, 0x3C, 0x61, 0x20, 0x68, 0x72, 0x65, 0x66, 0x3D, 0x22, 0x79, 0x3A, 0x69, 0x6E, 0x6C, 0x69, 0x6E, 0x65,
        0x3B, 0x43, 0x68, 0x75, 0x72, 0x63, 0x68, 0x20, 0x6F, 0x66, 0x74, 0x68, 0x65, 0x20, 0x65, 0x76, 0x65, 0x6E, 0x74, 0x76, 0x65, 0x72, 0x79, 0x20, 0x68, 0x69, 0x67, 0x68, 0x6F, 0x66, 0x66, 0x69,
        0x63, 0x69, 0x61, 0x6C, 0x20, 0x2D, 0x68, 0x65, 0x69, 0x67, 0x68, 0x74, 0x3A, 0x20, 0x63, 0x6F, 0x6E, 0x74, 0x65, 0x6E, 0x74, 0x3D, 0x22, 0x2F, 0x63, 0x67, 0x69, 0x2D, 0x62, 0x69, 0x6E, 0x2F,
        0x74, 0x6F, 0x20, 0x63, 0x72, 0x65, 0x61, 0x74, 0x65, 0x61, 0x66, 0x72, 0x69, 0x6B, 0x61, 0x61, 0x6E, 0x73, 0x65, 0x73, 0x70, 0x65, 0x72, 0x61, 0x6E, 0x74, 0x6F, 0x66, 0x72, 0x61, 0x6E, 0xC3,
        0xA7, 0x61, 0x69, 0x73, 0x6C, 0x61, 0x74, 0x76, 0x69, 0x65, 0xC5, 0xA1, 0x75, 0x6C, 0x69, 0x65, 0x74, 0x75, 0x76, 0x69, 0xC5, 0xB3, 0xC4, 0x8C, 0x65, 0xC5, 0xA1, 0x74, 0x69, 0x6E, 0x61, 0xC4,
        0x8D, 0x65, 0xC5, 0xA1, 0x74, 0x69, 0x6E, 0x61, 0xE0, 0xB9, 0x84, 0xE0, 0xB8, 0x97, 0xE0, 0xB8, 0xA2, 0xE6, 0x97, 0xA5, 0xE6, 0x9C, 0xAC, 0xE8, 0xAA, 0x9E, 0xE7, 0xAE, 0x80, 0xE4, 0xBD, 0x93,
        0xE5, 0xAD, 0x97, 0xE7, 0xB9, 0x81, 0xE9, 0xAB, 0x94, 0xE5, 0xAD, 0x97, 0xED, 0x95, 0x9C, 0xEA, 0xB5, 0xAD, 0xEC, 0x96, 0xB4, 0xE4, 0xB8, 0xBA, 0xE4, 0xBB, 0x80, 0xE4, 0xB9, 0x88, 0xE8, 0xAE,
        0xA1, 0xE7, 0xAE, 0x97, 0xE6, 0x9C, 0xBA, 0xE7, 0xAC, 0x94, 0xE8, 0xAE, 0xB0, 0xE6, 0x9C, 0xAC, 0xE8, 0xA8, 0x8E, 0xE8, 0xAB, 0x96, 0xE5, 0x8D, 0x80, 0xE6, 0x9C, 0x8D, 0xE5, 0x8A, 0xA1, 0xE5,
        0x99, 0xA8, 0xE4, 0xBA, 0x92, 0xE8, 0x81, 0x94, 0xE7, 0xBD, 0x91, 0xE6, 0x88, 0xBF, 0xE5, 0x9C, 0xB0, 0xE4, 0xBA, 0xA7, 0xE4, 0xBF, 0xB1, 0xE4, 0xB9, 0x90, 0xE9, 0x83, 0xA8, 0xE5, 0x87, 0xBA,
        0xE7, 0x89, 0x88, 0xE7, 0xA4, 0xBE, 0xE6, 0x8E, 0x92, 0xE8, 0xA1, 0x8C, 0xE6, 0xA6, 0x9C, 0xE9, 0x83, 0xA8, 0xE8, 0x90, 0xBD, 0xE6, 0xA0, 0xBC, 0xE8, 0xBF, 0x9B, 0xE4, 0xB8, 0x80, 0xE6, 0xAD,
        0xA5, 0xE6, 0x94, 0xAF, 0xE4, 0xBB, 0x98, 0xE5, 0xAE, 0x9D, 0xE9, 0xAA, 0x8C, 0xE8, 0xAF, 0x81, 0xE7, 0xA0, 0x81, 0xE5, 0xA7, 0x94, 0xE5, 0x91, 0x98, 0xE4, 0xBC, 0x9A, 0xE6, 0x95, 0xB0, 0xE6,
        0x8D, 0xAE, 0xE5, 0xBA, 0x93, 0xE6, 0xB6, 0x88, 0xE8, 0xB4, 0xB9, 0xE8, 0x80, 0x85, 0xE5, 0x8A, 0x9E, 0xE5, 0x85, 0xAC, 0xE5, 0xAE, 0xA4, 0xE8, 0xAE, 0xA8, 0xE8, 0xAE, 0xBA, 0xE5, 0x8C, 0xBA,
        0xE6, 0xB7, 0xB1, 0xE5, 0x9C, 0xB3, 0xE5, 0xB8, 0x82, 0xE6, 0x92, 0xAD, 0xE6, 0x94, 0xBE, 0xE5, 0x99, 0xA8, 0xE5, 0x8C, 0x97, 0xE4, 0xBA, 0xAC, 0xE5, 0xB8, 0x82, 0xE5, 0xA4, 0xA7, 0xE5, 0xAD,
        0xA6, 0xE7, 0x94, 0x9F, 0xE8, 0xB6, 0x8A, 0xE6, 0x9D, 0xA5, 0xE8, 0xB6, 0x8A, 0xE7, 0xAE, 0xA1, 0xE7, 0x90, 0x86, 0xE5, 0x91, 0x98, 0xE4, 0xBF, 0xA1, 0xE6, 0x81, 0xAF, 0xE7, 0xBD, 0x91, 0x73,
        0x65, 0x72, 0x76, 0x69, 0x63, 0x69, 0x6F, 0x73, 0x61, 0x72, 0x74, 0xC3, 0xAD, 0x63, 0x75, 0x6C, 0x6F, 0x61, 0x72, 0x67, 0x65, 0x6E, 0x74, 0x69, 0x6E, 0x61, 0x62, 0x61, 0x72, 0x63, 0x65, 0x6C,
        0x6F, 0x6E, 0x61, 0x63, 0x75, 0x61, 0x6C, 0x71, 0x75, 0x69, 0x65, 0x72, 0x70, 0x75, 0x62, 0x6C, 0x69, 0x63, 0x61, 0x64, 0x6F, 0x70, 0x72, 0x6F, 0x64, 0x75, 0x63, 0x74, 0x6F, 0x73, 0x70, 0x6F,
        0x6C, 0xC3, 0xAD, 0x74, 0x69, 0x63, 0x61, 0x72, 0x65, 0x73, 0x70, 0x75, 0x65, 0x73, 0x74, 0x61, 0x77, 0x69, 0x6B, 0x69, 0x70, 0x65, 0x64, 0x69, 0x61, 0x73, 0x69, 0x67, 0x75, 0x69, 0x65, 0x6E,
        0x74, 0x65, 0x62, 0xC3, 0xBA, 0x73, 0x71, 0x75, 0x65, 0x64, 0x61, 0x63, 0x6F, 0x6D, 0x75, 0x6E, 0x69, 0x64, 0x61, 0x64, 0x73, 0x65, 0x67, 0x75, 0x72, 0x69, 0x64, 0x61, 0x64, 0x70, 0x72, 0x69,
        0x6E, 0x63, 0x69, 0x70, 0x61, 0x6C, 0x70, 0x72, 0x65, 0x67, 0x75, 0x6E, 0x74, 0x61, 0x73, 0x63, 0x6F, 0x6E, 0x74, 0x65, 0x6E, 0x69, 0x64, 0x6F, 0x72, 0x65, 0x73, 0x70, 0x6F, 0x6E, 0x64, 0x65,
        0x72, 0x76, 0x65, 0x6E, 0x65, 0x7A, 0x75, 0x65, 0x6C, 0x61, 0x70, 0x72, 0x6F, 0x62, 0x6C, 0x65, 0x6D, 0x61, 0x73, 0x64, 0x69, 0x63, 0x69, 0x65, 0x6D, 0x62, 0x72, 0x65, 0x72, 0x65, 0x6C, 0x61,
        0x63, 0x69, 0xC3, 0xB3, 0x6E, 0x6E, 0x6F, 0x76, 0x69, 0x65, 0x6D, 0x62, 0x72, 0x65, 0x73, 0x69, 0x6D, 0x69, 0x6C, 0x61, 0x72, 0x65, 0x73, 0x70, 0x72, 0x6F, 0x79, 0x65, 0x63, 0x74, 0x6F, 0x73,
        0x70, 0x72, 0x6F, 0x67, 0x72, 0x61, 0x6D, 0x61, 0x73, 0x69, 0x6E, 0x73, 0x74, 0x69, 0x74, 0x75, 0x74, 0x6F, 0x61, 0x63, 0x74, 0x69, 0x76, 0x69, 0x64, 0x61, 0x64, 0x65, 0x6E, 0x63, 0x75, 0x65,
        0x6E, 0x74, 0x72, 0x61, 0x65, 0x63, 0x6F, 0x6E, 0x6F, 0x6D, 0xC3, 0xAD, 0x61, 0x69, 0x6D, 0xC3, 0xA1, 0x67, 0x65, 0x6E, 0x65, 0x73, 0x63, 0x6F, 0x6E, 0x74, 0x61, 0x63, 0x74, 0x61, 0x72, 0x64,
        0x65, 0x73, 0x63, 0x61, 0x72, 0x67, 0x61, 0x72, 0x6E, 0x65, 0x63, 0x65, 0x73, 0x61, 0x72, 0x69, 0x6F, 0x61, 0x74, 0x65, 0x6E, 0x63, 0x69, 0xC3, 0xB3, 0x6E, 0x74, 0x65, 0x6C, 0xC3, 0xA9, 0x66,
        0x6F, 0x6E, 0x6F, 0x63, 0x6F, 0x6D, 0x69, 0x73, 0x69, 0xC3, 0xB3, 0x6E, 0x63, 0x61, 0x6E, 0x63, 0x69, 0x6F, 0x6E, 0x65, 0x73, 0x63, 0x61, 0x70, 0x61, 0x63, 0x69, 0x64, 0x61, 0x64, 0x65, 0x6E,
        0x63, 0x6F, 0x6E, 0x74, 0x72, 0x61, 0x72, 0x61, 0x6E, 0xC3, 0xA1, 0x6C, 0x69, 0x73, 0x69, 0x73, 0x66, 0x61, 0x76, 0x6F, 0x72, 0x69, 0x74, 0x6F, 0x73, 0x74, 0xC3, 0xA9, 0x72, 0x6D, 0x69, 0x6E,
        0x6F, 0x73, 0x70, 0x72, 0x6F, 0x76, 0x69, 0x6E, 0x63, 0x69, 0x61, 0x65, 0x74, 0x69, 0x71, 0x75, 0x65, 0x74, 0x61, 0x73, 0x65, 0x6C, 0x65, 0x6D, 0x65, 0x6E, 0x74, 0x6F, 0x73, 0x66, 0x75, 0x6E,
        0x63, 0x69, 0x6F, 0x6E, 0x65, 0x73, 0x72, 0x65, 0x73, 0x75, 0x6C, 0x74, 0x61, 0x64, 0x6F, 0x63, 0x61, 0x72, 0xC3, 0xA1, 0x63, 0x74, 0x65, 0x72, 0x70, 0x72, 0x6F, 0x70, 0x69, 0x65, 0x64, 0x61,
        0x64, 0x70, 0x72, 0x69, 0x6E, 0x63, 0x69, 0x70, 0x69, 0x6F, 0x6E, 0x65, 0x63, 0x65, 0x73, 0x69, 0x64, 0x61, 0x64, 0x6D, 0x75, 0x6E, 0x69, 0x63, 0x69, 0x70, 0x61, 0x6C, 0x63, 0x72, 0x65, 0x61,
        0x63, 0x69, 0xC3, 0xB3, 0x6E, 0x64, 0x65, 0x73, 0x63, 0x61, 0x72, 0x67, 0x61, 0x73, 0x70, 0x72, 0x65, 0x73, 0x65, 0x6E, 0x63, 0x69, 0x61, 0x63, 0x6F, 0x6D, 0x65, 0x72, 0x63, 0x69, 0x61, 0x6C,
        0x6F, 0x70, 0x69, 0x6E, 0x69, 0x6F, 0x6E, 0x65, 0x73, 0x65, 0x6A, 0x65, 0x72, 0x63, 0x69, 0x63, 0x69, 0x6F, 0x65, 0x64, 0x69, 0x74, 0x6F, 0x72, 0x69, 0x61, 0x6C, 0x73, 0x61, 0x6C, 0x61, 0x6D,
        0x61, 0x6E, 0x63, 0x61, 0x67, 0x6F, 0x6E, 0x7A, 0xC3, 0xA1, 0x6C, 0x65, 0x7A, 0x64, 0x6F, 0x63, 0x75, 0x6D, 0x65, 0x6E, 0x74, 0x6F, 0x70, 0x65, 0x6C, 0xC3, 0xAD, 0x63, 0x75, 0x6C, 0x61, 0x72,
        0x65, 0x63, 0x69, 0x65, 0x6E, 0x74, 0x65, 0x73, 0x67, 0x65, 0x6E, 0x65, 0x72, 0x61, 0x6C, 0x65, 0x73, 0x74, 0x61, 0x72, 0x72, 0x61, 0x67, 0x6F, 0x6E, 0x61, 0x70, 0x72, 0xC3, 0xA1, 0x63, 0x74,
        0x69, 0x63, 0x61, 0x6E, 0x6F, 0x76, 0x65, 0x64, 0x61, 0x64, 0x65, 0x73, 0x70, 0x72, 0x6F, 0x70, 0x75, 0x65, 0x73, 0x74, 0x61, 0x70, 0x61, 0x63, 0x69, 0x65, 0x6E, 0x74, 0x65, 0x73, 0x74, 0xC3,
        0xA9, 0x63, 0x6E, 0x69, 0x63, 0x61, 0x73, 0x6F, 0x62, 0x6A, 0x65, 0x74, 0x69, 0x76, 0x6F, 0x73, 0x63, 0x6F, 0x6E, 0x74, 0x61, 0x63, 0x74, 0x6F, 0x73, 0xE0, 0xA4, 0xAE, 0xE0, 0xA5, 0x87, 0xE0,
        0xA4, 0x82, 0xE0, 0xA4, 0xB2, 0xE0, 0xA4, 0xBF, 0xE0, 0xA4, 0x8F, 0xE0, 0xA4, 0xB9, 0xE0, 0xA5, 0x88, 0xE0, 0xA4, 0x82, 0xE0, 0xA4, 0x97, 0xE0, 0xA4, 0xAF, 0xE0, 0xA4, 0xBE, 0xE0, 0xA4, 0xB8,
        0xE0, 0xA4, 0xBE, 0xE0, 0xA4, 0xA5, 0xE0, 0xA4, 0x8F, 0xE0, 0xA4, 0xB5, 0xE0, 0xA4, 0x82, 0xE0, 0xA4, 0xB0, 0xE0, 0xA4, 0xB9, 0xE0, 0xA5, 0x87, 0xE0, 0xA4, 0x95, 0xE0, 0xA5, 0x8B, 0xE0, 0xA4,
        0x88, 0xE0, 0xA4, 0x95, 0xE0, 0xA5, 0x81, 0xE0, 0xA4, 0x9B, 0xE0, 0xA4, 0xB0, 0xE0, 0xA4, 0xB9, 0xE0, 0xA4, 0xBE, 0xE0, 0xA4, 0xAC, 0xE0, 0xA4, 0xBE, 0xE0, 0xA4, 0xA6, 0xE0, 0xA4, 0x95, 0xE0,
        0xA4, 0xB9, 0xE0, 0xA4, 0xBE, 0xE0, 0xA4, 0xB8, 0xE0, 0xA4, 0xAD, 0xE0, 0xA5, 0x80, 0xE0, 0xA4, 0xB9, 0xE0, 0xA5, 0x81, 0xE0, 0xA4, 0x8F, 0xE0, 0xA4, 0xB0, 0xE0, 0xA4, 0xB9, 0xE0, 0xA5, 0x80,
        0xE0, 0xA4, 0xAE, 0xE0, 0xA5, 0x88, 0xE0, 0xA4, 0x82, 0xE0, 0xA4, 0xA6, 0xE0, 0xA4, 0xBF, 0xE0, 0xA4, 0xA8, 0xE0, 0xA4, 0xAC, 0xE0, 0xA4, 0xBE, 0xE0, 0xA4, 0xA4, 0x64, 0x69, 0x70, 0x6C, 0x6F,
        0x64, 0x6F, 0x63, 0x73, 0xE0, 0xA4, 0xB8, 0xE0, 0xA4, 0xAE, 0xE0, 0xA4, 0xAF, 0xE0, 0xA4, 0xB0, 0xE0, 0xA5, 0x82, 0xE0, 0xA4, 0xAA, 0xE0, 0xA4, 0xA8, 0xE0, 0xA4, 0xBE, 0xE0, 0xA4, 0xAE, 0xE0,
        0xA4, 0xAA, 0xE0, 0xA4, 0xA4, 0xE0, 0xA4, 0xBE, 0xE0, 0xA4, 0xAB, 0xE0, 0xA4, 0xBF, 0xE0, 0xA4, 0xB0, 0xE0, 0xA4, 0x94, 0xE0, 0xA4, 0xB8, 0xE0, 0xA4, 0xA4, 0xE0, 0xA4, 0xA4, 0xE0, 0xA4, 0xB0,
        0xE0, 0xA4, 0xB9, 0xE0, 0xA4, 0xB2, 0xE0, 0xA5, 0x8B, 0xE0, 0xA4, 0x97, 0xE0, 0xA4, 0xB9, 0xE0, 0xA5, 0x81, 0xE0, 0xA4, 0x86, 0xE0, 0xA4, 0xAC, 0xE0, 0xA4, 0xBE, 0xE0, 0xA4, 0xB0, 0xE0, 0xA4,
        0xA6, 0xE0, 0xA5, 0x87, 0xE0, 0xA4, 0xB6, 0xE0, 0xA4, 0xB9, 0xE0, 0xA5, 0x81, 0xE0, 0xA4, 0x88, 0xE0, 0xA4, 0x96, 0xE0, 0xA5, 0x87, 0xE0, 0xA4, 0xB2, 0xE0, 0xA4, 0xAF, 0xE0, 0xA4, 0xA6, 0xE0,
        0xA4, 0xBF, 0xE0, 0xA4, 0x95, 0xE0, 0xA4, 0xBE, 0xE0, 0xA4, 0xAE, 0xE0, 0xA4, 0xB5, 0xE0, 0xA5, 0x87, 0xE0, 0xA4, 0xAC, 0xE0, 0xA4, 0xA4, 0xE0, 0xA5, 0x80, 0xE0, 0xA4, 0xA8, 0xE0, 0xA4, 0xAC,
        0xE0, 0xA5, 0x80, 0xE0, 0xA4, 0x9A, 0xE0, 0xA4, 0xAE, 0xE0, 0xA5, 0x8C, 0xE0, 0xA4, 0xA4, 0xE0, 0xA4, 0xB8, 0xE0, 0xA4, 0xBE, 0xE0, 0xA4, 0xB2, 0xE0, 0xA4, 0xB2, 0xE0, 0xA5, 0x87, 0xE0, 0xA4,
        0x96, 0xE0, 0xA4, 0x9C, 0xE0, 0xA5, 0x89, 0xE0, 0xA4, 0xAC, 0xE0, 0xA4, 0xAE, 0xE0, 0xA4, 0xA6, 0xE0, 0xA4, 0xA6, 0xE0, 0xA4, 0xA4, 0xE0, 0xA4, 0xA5, 0xE0, 0xA4, 0xBE, 0xE0, 0xA4, 0xA8, 0xE0,
        0xA4, 0xB9, 0xE0, 0xA5, 0x80, 0xE0, 0xA4, 0xB6, 0xE0, 0xA4, 0xB9, 0xE0, 0xA4, 0xB0, 0xE0, 0xA4, 0x85, 0xE0, 0xA4, 0xB2, 0xE0, 0xA4, 0x97, 0xE0, 0xA4, 0x95, 0xE0, 0xA4, 0xAD, 0xE0, 0xA5, 0x80,
        0xE0, 0xA4, 0xA8, 0xE0, 0xA4, 0x97, 0xE0, 0xA4, 0xB0, 0xE0, 0xA4, 0xAA, 0xE0, 0xA4, 0xBE, 0xE0, 0xA4, 0xB8, 0xE0, 0xA4, 0xB0, 0xE0, 0xA4, 0xBE, 0xE0, 0xA4, 0xA4, 0xE0, 0xA4, 0x95, 0xE0, 0xA4,
        0xBF, 0xE0, 0xA4, 0x8F, 0xE0, 0xA4, 0x89, 0xE0, 0xA4, 0xB8, 0xE0, 0xA5, 0x87, 0xE0, 0xA4, 0x97, 0xE0, 0xA4, 0xAF, 0xE0, 0xA5, 0x80, 0xE0, 0xA4, 0xB9, 0xE0, 0xA5, 0x82, 0xE0, 0xA4, 0x81, 0xE0,
        0xA4, 0x86, 0xE0, 0xA4, 0x97, 0xE0, 0xA5, 0x87, 0xE0, 0xA4, 0x9F, 0xE0, 0xA5, 0x80, 0xE0, 0xA4, 0xAE, 0xE0, 0xA4, 0x96, 0xE0, 0xA5, 0x8B, 0xE0, 0xA4, 0x9C, 0xE0, 0xA4, 0x95, 0xE0, 0xA4, 0xBE,
        0xE0, 0xA4, 0xB0, 0xE0, 0xA4, 0x85, 0xE0, 0xA4, 0xAD, 0xE0, 0xA5, 0x80, 0xE0, 0xA4, 0x97, 0xE0, 0xA4, 0xAF, 0xE0, 0xA5, 0x87, 0xE0, 0xA4, 0xA4, 0xE0, 0xA5, 0x81, 0xE0, 0xA4, 0xAE, 0xE0, 0xA4,
        0xB5, 0xE0, 0xA5, 0x8B, 0xE0, 0xA4, 0x9F, 0xE0, 0xA4, 0xA6, 0xE0, 0xA5, 0x87, 0xE0, 0xA4, 0x82, 0xE0, 0xA4, 0x85, 0xE0, 0xA4, 0x97, 0xE0, 0xA4, 0xB0, 0xE0, 0xA4, 0x90, 0xE0, 0xA4, 0xB8, 0xE0,
        0xA5, 0x87, 0xE0, 0xA4, 0xAE, 0xE0, 0xA5, 0x87, 0xE0, 0xA4, 0xB2, 0xE0, 0xA4, 0xB2, 0xE0, 0xA4, 0x97, 0xE0, 0xA4, 0xBE, 0xE0, 0xA4, 0xB9, 0xE0, 0xA4, 0xBE, 0xE0, 0xA4, 0xB2, 0xE0, 0xA4, 0x8A,
        0xE0, 0xA4, 0xAA, 0xE0, 0xA4, 0xB0, 0xE0, 0xA4, 0x9A, 0xE0, 0xA4, 0xBE, 0xE0, 0xA4, 0xB0, 0xE0, 0xA4, 0x90, 0xE0, 0xA4, 0xB8, 0xE0, 0xA4, 0xBE, 0xE0, 0xA4, 0xA6, 0xE0, 0xA5, 0x87, 0xE0, 0xA4,
        0xB0, 0xE0, 0xA4, 0x9C, 0xE0, 0xA4, 0xBF, 0xE0, 0xA4, 0xB8, 0xE0, 0xA4, 0xA6, 0xE0, 0xA4, 0xBF, 0xE0, 0xA4, 0xB2, 0xE0, 0xA4, 0xAC, 0xE0, 0xA4, 0x82, 0xE0, 0xA4, 0xA6, 0xE0, 0xA4, 0xAC, 0xE0,
        0xA4, 0xA8, 0xE0, 0xA4, 0xBE, 0xE0, 0xA4, 0xB9, 0xE0, 0xA5, 0x82, 0xE0, 0xA4, 0x82, 0xE0, 0xA4, 0xB2, 0xE0, 0xA4, 0xBE, 0xE0, 0xA4, 0x96, 0xE0, 0xA4, 0x9C, 0xE0, 0xA5, 0x80, 0xE0, 0xA4, 0xA4,
        0xE0, 0xA4, 0xAC, 0xE0, 0xA4, 0x9F, 0xE0, 0xA4, 0xA8, 0xE0, 0xA4, 0xAE, 0xE0, 0xA4, 0xBF, 0xE0, 0xA4, 0xB2, 0xE0, 0xA4, 0x87, 0xE0, 0xA4, 0xB8, 0xE0, 0xA5, 0x87, 0xE0, 0xA4, 0x86, 0xE0, 0xA4,
        0xA8, 0xE0, 0xA5, 0x87, 0xE0, 0xA4, 0xA8, 0xE0, 0xA4, 0xAF, 0xE0, 0xA4, 0xBE, 0xE0, 0xA4, 0x95, 0xE0, 0xA5, 0x81, 0xE0, 0xA4, 0xB2, 0xE0, 0xA4, 0xB2, 0xE0, 0xA5, 0x89, 0xE0, 0xA4, 0x97, 0xE0,
        0xA4, 0xAD, 0xE0, 0xA4, 0xBE, 0xE0, 0xA4, 0x97, 0xE0, 0xA4, 0xB0, 0xE0, 0xA5, 0x87, 0xE0, 0xA4, 0xB2, 0xE0, 0xA4, 0x9C, 0xE0, 0xA4, 0x97, 0xE0, 0xA4, 0xB9, 0xE0, 0xA4, 0xB0, 0xE0, 0xA4, 0xBE,
        0xE0, 0xA4, 0xAE, 0xE0, 0xA4, 0xB2, 0xE0, 0xA4, 0x97, 0xE0, 0xA5, 0x87, 0xE0, 0xA4, 0xAA, 0xE0, 0xA5, 0x87, 0xE0, 0xA4, 0x9C, 0xE0, 0xA4, 0xB9, 0xE0, 0xA4, 0xBE, 0xE0, 0xA4, 0xA5, 0xE0, 0xA4,
        0x87, 0xE0, 0xA4, 0xB8, 0xE0, 0xA5, 0x80, 0xE0, 0xA4, 0xB8, 0xE0, 0xA4, 0xB9, 0xE0, 0xA5, 0x80, 0xE0, 0xA4, 0x95, 0xE0, 0xA4, 0xB2, 0xE0, 0xA4, 0xBE, 0xE0, 0xA4, 0xA0, 0xE0, 0xA5, 0x80, 0xE0,
        0xA4, 0x95, 0xE0, 0xA4, 0xB9, 0xE0, 0xA4, 0xBE, 0xE0, 0xA4, 0x81, 0xE0, 0xA4, 0xA6, 0xE0, 0xA5, 0x82, 0xE0, 0xA4, 0xB0, 0xE0, 0xA4, 0xA4, 0xE0, 0xA4, 0xB9, 0xE0, 0xA4, 0xA4, 0xE0, 0xA4, 0xB8,
        0xE0, 0xA4, 0xBE, 0xE0, 0xA4, 0xA4, 0xE0, 0xA4, 0xAF, 0xE0, 0xA4, 0xBE, 0xE0, 0xA4, 0xA6, 0xE0, 0xA4, 0x86, 0xE0, 0xA4, 0xAF, 0xE0, 0xA4, 0xBE, 0xE0, 0xA4, 0xAA, 0xE0, 0xA4, 0xBE, 0xE0, 0xA4,
        0x95, 0xE0, 0xA4, 0x95, 0xE0, 0xA5, 0x8C, 0xE0, 0xA4, 0xA8, 0xE0, 0xA4, 0xB6, 0xE0, 0xA4, 0xBE, 0xE0, 0xA4, 0xAE, 0xE0, 0xA4, 0xA6, 0xE0, 0xA5, 0x87, 0xE0, 0xA4, 0x96, 0xE0, 0xA4, 0xAF, 0xE0,
        0xA4, 0xB9, 0xE0, 0xA5, 0x80, 0xE0, 0xA4, 0xB0, 0xE0, 0xA4, 0xBE, 0xE0, 0xA4, 0xAF, 0xE0, 0xA4, 0x96, 0xE0, 0xA5, 0x81, 0xE0, 0xA4, 0xA6, 0xE0, 0xA4, 0xB2, 0xE0, 0xA4, 0x97, 0xE0, 0xA5, 0x80,
        0x63, 0x61, 0x74, 0x65, 0x67, 0x6F, 0x72, 0x69, 0x65, 0x73, 0x65, 0x78, 0x70, 0x65, 0x72, 0x69, 0x65, 0x6E, 0x63, 0x65, 0x3C, 0x2F, 0x74, 0x69, 0x74, 0x6C, 0x65, 0x3E, 0x0D, 0x0A, 0x43, 0x6F,
        0x70, 0x79, 0x72, 0x69, 0x67, 0x68, 0x74, 0x20, 0x6A, 0x61, 0x76, 0x61, 0x73, 0x63, 0x72, 0x69, 0x70, 0x74, 0x63, 0x6F, 0x6E, 0x64, 0x69, 0x74, 0x69, 0x6F, 0x6E, 0x73, 0x65, 0x76, 0x65, 0x72,
        0x79, 0x74, 0x68, 0x69, 0x6E, 0x67, 0x3C, 0x70, 0x20, 0x63, 0x6C, 0x61, 0x73, 0x73, 0x3D, 0x22, 0x74, 0x65, 0x63, 0x68, 0x6E, 0x6F, 0x6C, 0x6F, 0x67, 0x79, 0x62, 0x61, 0x63, 0x6B, 0x67, 0x72,
        0x6F, 0x75, 0x6E, 0x64, 0x3C, 0x61, 0x20, 0x63, 0x6C, 0x61, 0x73, 0x73, 0x3D, 0x22, 0x6D, 0x61, 0x6E, 0x61, 0x67, 0x65, 0x6D, 0x65, 0x6E, 0x74, 0x26, 0x63, 0x6F, 0x70, 0x79, 0x3B, 0x20, 0x32,
        0x30, 0x31, 0x6A, 0x61, 0x76, 0x61, 0x53, 0x63, 0x72, 0x69, 0x70, 0x74, 0x63, 0x68, 0x61, 0x72, 0x61, 0x63, 0x74, 0x65, 0x72, 0x73, 0x62, 0x72, 0x65, 0x61, 0x64, 0x63, 0x72, 0x75, 0x6D, 0x62,
        0x74, 0x68, 0x65, 0x6D, 0x73, 0x65, 0x6C, 0x76, 0x65, 0x73, 0x68, 0x6F, 0x72, 0x69, 0x7A, 0x6F, 0x6E, 0x74, 0x61, 0x6C, 0x67, 0x6F, 0x76, 0x65, 0x72, 0x6E, 0x6D, 0x65, 0x6E, 0x74, 0x43, 0x61,
        0x6C, 0x69, 0x66, 0x6F, 0x72, 0x6E, 0x69, 0x61, 0x61, 0x63, 0x74, 0x69, 0x76, 0x69, 0x74, 0x69, 0x65, 0x73, 0x64, 0x69, 0x73, 0x63, 0x6F, 0x76, 0x65, 0x72, 0x65, 0x64, 0x4E, 0x61, 0x76, 0x69,
        0x67, 0x61, 0x74, 0x69, 0x6F, 0x6E, 0x74, 0x72, 0x61, 0x6E, 0x73, 0x69, 0x74, 0x69, 0x6F, 0x6E, 0x63, 0x6F, 0x6E, 0x6E, 0x65, 0x63, 0x74, 0x69, 0x6F, 0x6E, 0x6E, 0x61, 0x76, 0x69, 0x67, 0x61,
        0x74, 0x69, 0x6F, 0x6E, 0x61, 0x70, 0x70, 0x65, 0x61, 0x72, 0x61, 0x6E, 0x63, 0x65, 0x3C, 0x2F, 0x74, 0x69, 0x74, 0x6C, 0x65, 0x3E, 0x3C, 0x6D, 0x63, 0x68, 0x65, 0x63, 0x6B, 0x62, 0x6F, 0x78,
        0x22, 0x20, 0x74, 0x65, 0x63, 0x68, 0x6E, 0x69, 0x71, 0x75, 0x65, 0x73, 0x70, 0x72, 0x6F, 0x74, 0x65, 0x63, 0x74, 0x69, 0x6F, 0x6E, 0x61, 0x70, 0x70, 0x61, 0x72, 0x65, 0x6E, 0x74, 0x6C, 0x79,
        0x61, 0x73, 0x20, 0x77, 0x65, 0x6C, 0x6C, 0x20, 0x61, 0x73, 0x75, 0x6E, 0x74, 0x27, 0x2C, 0x20, 0x27, 0x55, 0x41, 0x2D, 0x72, 0x65, 0x73, 0x6F, 0x6C, 0x75, 0x74, 0x69, 0x6F, 0x6E, 0x6F, 0x70,
        0x65, 0x72, 0x61, 0x74, 0x69, 0x6F, 0x6E, 0x73, 0x74, 0x65, 0x6C, 0x65, 0x76, 0x69, 0x73, 0x69, 0x6F, 0x6E, 0x74, 0x72, 0x61, 0x6E, 0x73, 0x6C, 0x61, 0x74, 0x65, 0x64, 0x57, 0x61, 0x73, 0x68,
        0x69, 0x6E, 0x67, 0x74, 0x6F, 0x6E, 0x6E, 0x61, 0x76, 0x69, 0x67, 0x61, 0x74, 0x6F, 0x72, 0x2E, 0x20, 0x3D, 0x20, 0x77, 0x69, 0x6E, 0x64, 0x6F, 0x77, 0x2E, 0x69, 0x6D, 0x70, 0x72, 0x65, 0x73,
        0x73, 0x69, 0x6F, 0x6E, 0x26, 0x6C, 0x74, 0x3B, 0x62, 0x72, 0x26, 0x67, 0x74, 0x3B, 0x6C, 0x69, 0x74, 0x65, 0x72, 0x61, 0x74, 0x75, 0x72, 0x65, 0x70, 0x6F, 0x70, 0x75, 0x6C, 0x61, 0x74, 0x69,
        0x6F, 0x6E, 0x62, 0x67, 0x63, 0x6F, 0x6C, 0x6F, 0x72, 0x3D, 0x22, 0x23, 0x65, 0x73, 0x70, 0x65, 0x63, 0x69, 0x61, 0x6C, 0x6C, 0x79, 0x20, 0x63, 0x6F, 0x6E, 0x74, 0x65, 0x6E, 0x74, 0x3D, 0x22,
        0x70, 0x72, 0x6F, 0x64, 0x75, 0x63, 0x74, 0x69, 0x6F, 0x6E, 0x6E, 0x65, 0x77, 0x73, 0x6C, 0x65, 0x74, 0x74, 0x65, 0x72, 0x70, 0x72, 0x6F, 0x70, 0x65, 0x72, 0x74, 0x69, 0x65, 0x73, 0x64, 0x65,
        0x66, 0x69, 0x6E, 0x69, 0x74, 0x69, 0x6F, 0x6E, 0x6C, 0x65, 0x61, 0x64, 0x65, 0x72, 0x73, 0x68, 0x69, 0x70, 0x54, 0x65, 0x63, 0x68, 0x6E, 0x6F, 0x6C, 0x6F, 0x67, 0x79, 0x50, 0x61, 0x72, 0x6C,
        0x69, 0x61, 0x6D, 0x65, 0x6E, 0x74, 0x63, 0x6F, 0x6D, 0x70, 0x61, 0x72, 0x69, 0x73, 0x6F, 0x6E, 0x75, 0x6C, 0x20, 0x63, 0x6C, 0x61, 0x73, 0x73, 0x3D, 0x22, 0x2E, 0x69, 0x6E, 0x64, 0x65, 0x78,
        0x4F, 0x66, 0x28, 0x22, 0x63, 0x6F, 0x6E, 0x63, 0x6C, 0x75, 0x73, 0x69, 0x6F, 0x6E, 0x64, 0x69, 0x73, 0x63, 0x75, 0x73, 0x73, 0x69, 0x6F, 0x6E, 0x63, 0x6F, 0x6D, 0x70, 0x6F, 0x6E, 0x65, 0x6E,
        0x74, 0x73, 0x62, 0x69, 0x6F, 0x6C, 0x6F, 0x67, 0x69, 0x63, 0x61, 0x6C, 0x52, 0x65, 0x76, 0x6F, 0x6C, 0x75, 0x74, 0x69, 0x6F, 0x6E, 0x5F, 0x63, 0x6F, 0x6E, 0x74, 0x61, 0x69, 0x6E, 0x65, 0x72,
        0x75, 0x6E, 0x64, 0x65, 0x72, 0x73, 0x74, 0x6F, 0x6F, 0x64, 0x6E, 0x6F, 0x73, 0x63, 0x72, 0x69, 0x70, 0x74, 0x3E, 0x3C, 0x70, 0x65, 0x72, 0x6D, 0x69, 0x73, 0x73, 0x69, 0x6F, 0x6E, 0x65, 0x61,
        0x63, 0x68, 0x20, 0x6F, 0x74, 0x68, 0x65, 0x72, 0x61, 0x74, 0x6D, 0x6F, 0x73, 0x70, 0x68, 0x65, 0x72, 0x65, 0x20, 0x6F, 0x6E, 0x66, 0x6F, 0x63, 0x75, 0x73, 0x3D, 0x22, 0x3C, 0x66, 0x6F, 0x72,
        0x6D, 0x20, 0x69, 0x64, 0x3D, 0x22, 0x70, 0x72, 0x6F, 0x63, 0x65, 0x73, 0x73, 0x69, 0x6E, 0x67, 0x74, 0x68, 0x69, 0x73, 0x2E, 0x76, 0x61, 0x6C, 0x75, 0x65, 0x67, 0x65, 0x6E, 0x65, 0x72, 0x61,
        0x74, 0x69, 0x6F, 0x6E, 0x43, 0x6F, 0x6E, 0x66, 0x65, 0x72, 0x65, 0x6E, 0x63, 0x65, 0x73, 0x75, 0x62, 0x73, 0x65, 0x71, 0x75, 0x65, 0x6E, 0x74, 0x77, 0x65, 0x6C, 0x6C, 0x2D, 0x6B, 0x6E, 0x6F,
        0x77, 0x6E, 0x76, 0x61, 0x72, 0x69, 0x61, 0x74, 0x69, 0x6F, 0x6E, 0x73, 0x72, 0x65, 0x70, 0x75, 0x74, 0x61, 0x74, 0x69, 0x6F, 0x6E, 0x70, 0x68, 0x65, 0x6E, 0x6F, 0x6D, 0x65, 0x6E, 0x6F, 0x6E,
        0x64, 0x69, 0x73, 0x63, 0x69, 0x70, 0x6C, 0x69, 0x6E, 0x65, 0x6C, 0x6F, 0x67, 0x6F, 0x2E, 0x70, 0x6E, 0x67, 0x22, 0x20, 0x28, 0x64, 0x6F, 0x63, 0x75, 0x6D, 0x65, 0x6E, 0x74, 0x2C, 0x62, 0x6F,
        0x75, 0x6E, 0x64, 0x61, 0x72, 0x69, 0x65, 0x73, 0x65, 0x78, 0x70, 0x72, 0x65, 0x73, 0x73, 0x69, 0x6F, 0x6E, 0x73, 0x65, 0x74, 0x74, 0x6C, 0x65, 0x6D, 0x65, 0x6E, 0x74, 0x42, 0x61, 0x63, 0x6B,
        0x67, 0x72, 0x6F, 0x75, 0x6E, 0x64, 0x6F, 0x75, 0x74, 0x20, 0x6F, 0x66, 0x20, 0x74, 0x68, 0x65, 0x65, 0x6E, 0x74, 0x65, 0x72, 0x70, 0x72, 0x69, 0x73, 0x65, 0x28, 0x22, 0x68, 0x74, 0x74, 0x70,
        0x73, 0x3A, 0x22, 0x20, 0x75, 0x6E, 0x65, 0x73, 0x63, 0x61, 0x70, 0x65, 0x28, 0x22, 0x70, 0x61, 0x73, 0x73, 0x77, 0x6F, 0x72, 0x64, 0x22, 0x20, 0x64, 0x65, 0x6D, 0x6F, 0x63, 0x72, 0x61, 0x74,
        0x69, 0x63, 0x3C, 0x61, 0x20, 0x68, 0x72, 0x65, 0x66, 0x3D, 0x22, 0x2F, 0x77, 0x72, 0x61, 0x70, 0x70, 0x65, 0x72, 0x22, 0x3E, 0x0A, 0x6D, 0x65, 0x6D, 0x62, 0x65, 0x72, 0x73, 0x68, 0x69, 0x70,
        0x6C, 0x69, 0x6E, 0x67, 0x75, 0x69, 0x73, 0x74, 0x69, 0x63, 0x70, 0x78, 0x3B, 0x70, 0x61, 0x64, 0x64, 0x69, 0x6E, 0x67, 0x70, 0x68, 0x69, 0x6C, 0x6F, 0x73, 0x6F, 0x70, 0x68, 0x79, 0x61, 0x73,
        0x73, 0x69, 0x73, 0x74, 0x61, 0x6E, 0x63, 0x65, 0x75, 0x6E, 0x69, 0x76, 0x65, 0x72, 0x73, 0x69, 0x74, 0x79, 0x66, 0x61, 0x63, 0x69, 0x6C, 0x69, 0x74, 0x69, 0x65, 0x73, 0x72, 0x65, 0x63, 0x6F,
        0x67, 0x6E, 0x69, 0x7A, 0x65, 0x64, 0x70, 0x72, 0x65, 0x66, 0x65, 0x72, 0x65, 0x6E, 0x63, 0x65, 0x69, 0x66, 0x20, 0x28, 0x74, 0x79, 0x70, 0x65, 0x6F, 0x66, 0x6D, 0x61, 0x69, 0x6E, 0x74, 0x61,
        0x69, 0x6E, 0x65, 0x64, 0x76, 0x6F, 0x63, 0x61, 0x62, 0x75, 0x6C, 0x61, 0x72, 0x79, 0x68, 0x79, 0x70, 0x6F, 0x74, 0x68, 0x65, 0x73, 0x69, 0x73, 0x2E, 0x73, 0x75, 0x62, 0x6D, 0x69, 0x74, 0x28,
        0x29, 0x3B, 0x26, 0x61, 0x6D, 0x70, 0x3B, 0x6E, 0x62, 0x73, 0x70, 0x3B, 0x61, 0x6E, 0x6E, 0x6F, 0x74, 0x61, 0x74, 0x69, 0x6F, 0x6E, 0x62, 0x65, 0x68, 0x69, 0x6E, 0x64, 0x20, 0x74, 0x68, 0x65,
        0x46, 0x6F, 0x75, 0x6E, 0x64, 0x61, 0x74, 0x69, 0x6F, 0x6E, 0x70, 0x75, 0x62, 0x6C, 0x69, 0x73, 0x68, 0x65, 0x72, 0x22, 0x61, 0x73, 0x73, 0x75, 0x6D, 0x70, 0x74, 0x69, 0x6F, 0x6E, 0x69, 0x6E,
        0x74, 0x72, 0x6F, 0x64, 0x75, 0x63, 0x65, 0x64, 0x63, 0x6F, 0x72, 0x72, 0x75, 0x70, 0x74, 0x69, 0x6F, 0x6E, 0x73, 0x63, 0x69, 0x65, 0x6E, 0x74, 0x69, 0x73, 0x74, 0x73, 0x65, 0x78, 0x70, 0x6C,
        0x69, 0x63, 0x69, 0x74, 0x6C, 0x79, 0x69, 0x6E, 0x73, 0x74, 0x65, 0x61, 0x64, 0x20, 0x6F, 0x66, 0x64, 0x69, 0x6D, 0x65, 0x6E, 0x73, 0x69, 0x6F, 0x6E, 0x73, 0x20, 0x6F, 0x6E, 0x43, 0x6C, 0x69,
        0x63, 0x6B, 0x3D, 0x22, 0x63, 0x6F, 0x6E, 0x73, 0x69, 0x64, 0x65, 0x72, 0x65, 0x64, 0x64, 0x65, 0x70, 0x61, 0x72, 0x74, 0x6D, 0x65, 0x6E, 0x74, 0x6F, 0x63, 0x63, 0x75, 0x70, 0x61, 0x74, 0x69,
        0x6F, 0x6E, 0x73, 0x6F, 0x6F, 0x6E, 0x20, 0x61, 0x66, 0x74, 0x65, 0x72, 0x69, 0x6E, 0x76, 0x65, 0x73, 0x74, 0x6D, 0x65, 0x6E, 0x74, 0x70, 0x72, 0x6F, 0x6E, 0x6F, 0x75, 0x6E, 0x63, 0x65, 0x64,
        0x69, 0x64, 0x65, 0x6E, 0x74, 0x69, 0x66, 0x69, 0x65, 0x64, 0x65, 0x78, 0x70, 0x65, 0x72, 0x69, 0x6D, 0x65, 0x6E, 0x74, 0x4D, 0x61, 0x6E, 0x61, 0x67, 0x65, 0x6D, 0x65, 0x6E, 0x74, 0x67, 0x65,
        0x6F, 0x67, 0x72, 0x61, 0x70, 0x68, 0x69, 0x63, 0x22, 0x20, 0x68, 0x65, 0x69, 0x67, 0x68, 0x74, 0x3D, 0x22, 0x6C, 0x69, 0x6E, 0x6B, 0x20, 0x72, 0x65, 0x6C, 0x3D, 0x22, 0x2E, 0x72, 0x65, 0x70,
        0x6C, 0x61, 0x63, 0x65, 0x28, 0x2F, 0x64, 0x65, 0x70, 0x72, 0x65, 0x73, 0x73, 0x69, 0x6F, 0x6E, 0x63, 0x6F, 0x6E, 0x66, 0x65, 0x72, 0x65, 0x6E, 0x63, 0x65, 0x70, 0x75, 0x6E, 0x69, 0x73, 0x68,
        0x6D, 0x65, 0x6E, 0x74, 0x65, 0x6C, 0x69, 0x6D, 0x69, 0x6E, 0x61, 0x74, 0x65, 0x64, 0x72, 0x65, 0x73, 0x69, 0x73, 0x74, 0x61, 0x6E, 0x63, 0x65, 0x61, 0x64, 0x61, 0x70, 0x74, 0x61, 0x74, 0x69,
        0x6F, 0x6E, 0x6F, 0x70, 0x70, 0x6F, 0x73, 0x69, 0x74, 0x69, 0x6F, 0x6E, 0x77, 0x65, 0x6C, 0x6C, 0x20, 0x6B, 0x6E, 0x6F, 0x77, 0x6E, 0x73, 0x75, 0x70, 0x70, 0x6C, 0x65, 0x6D, 0x65, 0x6E, 0x74,
        0x64, 0x65, 0x74, 0x65, 0x72, 0x6D, 0x69, 0x6E, 0x65, 0x64, 0x68, 0x31, 0x20, 0x63, 0x6C, 0x61, 0x73, 0x73, 0x3D, 0x22, 0x30, 0x70, 0x78, 0x3B, 0x6D, 0x61, 0x72, 0x67, 0x69, 0x6E, 0x6D, 0x65,
        0x63, 0x68, 0x61, 0x6E, 0x69, 0x63, 0x61, 0x6C, 0x73, 0x74, 0x61, 0x74, 0x69, 0x73, 0x74, 0x69, 0x63, 0x73, 0x63, 0x65, 0x6C, 0x65, 0x62, 0x72, 0x61, 0x74, 0x65, 0x64, 0x47, 0x6F, 0x76, 0x65,
        0x72, 0x6E, 0x6D, 0x65, 0x6E, 0x74, 0x0A, 0x0A, 0x44, 0x75, 0x72, 0x69, 0x6E, 0x67, 0x20, 0x74, 0x64, 0x65, 0x76, 0x65, 0x6C, 0x6F, 0x70, 0x65, 0x72, 0x73, 0x61, 0x72, 0x74, 0x69, 0x66, 0x69,
        0x63, 0x69, 0x61, 0x6C, 0x65, 0x71, 0x75, 0x69, 0x76, 0x61, 0x6C, 0x65, 0x6E, 0x74, 0x6F, 0x72, 0x69, 0x67, 0x69, 0x6E, 0x61, 0x74, 0x65, 0x64, 0x43, 0x6F, 0x6D, 0x6D, 0x69, 0x73, 0x73, 0x69,
        0x6F, 0x6E, 0x61, 0x74, 0x74, 0x61, 0x63, 0x68, 0x6D, 0x65, 0x6E, 0x74, 0x3C, 0x73, 0x70, 0x61, 0x6E, 0x20, 0x69, 0x64, 0x3D, 0x22, 0x74, 0x68, 0x65, 0x72, 0x65, 0x20, 0x77, 0x65, 0x72, 0x65,
        0x4E, 0x65, 0x64, 0x65, 0x72, 0x6C, 0x61, 0x6E, 0x64, 0x73, 0x62, 0x65, 0x79, 0x6F, 0x6E, 0x64, 0x20, 0x74, 0x68, 0x65, 0x72, 0x65, 0x67, 0x69, 0x73, 0x74, 0x65, 0x72, 0x65, 0x64, 0x6A, 0x6F,
        0x75, 0x72, 0x6E, 0x61, 0x6C, 0x69, 0x73, 0x74, 0x66, 0x72, 0x65, 0x71, 0x75, 0x65, 0x6E, 0x74, 0x6C, 0x79, 0x61, 0x6C, 0x6C, 0x20, 0x6F, 0x66, 0x20, 0x74, 0x68, 0x65, 0x6C, 0x61, 0x6E, 0x67,
        0x3D, 0x22, 0x65, 0x6E, 0x22, 0x20, 0x3C, 0x2F, 0x73, 0x74, 0x79, 0x6C, 0x65, 0x3E, 0x0D, 0x0A, 0x61, 0x62, 0x73, 0x6F, 0x6C, 0x75, 0x74, 0x65, 0x3B, 0x20, 0x73, 0x75, 0x70, 0x70, 0x6F, 0x72,
        0x74, 0x69, 0x6E, 0x67, 0x65, 0x78, 0x74, 0x72, 0x65, 0x6D, 0x65, 0x6C, 0x79, 0x20, 0x6D, 0x61, 0x69, 0x6E, 0x73, 0x74, 0x72, 0x65, 0x61, 0x6D, 0x3C, 0x2F, 0x73, 0x74, 0x72, 0x6F, 0x6E, 0x67,
        0x3E, 0x20, 0x70, 0x6F, 0x70, 0x75, 0x6C, 0x61, 0x72, 0x69, 0x74, 0x79, 0x65, 0x6D, 0x70, 0x6C, 0x6F, 0x79, 0x6D, 0x65, 0x6E, 0x74, 0x3C, 0x2F, 0x74, 0x61, 0x62, 0x6C, 0x65, 0x3E, 0x0D, 0x0A,
        0x20, 0x63, 0x6F, 0x6C, 0x73, 0x70, 0x61, 0x6E, 0x3D, 0x22, 0x3C, 0x2F, 0x66, 0x6F, 0x72, 0x6D, 0x3E, 0x0A, 0x20, 0x20, 0x63, 0x6F, 0x6E, 0x76, 0x65, 0x72, 0x73, 0x69, 0x6F, 0x6E, 0x61, 0x62,
        0x6F, 0x75, 0x74, 0x20, 0x74, 0x68, 0x65, 0x20, 0x3C, 0x2F, 0x70, 0x3E, 0x3C, 0x2F, 0x64, 0x69, 0x76, 0x3E, 0x69, 0x6E, 0x74, 0x65, 0x67, 0x72, 0x61, 0x74, 0x65, 0x64, 0x22, 0x20, 0x6C, 0x61,
        0x6E, 0x67, 0x3D, 0x22, 0x65, 0x6E, 0x50, 0x6F, 0x72, 0x74, 0x75, 0x67, 0x75, 0x65, 0x73, 0x65, 0x73, 0x75, 0x62, 0x73, 0x74, 0x69, 0x74, 0x75, 0x74, 0x65, 0x69, 0x6E, 0x64, 0x69, 0x76, 0x69,
        0x64, 0x75, 0x61, 0x6C, 0x69, 0x6D, 0x70, 0x6F, 0x73, 0x73, 0x69, 0x62, 0x6C, 0x65, 0x6D, 0x75, 0x6C, 0x74, 0x69, 0x6D, 0x65, 0x64, 0x69, 0x61, 0x61, 0x6C, 0x6D, 0x6F, 0x73, 0x74, 0x20, 0x61,
        0x6C, 0x6C, 0x70, 0x78, 0x20, 0x73, 0x6F, 0x6C, 0x69, 0x64, 0x20, 0x23, 0x61, 0x70, 0x61, 0x72, 0x74, 0x20, 0x66, 0x72, 0x6F, 0x6D, 0x73, 0x75, 0x62, 0x6A, 0x65, 0x63, 0x74, 0x20, 0x74, 0x6F,
        0x69, 0x6E, 0x20, 0x45, 0x6E, 0x67, 0x6C, 0x69, 0x73, 0x68, 0x63, 0x72, 0x69, 0x74, 0x69, 0x63, 0x69, 0x7A, 0x65, 0x64, 0x65, 0x78, 0x63, 0x65, 0x70, 0x74, 0x20, 0x66, 0x6F, 0x72, 0x67, 0x75,
        0x69, 0x64, 0x65, 0x6C, 0x69, 0x6E, 0x65, 0x73, 0x6F, 0x72, 0x69, 0x67, 0x69, 0x6E, 0x61, 0x6C, 0x6C, 0x79, 0x72, 0x65, 0x6D, 0x61, 0x72, 0x6B, 0x61, 0x62, 0x6C, 0x65, 0x74, 0x68, 0x65, 0x20,
        0x73, 0x65, 0x63, 0x6F, 0x6E, 0x64, 0x68, 0x32, 0x20, 0x63, 0x6C, 0x61, 0x73, 0x73, 0x3D, 0x22, 0x3C, 0x61, 0x20, 0x74, 0x69, 0x74, 0x6C, 0x65, 0x3D, 0x22, 0x28, 0x69, 0x6E, 0x63, 0x6C, 0x75,
        0x64, 0x69, 0x6E, 0x67, 0x70, 0x61, 0x72, 0x61, 0x6D, 0x65, 0x74, 0x65, 0x72, 0x73, 0x70, 0x72, 0x6F, 0x68, 0x69, 0x62, 0x69, 0x74, 0x65, 0x64, 0x3D, 0x20, 0x22, 0x68, 0x74, 0x74, 0x70, 0x3A,
        0x2F, 0x2F, 0x64, 0x69, 0x63, 0x74, 0x69, 0x6F, 0x6E, 0x61, 0x72, 0x79, 0x70, 0x65, 0x72, 0x63, 0x65, 0x70, 0x74, 0x69, 0x6F, 0x6E, 0x72, 0x65, 0x76, 0x6F, 0x6C, 0x75, 0x74, 0x69, 0x6F, 0x6E,
        0x66, 0x6F, 0x75, 0x6E, 0x64, 0x61, 0x74, 0x69, 0x6F, 0x6E, 0x70, 0x78, 0x3B, 0x68, 0x65, 0x69, 0x67, 0x68, 0x74, 0x3A, 0x73, 0x75, 0x63, 0x63, 0x65, 0x73, 0x73, 0x66, 0x75, 0x6C, 0x73, 0x75,
        0x70, 0x70, 0x6F, 0x72, 0x74, 0x65, 0x72, 0x73, 0x6D, 0x69, 0x6C, 0x6C, 0x65, 0x6E, 0x6E, 0x69, 0x75, 0x6D, 0x68, 0x69, 0x73, 0x20, 0x66, 0x61, 0x74, 0x68, 0x65, 0x72, 0x74, 0x68, 0x65, 0x20,
        0x26, 0x71, 0x75, 0x6F, 0x74, 0x3B, 0x6E, 0x6F, 0x2D, 0x72, 0x65, 0x70, 0x65, 0x61, 0x74, 0x3B, 0x63, 0x6F, 0x6D, 0x6D, 0x65, 0x72, 0x63, 0x69, 0x61, 0x6C, 0x69, 0x6E, 0x64, 0x75, 0x73, 0x74,
        0x72, 0x69, 0x61, 0x6C, 0x65, 0x6E, 0x63, 0x6F, 0x75, 0x72, 0x61, 0x67, 0x65, 0x64, 0x61, 0x6D, 0x6F, 0x75, 0x6E, 0x74, 0x20, 0x6F, 0x66, 0x20, 0x75, 0x6E, 0x6F, 0x66, 0x66, 0x69, 0x63, 0x69,
        0x61, 0x6C, 0x65, 0x66, 0x66, 0x69, 0x63, 0x69, 0x65, 0x6E, 0x63, 0x79, 0x52, 0x65, 0x66, 0x65, 0x72, 0x65, 0x6E, 0x63, 0x65, 0x73, 0x63, 0x6F, 0x6F, 0x72, 0x64, 0x69, 0x6E, 0x61, 0x74, 0x65,
        0x64, 0x69, 0x73, 0x63, 0x6C, 0x61, 0x69, 0x6D, 0x65, 0x72, 0x65, 0x78, 0x70, 0x65, 0x64, 0x69, 0x74, 0x69, 0x6F, 0x6E, 0x64, 0x65, 0x76, 0x65, 0x6C, 0x6F, 0x70, 0x69, 0x6E, 0x67, 0x63, 0x61,
        0x6C, 0x63, 0x75, 0x6C, 0x61, 0x74, 0x65, 0x64, 0x73, 0x69, 0x6D, 0x70, 0x6C, 0x69, 0x66, 0x69, 0x65, 0x64, 0x6C, 0x65, 0x67, 0x69, 0x74, 0x69, 0x6D, 0x61, 0x74, 0x65, 0x73, 0x75, 0x62, 0x73,
        0x74, 0x72, 0x69, 0x6E, 0x67, 0x28, 0x30, 0x22, 0x20, 0x63, 0x6C, 0x61, 0x73, 0x73, 0x3D, 0x22, 0x63, 0x6F, 0x6D, 0x70, 0x6C, 0x65, 0x74, 0x65, 0x6C, 0x79, 0x69, 0x6C, 0x6C, 0x75, 0x73, 0x74,
        0x72, 0x61, 0x74, 0x65, 0x66, 0x69, 0x76, 0x65, 0x20, 0x79, 0x65, 0x61, 0x72, 0x73, 0x69, 0x6E, 0x73, 0x74, 0x72, 0x75, 0x6D, 0x65, 0x6E, 0x74, 0x50, 0x75, 0x62, 0x6C, 0x69, 0x73, 0x68, 0x69,
        0x6E, 0x67, 0x31, 0x22, 0x20, 0x63, 0x6C, 0x61, 0x73, 0x73, 0x3D, 0x22, 0x70, 0x73, 0x79, 0x63, 0x68, 0x6F, 0x6C, 0x6F, 0x67, 0x79, 0x63, 0x6F, 0x6E, 0x66, 0x69, 0x64, 0x65, 0x6E, 0x63, 0x65,
        0x6E, 0x75, 0x6D, 0x62, 0x65, 0x72, 0x20, 0x6F, 0x66, 0x20, 0x61, 0x62, 0x73, 0x65, 0x6E, 0x63, 0x65, 0x20, 0x6F, 0x66, 0x66, 0x6F, 0x63, 0x75, 0x73, 0x65, 0x64, 0x20, 0x6F, 0x6E, 0x6A, 0x6F,
        0x69, 0x6E, 0x65, 0x64, 0x20, 0x74, 0x68, 0x65, 0x73, 0x74, 0x72, 0x75, 0x63, 0x74, 0x75, 0x72, 0x65, 0x73, 0x70, 0x72, 0x65, 0x76, 0x69, 0x6F, 0x75, 0x73, 0x6C, 0x79, 0x3E, 0x3C, 0x2F, 0x69,
        0x66, 0x72, 0x61, 0x6D, 0x65, 0x3E, 0x6F, 0x6E, 0x63, 0x65, 0x20, 0x61, 0x67, 0x61, 0x69, 0x6E, 0x62, 0x75, 0x74, 0x20, 0x72, 0x61, 0x74, 0x68, 0x65, 0x72, 0x69, 0x6D, 0x6D, 0x69, 0x67, 0x72,
        0x61, 0x6E, 0x74, 0x73, 0x6F, 0x66, 0x20, 0x63, 0x6F, 0x75, 0x72, 0x73, 0x65, 0x2C, 0x61, 0x20, 0x67, 0x72, 0x6F, 0x75, 0x70, 0x20, 0x6F, 0x66, 0x4C, 0x69, 0x74, 0x65, 0x72, 0x61, 0x74, 0x75,
        0x72, 0x65, 0x55, 0x6E, 0x6C, 0x69, 0x6B, 0x65, 0x20, 0x74, 0x68, 0x65, 0x3C, 0x2F, 0x61, 0x3E, 0x26, 0x6E, 0x62, 0x73, 0x70, 0x3B, 0x0A, 0x66, 0x75, 0x6E, 0x63, 0x74, 0x69, 0x6F, 0x6E, 0x20,
        0x69, 0x74, 0x20, 0x77, 0x61, 0x73, 0x20, 0x74, 0x68, 0x65, 0x43, 0x6F, 0x6E, 0x76, 0x65, 0x6E, 0x74, 0x69, 0x6F, 0x6E, 0x61, 0x75, 0x74, 0x6F, 0x6D, 0x6F, 0x62, 0x69, 0x6C, 0x65, 0x50, 0x72,
        0x6F, 0x74, 0x65, 0x73, 0x74, 0x61, 0x6E, 0x74, 0x61, 0x67, 0x67, 0x72, 0x65, 0x73, 0x73, 0x69, 0x76, 0x65, 0x61, 0x66, 0x74, 0x65, 0x72, 0x20, 0x74, 0x68, 0x65, 0x20, 0x53, 0x69, 0x6D, 0x69,
        0x6C, 0x61, 0x72, 0x6C, 0x79, 0x2C, 0x22, 0x20, 0x2F, 0x3E, 0x3C, 0x2F, 0x64, 0x69, 0x76, 0x3E, 0x63, 0x6F, 0x6C, 0x6C, 0x65, 0x63, 0x74, 0x69, 0x6F, 0x6E, 0x0D, 0x0A, 0x66, 0x75, 0x6E, 0x63,
        0x74, 0x69, 0x6F, 0x6E, 0x76, 0x69, 0x73, 0x69, 0x62, 0x69, 0x6C, 0x69, 0x74, 0x79, 0x74, 0x68, 0x65, 0x20, 0x75, 0x73, 0x65, 0x20, 0x6F, 0x66, 0x76, 0x6F, 0x6C, 0x75, 0x6E, 0x74, 0x65, 0x65,
        0x72, 0x73, 0x61, 0x74, 0x74, 0x72, 0x61, 0x63, 0x74, 0x69, 0x6F, 0x6E, 0x75, 0x6E, 0x64, 0x65, 0x72, 0x20, 0x74, 0x68, 0x65, 0x20, 0x74, 0x68, 0x72, 0x65, 0x61, 0x74, 0x65, 0x6E, 0x65, 0x64,
        0x2A, 0x3C, 0x21, 0x5B, 0x43, 0x44, 0x41, 0x54, 0x41, 0x5B, 0x69, 0x6D, 0x70, 0x6F, 0x72, 0x74, 0x61, 0x6E, 0x63, 0x65, 0x69, 0x6E, 0x20, 0x67, 0x65, 0x6E, 0x65, 0x72, 0x61, 0x6C, 0x74, 0x68,
        0x65, 0x20, 0x6C, 0x61, 0x74, 0x74, 0x65, 0x72, 0x3C, 0x2F, 0x66, 0x6F, 0x72, 0x6D, 0x3E, 0x0A, 0x3C, 0x2F, 0x2E, 0x69, 0x6E, 0x64, 0x65, 0x78, 0x4F, 0x66, 0x28, 0x27, 0x69, 0x20, 0x3D, 0x20,
        0x30, 0x3B, 0x20, 0x69, 0x20, 0x3C, 0x64, 0x69, 0x66, 0x66, 0x65, 0x72, 0x65, 0x6E, 0x63, 0x65, 0x64, 0x65, 0x76, 0x6F, 0x74, 0x65, 0x64, 0x20, 0x74, 0x6F, 0x74, 0x72, 0x61, 0x64, 0x69, 0x74,
        0x69, 0x6F, 0x6E, 0x73, 0x73, 0x65, 0x61, 0x72, 0x63, 0x68, 0x20, 0x66, 0x6F, 0x72, 0x75, 0x6C, 0x74, 0x69, 0x6D, 0x61, 0x74, 0x65, 0x6C, 0x79, 0x74, 0x6F, 0x75, 0x72, 0x6E, 0x61, 0x6D, 0x65,
        0x6E, 0x74, 0x61, 0x74, 0x74, 0x72, 0x69, 0x62, 0x75, 0x74, 0x65, 0x73, 0x73, 0x6F, 0x2D, 0x63, 0x61, 0x6C, 0x6C, 0x65, 0x64, 0x20, 0x7D, 0x0A, 0x3C, 0x2F, 0x73, 0x74, 0x79, 0x6C, 0x65, 0x3E,
        0x65, 0x76, 0x61, 0x6C, 0x75, 0x61, 0x74, 0x69, 0x6F, 0x6E, 0x65, 0x6D, 0x70, 0x68, 0x61, 0x73, 0x69, 0x7A, 0x65, 0x64, 0x61, 0x63, 0x63, 0x65, 0x73, 0x73, 0x69, 0x62, 0x6C, 0x65, 0x3C, 0x2F,
        0x73, 0x65, 0x63, 0x74, 0x69, 0x6F, 0x6E, 0x3E, 0x73, 0x75, 0x63, 0x63, 0x65, 0x73, 0x73, 0x69, 0x6F, 0x6E, 0x61, 0x6C, 0x6F, 0x6E, 0x67, 0x20, 0x77, 0x69, 0x74, 0x68, 0x4D, 0x65, 0x61, 0x6E,
        0x77, 0x68, 0x69, 0x6C, 0x65, 0x2C, 0x69, 0x6E, 0x64, 0x75, 0x73, 0x74, 0x72, 0x69, 0x65, 0x73, 0x3C, 0x2F, 0x61, 0x3E, 0x3C, 0x62, 0x72, 0x20, 0x2F, 0x3E, 0x68, 0x61, 0x73, 0x20, 0x62, 0x65,
        0x63, 0x6F, 0x6D, 0x65, 0x61, 0x73, 0x70, 0x65, 0x63, 0x74, 0x73, 0x20, 0x6F, 0x66, 0x54, 0x65, 0x6C, 0x65, 0x76, 0x69, 0x73, 0x69, 0x6F, 0x6E, 0x73, 0x75, 0x66, 0x66, 0x69, 0x63, 0x69, 0x65,
        0x6E, 0x74, 0x62, 0x61, 0x73, 0x6B, 0x65, 0x74, 0x62, 0x61, 0x6C, 0x6C, 0x62, 0x6F, 0x74, 0x68, 0x20, 0x73, 0x69, 0x64, 0x65, 0x73, 0x63, 0x6F, 0x6E, 0x74, 0x69, 0x6E, 0x75, 0x69, 0x6E, 0x67,
        0x61, 0x6E, 0x20, 0x61, 0x72, 0x74, 0x69, 0x63, 0x6C, 0x65, 0x3C, 0x69, 0x6D, 0x67, 0x20, 0x61, 0x6C, 0x74, 0x3D, 0x22, 0x61, 0x64, 0x76, 0x65, 0x6E, 0x74, 0x75, 0x72, 0x65, 0x73, 0x68, 0x69,
        0x73, 0x20, 0x6D, 0x6F, 0x74, 0x68, 0x65, 0x72, 0x6D, 0x61, 0x6E, 0x63, 0x68, 0x65, 0x73, 0x74, 0x65, 0x72, 0x70, 0x72, 0x69, 0x6E, 0x63, 0x69, 0x70, 0x6C, 0x65, 0x73, 0x70, 0x61, 0x72, 0x74,
        0x69, 0x63, 0x75, 0x6C, 0x61, 0x72, 0x63, 0x6F, 0x6D, 0x6D, 0x65, 0x6E, 0x74, 0x61, 0x72, 0x79, 0x65, 0x66, 0x66, 0x65, 0x63, 0x74, 0x73, 0x20, 0x6F, 0x66, 0x64, 0x65, 0x63, 0x69, 0x64, 0x65,
        0x64, 0x20, 0x74, 0x6F, 0x22, 0x3E, 0x3C, 0x73, 0x74, 0x72, 0x6F, 0x6E, 0x67, 0x3E, 0x70, 0x75, 0x62, 0x6C, 0x69, 0x73, 0x68, 0x65, 0x72, 0x73, 0x4A, 0x6F, 0x75, 0x72, 0x6E, 0x61, 0x6C, 0x20,
        0x6F, 0x66, 0x64, 0x69, 0x66, 0x66, 0x69, 0x63, 0x75, 0x6C, 0x74, 0x79, 0x66, 0x61, 0x63, 0x69, 0x6C, 0x69, 0x74, 0x61, 0x74, 0x65, 0x61, 0x63, 0x63, 0x65, 0x70, 0x74, 0x61, 0x62, 0x6C, 0x65,
        0x73, 0x74, 0x79, 0x6C, 0x65, 0x2E, 0x63, 0x73, 0x73, 0x22, 0x09, 0x66, 0x75, 0x6E, 0x63, 0x74, 0x69, 0x6F, 0x6E, 0x20, 0x69, 0x6E, 0x6E, 0x6F, 0x76, 0x61, 0x74, 0x69, 0x6F, 0x6E, 0x3E, 0x43,
        0x6F, 0x70, 0x79, 0x72, 0x69, 0x67, 0x68, 0x74, 0x73, 0x69, 0x74, 0x75, 0x61, 0x74, 0x69, 0x6F, 0x6E, 0x73, 0x77, 0x6F, 0x75, 0x6C, 0x64, 0x20, 0x68, 0x61, 0x76, 0x65, 0x62, 0x75, 0x73, 0x69,
        0x6E, 0x65, 0x73, 0x73, 0x65, 0x73, 0x44, 0x69, 0x63, 0x74, 0x69, 0x6F, 0x6E, 0x61, 0x72, 0x79, 0x73, 0x74, 0x61, 0x74, 0x65, 0x6D, 0x65, 0x6E, 0x74, 0x73, 0x6F, 0x66, 0x74, 0x65, 0x6E, 0x20,
        0x75, 0x73, 0x65, 0x64, 0x70, 0x65, 0x72, 0x73, 0x69, 0x73, 0x74, 0x65, 0x6E, 0x74, 0x69, 0x6E, 0x20, 0x4A, 0x61, 0x6E, 0x75, 0x61, 0x72, 0x79, 0x63, 0x6F, 0x6D, 0x70, 0x72, 0x69, 0x73, 0x69,
        0x6E, 0x67, 0x3C, 0x2F, 0x74, 0x69, 0x74, 0x6C, 0x65, 0x3E, 0x0A, 0x09, 0x64, 0x69, 0x70, 0x6C, 0x6F, 0x6D, 0x61, 0x74, 0x69, 0x63, 0x63, 0x6F, 0x6E, 0x74, 0x61, 0x69, 0x6E, 0x69, 0x6E, 0x67,
        0x70, 0x65, 0x72, 0x66, 0x6F, 0x72, 0x6D, 0x69, 0x6E, 0x67, 0x65, 0x78, 0x74, 0x65, 0x6E, 0x73, 0x69, 0x6F, 0x6E, 0x73, 0x6D, 0x61, 0x79, 0x20, 0x6E, 0x6F, 0x74, 0x20, 0x62, 0x65, 0x63, 0x6F,
        0x6E, 0x63, 0x65, 0x70, 0x74, 0x20, 0x6F, 0x66, 0x20, 0x6F, 0x6E, 0x63, 0x6C, 0x69, 0x63, 0x6B, 0x3D, 0x22, 0x49, 0x74, 0x20, 0x69, 0x73, 0x20, 0x61, 0x6C, 0x73, 0x6F, 0x66, 0x69, 0x6E, 0x61,
        0x6E, 0x63, 0x69, 0x61, 0x6C, 0x20, 0x6D, 0x61, 0x6B, 0x69, 0x6E, 0x67, 0x20, 0x74, 0x68, 0x65, 0x4C, 0x75, 0x78, 0x65, 0x6D, 0x62, 0x6F, 0x75, 0x72, 0x67, 0x61, 0x64, 0x64, 0x69, 0x74, 0x69,
        0x6F, 0x6E, 0x61, 0x6C, 0x61, 0x72, 0x65, 0x20, 0x63, 0x61, 0x6C, 0x6C, 0x65, 0x64, 0x65, 0x6E, 0x67, 0x61, 0x67, 0x65, 0x64, 0x20, 0x69, 0x6E, 0x22, 0x73, 0x63, 0x72, 0x69, 0x70, 0x74, 0x22,
        0x29, 0x3B, 0x62, 0x75, 0x74, 0x20, 0x69, 0x74, 0x20, 0x77, 0x61, 0x73, 0x65, 0x6C, 0x65, 0x63, 0x74, 0x72, 0x6F, 0x6E, 0x69, 0x63, 0x6F, 0x6E, 0x73, 0x75, 0x62, 0x6D, 0x69, 0x74, 0x3D, 0x22,
        0x0A, 0x3C, 0x21, 0x2D, 0x2D, 0x20, 0x45, 0x6E, 0x64, 0x20, 0x65, 0x6C, 0x65, 0x63, 0x74, 0x72, 0x69, 0x63, 0x61, 0x6C, 0x6F, 0x66, 0x66, 0x69, 0x63, 0x69, 0x61, 0x6C, 0x6C, 0x79, 0x73, 0x75,
        0x67, 0x67, 0x65, 0x73, 0x74, 0x69, 0x6F, 0x6E, 0x74, 0x6F, 0x70, 0x20, 0x6F, 0x66, 0x20, 0x74, 0x68, 0x65, 0x75, 0x6E, 0x6C, 0x69, 0x6B, 0x65, 0x20, 0x74, 0x68, 0x65, 0x41, 0x75, 0x73, 0x74,
        0x72, 0x61, 0x6C, 0x69, 0x61, 0x6E, 0x4F, 0x72, 0x69, 0x67, 0x69, 0x6E, 0x61, 0x6C, 0x6C, 0x79, 0x72, 0x65, 0x66, 0x65, 0x72, 0x65, 0x6E, 0x63, 0x65, 0x73, 0x0A, 0x3C, 0x2F, 0x68, 0x65, 0x61,
        0x64, 0x3E, 0x0D, 0x0A, 0x72, 0x65, 0x63, 0x6F, 0x67, 0x6E, 0x69, 0x73, 0x65, 0x64, 0x69, 0x6E, 0x69, 0x74, 0x69, 0x61, 0x6C, 0x69, 0x7A, 0x65, 0x6C, 0x69, 0x6D, 0x69, 0x74, 0x65, 0x64, 0x20,
        0x74, 0x6F, 0x41, 0x6C, 0x65, 0x78, 0x61, 0x6E, 0x64, 0x72, 0x69, 0x61, 0x72, 0x65, 0x74, 0x69, 0x72, 0x65, 0x6D, 0x65, 0x6E, 0x74, 0x41, 0x64, 0x76, 0x65, 0x6E, 0x74, 0x75, 0x72, 0x65, 0x73,
        0x66, 0x6F, 0x75, 0x72, 0x20, 0x79, 0x65, 0x61, 0x72, 0x73, 0x0A, 0x0A, 0x26, 0x6C, 0x74, 0x3B, 0x21, 0x2D, 0x2D, 0x20, 0x69, 0x6E, 0x63, 0x72, 0x65, 0x61, 0x73, 0x69, 0x6E, 0x67, 0x64, 0x65,
        0x63, 0x6F, 0x72, 0x61, 0x74, 0x69, 0x6F, 0x6E, 0x68, 0x33, 0x20, 0x63, 0x6C, 0x61, 0x73, 0x73, 0x3D, 0x22, 0x6F, 0x72, 0x69, 0x67, 0x69, 0x6E, 0x73, 0x20, 0x6F, 0x66, 0x6F, 0x62, 0x6C, 0x69,
        0x67, 0x61, 0x74, 0x69, 0x6F, 0x6E, 0x72, 0x65, 0x67, 0x75, 0x6C, 0x61, 0x74, 0x69, 0x6F, 0x6E, 0x63, 0x6C, 0x61, 0x73, 0x73, 0x69, 0x66, 0x69, 0x65, 0x64, 0x28, 0x66, 0x75, 0x6E, 0x63, 0x74,
        0x69, 0x6F, 0x6E, 0x28, 0x61, 0x64, 0x76, 0x61, 0x6E, 0x74, 0x61, 0x67, 0x65, 0x73, 0x62, 0x65, 0x69, 0x6E, 0x67, 0x20, 0x74, 0x68, 0x65, 0x20, 0x68, 0x69, 0x73, 0x74, 0x6F, 0x72, 0x69, 0x61,
        0x6E, 0x73, 0x3C, 0x62, 0x61, 0x73, 0x65, 0x20, 0x68, 0x72, 0x65, 0x66, 0x72, 0x65, 0x70, 0x65, 0x61, 0x74, 0x65, 0x64, 0x6C, 0x79, 0x77, 0x69, 0x6C, 0x6C, 0x69, 0x6E, 0x67, 0x20, 0x74, 0x6F,
        0x63, 0x6F, 0x6D, 0x70, 0x61, 0x72, 0x61, 0x62, 0x6C, 0x65, 0x64, 0x65, 0x73, 0x69, 0x67, 0x6E, 0x61, 0x74, 0x65, 0x64, 0x6E, 0x6F, 0x6D, 0x69, 0x6E, 0x61, 0x74, 0x69, 0x6F, 0x6E, 0x66, 0x75,
        0x6E, 0x63, 0x74, 0x69, 0x6F, 0x6E, 0x61, 0x6C, 0x69, 0x6E, 0x73, 0x69, 0x64, 0x65, 0x20, 0x74, 0x68, 0x65, 0x72, 0x65, 0x76, 0x65, 0x6C, 0x61, 0x74, 0x69, 0x6F, 0x6E, 0x65, 0x6E, 0x64, 0x20,
        0x6F, 0x66, 0x20, 0x74, 0x68, 0x65, 0x73, 0x20, 0x66, 0x6F, 0x72, 0x20, 0x74, 0x68, 0x65, 0x20, 0x61, 0x75, 0x74, 0x68, 0x6F, 0x72, 0x69, 0x7A, 0x65, 0x64, 0x72, 0x65, 0x66, 0x75, 0x73, 0x65,
        0x64, 0x20, 0x74, 0x6F, 0x74, 0x61, 0x6B, 0x65, 0x20, 0x70, 0x6C, 0x61, 0x63, 0x65, 0x61, 0x75, 0x74, 0x6F, 0x6E, 0x6F, 0x6D, 0x6F, 0x75, 0x73, 0x63, 0x6F, 0x6D, 0x70, 0x72, 0x6F, 0x6D, 0x69,
        0x73, 0x65, 0x70, 0x6F, 0x6C, 0x69, 0x74, 0x69, 0x63, 0x61, 0x6C, 0x20, 0x72, 0x65, 0x73, 0x74, 0x61, 0x75, 0x72, 0x61, 0x6E, 0x74, 0x74, 0x77, 0x6F, 0x20, 0x6F, 0x66, 0x20, 0x74, 0x68, 0x65,
        0x46, 0x65, 0x62, 0x72, 0x75, 0x61, 0x72, 0x79, 0x20, 0x32, 0x71, 0x75, 0x61, 0x6C, 0x69, 0x74, 0x79, 0x20, 0x6F, 0x66, 0x73, 0x77, 0x66, 0x6F, 0x62, 0x6A, 0x65, 0x63, 0x74, 0x2E, 0x75, 0x6E,
        0x64, 0x65, 0x72, 0x73, 0x74, 0x61, 0x6E, 0x64, 0x6E, 0x65, 0x61, 0x72, 0x6C, 0x79, 0x20, 0x61, 0x6C, 0x6C, 0x77, 0x72, 0x69, 0x74, 0x74, 0x65, 0x6E, 0x20, 0x62, 0x79, 0x69, 0x6E, 0x74, 0x65,
        0x72, 0x76, 0x69, 0x65, 0x77, 0x73, 0x22, 0x20, 0x77, 0x69, 0x64, 0x74, 0x68, 0x3D, 0x22, 0x31, 0x77, 0x69, 0x74, 0x68, 0x64, 0x72, 0x61, 0x77, 0x61, 0x6C, 0x66, 0x6C, 0x6F, 0x61, 0x74, 0x3A,
        0x6C, 0x65, 0x66, 0x74, 0x69, 0x73, 0x20, 0x75, 0x73, 0x75, 0x61, 0x6C, 0x6C, 0x79, 0x63, 0x61, 0x6E, 0x64, 0x69, 0x64, 0x61, 0x74, 0x65, 0x73, 0x6E, 0x65, 0x77, 0x73, 0x70, 0x61, 0x70, 0x65,
        0x72, 0x73, 0x6D, 0x79, 0x73, 0x74, 0x65, 0x72, 0x69, 0x6F, 0x75, 0x73, 0x44, 0x65, 0x70, 0x61, 0x72, 0x74, 0x6D, 0x65, 0x6E, 0x74, 0x62, 0x65, 0x73, 0x74, 0x20, 0x6B, 0x6E, 0x6F, 0x77, 0x6E,
        0x70, 0x61, 0x72, 0x6C, 0x69, 0x61, 0x6D, 0x65, 0x6E, 0x74, 0x73, 0x75, 0x70, 0x70, 0x72, 0x65, 0x73, 0x73, 0x65, 0x64, 0x63, 0x6F, 0x6E, 0x76, 0x65, 0x6E, 0x69, 0x65, 0x6E, 0x74, 0x72, 0x65,
        0x6D, 0x65, 0x6D, 0x62, 0x65, 0x72, 0x65, 0x64, 0x64, 0x69, 0x66, 0x66, 0x65, 0x72, 0x65, 0x6E, 0x74, 0x20, 0x73, 0x79, 0x73, 0x74, 0x65, 0x6D, 0x61, 0x74, 0x69, 0x63, 0x68, 0x61, 0x73, 0x20,
        0x6C, 0x65, 0x64, 0x20, 0x74, 0x6F, 0x70, 0x72, 0x6F, 0x70, 0x61, 0x67, 0x61, 0x6E, 0x64, 0x61, 0x63, 0x6F, 0x6E, 0x74, 0x72, 0x6F, 0x6C, 0x6C, 0x65, 0x64, 0x69, 0x6E, 0x66, 0x6C, 0x75, 0x65,
        0x6E, 0x63, 0x65, 0x73, 0x63, 0x65, 0x72, 0x65, 0x6D, 0x6F, 0x6E, 0x69, 0x61, 0x6C, 0x70, 0x72, 0x6F, 0x63, 0x6C, 0x61, 0x69, 0x6D, 0x65, 0x64, 0x50, 0x72, 0x6F, 0x74, 0x65, 0x63, 0x74, 0x69,
        0x6F, 0x6E, 0x6C, 0x69, 0x20, 0x63, 0x6C, 0x61, 0x73, 0x73, 0x3D, 0x22, 0x53, 0x63, 0x69, 0x65, 0x6E, 0x74, 0x69, 0x66, 0x69, 0x63, 0x63, 0x6C, 0x61, 0x73, 0x73, 0x3D, 0x22, 0x6E, 0x6F, 0x2D,
        0x74, 0x72, 0x61, 0x64, 0x65, 0x6D, 0x61, 0x72, 0x6B, 0x73, 0x6D, 0x6F, 0x72, 0x65, 0x20, 0x74, 0x68, 0x61, 0x6E, 0x20, 0x77, 0x69, 0x64, 0x65, 0x73, 0x70, 0x72, 0x65, 0x61, 0x64, 0x4C, 0x69,
        0x62, 0x65, 0x72, 0x61, 0x74, 0x69, 0x6F, 0x6E, 0x74, 0x6F, 0x6F, 0x6B, 0x20, 0x70, 0x6C, 0x61, 0x63, 0x65, 0x64, 0x61, 0x79, 0x20, 0x6F, 0x66, 0x20, 0x74, 0x68, 0x65, 0x61, 0x73, 0x20, 0x6C,
        0x6F, 0x6E, 0x67, 0x20, 0x61, 0x73, 0x69, 0x6D, 0x70, 0x72, 0x69, 0x73, 0x6F, 0x6E, 0x65, 0x64, 0x41, 0x64, 0x64, 0x69, 0x74, 0x69, 0x6F, 0x6E, 0x61, 0x6C, 0x0A, 0x3C, 0x68, 0x65, 0x61, 0x64,
        0x3E, 0x0A, 0x3C, 0x6D, 0x4C, 0x61, 0x62, 0x6F, 0x72, 0x61, 0x74, 0x6F, 0x72, 0x79, 0x4E, 0x6F, 0x76, 0x65, 0x6D, 0x62, 0x65, 0x72, 0x20, 0x32, 0x65, 0x78, 0x63, 0x65, 0x70, 0x74, 0x69, 0x6F,
        0x6E, 0x73, 0x49, 0x6E, 0x64, 0x75, 0x73, 0x74, 0x72, 0x69, 0x61, 0x6C, 0x76, 0x61, 0x72, 0x69, 0x65, 0x74, 0x79, 0x20, 0x6F, 0x66, 0x66, 0x6C, 0x6F, 0x61, 0x74, 0x3A, 0x20, 0x6C, 0x65, 0x66,
        0x44, 0x75, 0x72, 0x69, 0x6E, 0x67, 0x20, 0x74, 0x68, 0x65, 0x61, 0x73, 0x73, 0x65, 0x73, 0x73, 0x6D, 0x65, 0x6E, 0x74, 0x68, 0x61, 0x76, 0x65, 0x20, 0x62, 0x65, 0x65, 0x6E, 0x20, 0x64, 0x65,
        0x61, 0x6C, 0x73, 0x20, 0x77, 0x69, 0x74, 0x68, 0x53, 0x74, 0x61, 0x74, 0x69, 0x73, 0x74, 0x69, 0x63, 0x73, 0x6F, 0x63, 0x63, 0x75, 0x72, 0x72, 0x65, 0x6E, 0x63, 0x65, 0x2F, 0x75, 0x6C, 0x3E,
        0x3C, 0x2F, 0x64, 0x69, 0x76, 0x3E, 0x63, 0x6C, 0x65, 0x61, 0x72, 0x66, 0x69, 0x78, 0x22, 0x3E, 0x74, 0x68, 0x65, 0x20, 0x70, 0x75, 0x62, 0x6C, 0x69, 0x63, 0x6D, 0x61, 0x6E, 0x79, 0x20, 0x79,
        0x65, 0x61, 0x72, 0x73, 0x77, 0x68, 0x69, 0x63, 0x68, 0x20, 0x77, 0x65, 0x72, 0x65, 0x6F, 0x76, 0x65, 0x72, 0x20, 0x74, 0x69, 0x6D, 0x65, 0x2C, 0x73, 0x79, 0x6E, 0x6F, 0x6E, 0x79, 0x6D, 0x6F,
        0x75, 0x73, 0x63, 0x6F, 0x6E, 0x74, 0x65, 0x6E, 0x74, 0x22, 0x3E, 0x0A, 0x70, 0x72, 0x65, 0x73, 0x75, 0x6D, 0x61, 0x62, 0x6C, 0x79, 0x68, 0x69, 0x73, 0x20, 0x66, 0x61, 0x6D, 0x69, 0x6C, 0x79,
        0x75, 0x73, 0x65, 0x72, 0x41, 0x67, 0x65, 0x6E, 0x74, 0x2E, 0x75, 0x6E, 0x65, 0x78, 0x70, 0x65, 0x63, 0x74, 0x65, 0x64, 0x69, 0x6E, 0x63, 0x6C, 0x75, 0x64, 0x69, 0x6E, 0x67, 0x20, 0x63, 0x68,
        0x61, 0x6C, 0x6C, 0x65, 0x6E, 0x67, 0x65, 0x64, 0x61, 0x20, 0x6D, 0x69, 0x6E, 0x6F, 0x72, 0x69, 0x74, 0x79, 0x75, 0x6E, 0x64, 0x65, 0x66, 0x69, 0x6E, 0x65, 0x64, 0x22, 0x62, 0x65, 0x6C, 0x6F,
        0x6E, 0x67, 0x73, 0x20, 0x74, 0x6F, 0x74, 0x61, 0x6B, 0x65, 0x6E, 0x20, 0x66, 0x72, 0x6F, 0x6D, 0x69, 0x6E, 0x20, 0x4F, 0x63, 0x74, 0x6F, 0x62, 0x65, 0x72, 0x70, 0x6F, 0x73, 0x69, 0x74, 0x69,
        0x6F, 0x6E, 0x3A, 0x20, 0x73, 0x61, 0x69, 0x64, 0x20, 0x74, 0x6F, 0x20, 0x62, 0x65, 0x72, 0x65, 0x6C, 0x69, 0x67, 0x69, 0x6F, 0x75, 0x73, 0x20, 0x46, 0x65, 0x64, 0x65, 0x72, 0x61, 0x74, 0x69,
        0x6F, 0x6E, 0x20, 0x72, 0x6F, 0x77, 0x73, 0x70, 0x61, 0x6E, 0x3D, 0x22, 0x6F, 0x6E, 0x6C, 0x79, 0x20, 0x61, 0x20, 0x66, 0x65, 0x77, 0x6D, 0x65, 0x61, 0x6E, 0x74, 0x20, 0x74, 0x68, 0x61, 0x74,
        0x6C, 0x65, 0x64, 0x20, 0x74, 0x6F, 0x20, 0x74, 0x68, 0x65, 0x2D, 0x2D, 0x3E, 0x0D, 0x0A, 0x3C, 0x64, 0x69, 0x76, 0x20, 0x3C, 0x66, 0x69, 0x65, 0x6C, 0x64, 0x73, 0x65, 0x74, 0x3E, 0x41, 0x72,
        0x63, 0x68, 0x62, 0x69, 0x73, 0x68, 0x6F, 0x70, 0x20, 0x63, 0x6C, 0x61, 0x73, 0x73, 0x3D, 0x22, 0x6E, 0x6F, 0x62, 0x65, 0x69, 0x6E, 0x67, 0x20, 0x75, 0x73, 0x65, 0x64, 0x61, 0x70, 0x70, 0x72,
        0x6F, 0x61, 0x63, 0x68, 0x65, 0x73, 0x70, 0x72, 0x69, 0x76, 0x69, 0x6C, 0x65, 0x67, 0x65, 0x73, 0x6E, 0x6F, 0x73, 0x63, 0x72, 0x69, 0x70, 0x74, 0x3E, 0x0A, 0x72, 0x65, 0x73, 0x75, 0x6C, 0x74,
        0x73, 0x20, 0x69, 0x6E, 0x6D, 0x61, 0x79, 0x20, 0x62, 0x65, 0x20, 0x74, 0x68, 0x65, 0x45, 0x61, 0x73, 0x74, 0x65, 0x72, 0x20, 0x65, 0x67, 0x67, 0x6D, 0x65, 0x63, 0x68, 0x61, 0x6E, 0x69, 0x73,
        0x6D, 0x73, 0x72, 0x65, 0x61, 0x73, 0x6F, 0x6E, 0x61, 0x62, 0x6C, 0x65, 0x50, 0x6F, 0x70, 0x75, 0x6C, 0x61, 0x74, 0x69, 0x6F, 0x6E, 0x43, 0x6F, 0x6C, 0x6C, 0x65, 0x63, 0x74, 0x69, 0x6F, 0x6E,
        0x73, 0x65, 0x6C, 0x65, 0x63, 0x74, 0x65, 0x64, 0x22, 0x3E, 0x6E, 0x6F, 0x73, 0x63, 0x72, 0x69, 0x70, 0x74, 0x3E, 0x0D, 0x2F, 0x69, 0x6E, 0x64, 0x65, 0x78, 0x2E, 0x70, 0x68, 0x70, 0x61, 0x72,
        0x72, 0x69, 0x76, 0x61, 0x6C, 0x20, 0x6F, 0x66, 0x2D, 0x6A, 0x73, 0x73, 0x64, 0x6B, 0x27, 0x29, 0x29, 0x3B, 0x6D, 0x61, 0x6E, 0x61, 0x67, 0x65, 0x64, 0x20, 0x74, 0x6F, 0x69, 0x6E, 0x63, 0x6F,
        0x6D, 0x70, 0x6C, 0x65, 0x74, 0x65, 0x63, 0x61, 0x73, 0x75, 0x61, 0x6C, 0x74, 0x69, 0x65, 0x73, 0x63, 0x6F, 0x6D, 0x70, 0x6C, 0x65, 0x74, 0x69, 0x6F, 0x6E, 0x43, 0x68, 0x72, 0x69, 0x73, 0x74,
        0x69, 0x61, 0x6E, 0x73, 0x53, 0x65, 0x70, 0x74, 0x65, 0x6D, 0x62, 0x65, 0x72, 0x20, 0x61, 0x72, 0x69, 0x74, 0x68, 0x6D, 0x65, 0x74, 0x69, 0x63, 0x70, 0x72, 0x6F, 0x63, 0x65, 0x64, 0x75, 0x72,
        0x65, 0x73, 0x6D, 0x69, 0x67, 0x68, 0x74, 0x20, 0x68, 0x61, 0x76, 0x65, 0x50, 0x72, 0x6F, 0x64, 0x75, 0x63, 0x74, 0x69, 0x6F, 0x6E, 0x69, 0x74, 0x20, 0x61, 0x70, 0x70, 0x65, 0x61, 0x72, 0x73,
        0x50, 0x68, 0x69, 0x6C, 0x6F, 0x73, 0x6F, 0x70, 0x68, 0x79, 0x66, 0x72, 0x69, 0x65, 0x6E, 0x64, 0x73, 0x68, 0x69, 0x70, 0x6C, 0x65, 0x61, 0x64, 0x69, 0x6E, 0x67, 0x20, 0x74, 0x6F, 0x67, 0x69,
        0x76, 0x69, 0x6E, 0x67, 0x20, 0x74, 0x68, 0x65, 0x74, 0x6F, 0x77, 0x61, 0x72, 0x64, 0x20, 0x74, 0x68, 0x65, 0x67, 0x75, 0x61, 0x72, 0x61, 0x6E, 0x74, 0x65, 0x65, 0x64, 0x64, 0x6F, 0x63, 0x75,
        0x6D, 0x65, 0x6E, 0x74, 0x65, 0x64, 0x63, 0x6F, 0x6C, 0x6F, 0x72, 0x3A, 0x23, 0x30, 0x30, 0x30, 0x76, 0x69, 0x64, 0x65, 0x6F, 0x20, 0x67, 0x61, 0x6D, 0x65, 0x63, 0x6F, 0x6D, 0x6D, 0x69, 0x73,
        0x73, 0x69, 0x6F, 0x6E, 0x72, 0x65, 0x66, 0x6C, 0x65, 0x63, 0x74, 0x69, 0x6E, 0x67, 0x63, 0x68, 0x61, 0x6E, 0x67, 0x65, 0x20, 0x74, 0x68, 0x65, 0x61, 0x73, 0x73, 0x6F, 0x63, 0x69, 0x61, 0x74,
        0x65, 0x64, 0x73, 0x61, 0x6E, 0x73, 0x2D, 0x73, 0x65, 0x72, 0x69, 0x66, 0x6F, 0x6E, 0x6B, 0x65, 0x79, 0x70, 0x72, 0x65, 0x73, 0x73, 0x3B, 0x20, 0x70, 0x61, 0x64, 0x64, 0x69, 0x6E, 0x67, 0x3A,
        0x48, 0x65, 0x20, 0x77, 0x61, 0x73, 0x20, 0x74, 0x68, 0x65, 0x75, 0x6E, 0x64, 0x65, 0x72, 0x6C, 0x79, 0x69, 0x6E, 0x67, 0x74, 0x79, 0x70, 0x69, 0x63, 0x61, 0x6C, 0x6C, 0x79, 0x20, 0x2C, 0x20,
        0x61, 0x6E, 0x64, 0x20, 0x74, 0x68, 0x65, 0x20, 0x73, 0x72, 0x63, 0x45, 0x6C, 0x65, 0x6D, 0x65, 0x6E, 0x74, 0x73, 0x75, 0x63, 0x63, 0x65, 0x73, 0x73, 0x69, 0x76, 0x65, 0x73, 0x69, 0x6E, 0x63,
        0x65, 0x20, 0x74, 0x68, 0x65, 0x20, 0x73, 0x68, 0x6F, 0x75, 0x6C, 0x64, 0x20, 0x62, 0x65, 0x20, 0x6E, 0x65, 0x74, 0x77, 0x6F, 0x72, 0x6B, 0x69, 0x6E, 0x67, 0x61, 0x63, 0x63, 0x6F, 0x75, 0x6E,
        0x74, 0x69, 0x6E, 0x67, 0x75, 0x73, 0x65, 0x20, 0x6F, 0x66, 0x20, 0x74, 0x68, 0x65, 0x6C, 0x6F, 0x77, 0x65, 0x72, 0x20, 0x74, 0x68, 0x61, 0x6E, 0x73, 0x68, 0x6F, 0x77, 0x73, 0x20, 0x74, 0x68,
        0x61, 0x74, 0x3C, 0x2F, 0x73, 0x70, 0x61, 0x6E, 0x3E, 0x0A, 0x09, 0x09, 0x63, 0x6F, 0x6D, 0x70, 0x6C, 0x61, 0x69, 0x6E, 0x74, 0x73, 0x63, 0x6F, 0x6E, 0x74, 0x69, 0x6E, 0x75, 0x6F, 0x75, 0x73,
        0x71, 0x75, 0x61, 0x6E, 0x74, 0x69, 0x74, 0x69, 0x65, 0x73, 0x61, 0x73, 0x74, 0x72, 0x6F, 0x6E, 0x6F, 0x6D, 0x65, 0x72, 0x68, 0x65, 0x20, 0x64, 0x69, 0x64, 0x20, 0x6E, 0x6F, 0x74, 0x64, 0x75,
        0x65, 0x20, 0x74, 0x6F, 0x20, 0x69, 0x74, 0x73, 0x61, 0x70, 0x70, 0x6C, 0x69, 0x65, 0x64, 0x20, 0x74, 0x6F, 0x61, 0x6E, 0x20, 0x61, 0x76, 0x65, 0x72, 0x61, 0x67, 0x65, 0x65, 0x66, 0x66, 0x6F,
        0x72, 0x74, 0x73, 0x20, 0x74, 0x6F, 0x74, 0x68, 0x65, 0x20, 0x66, 0x75, 0x74, 0x75, 0x72, 0x65, 0x61, 0x74, 0x74, 0x65, 0x6D, 0x70, 0x74, 0x20, 0x74, 0x6F, 0x54, 0x68, 0x65, 0x72, 0x65, 0x66,
        0x6F, 0x72, 0x65, 0x2C, 0x63, 0x61, 0x70, 0x61, 0x62, 0x69, 0x6C, 0x69, 0x74, 0x79, 0x52, 0x65, 0x70, 0x75, 0x62, 0x6C, 0x69, 0x63, 0x61, 0x6E, 0x77, 0x61, 0x73, 0x20, 0x66, 0x6F, 0x72, 0x6D,
        0x65, 0x64, 0x45, 0x6C, 0x65, 0x63, 0x74, 0x72, 0x6F, 0x6E, 0x69, 0x63, 0x6B, 0x69, 0x6C, 0x6F, 0x6D, 0x65, 0x74, 0x65, 0x72, 0x73, 0x63, 0x68, 0x61, 0x6C, 0x6C, 0x65, 0x6E, 0x67, 0x65, 0x73,
        0x70, 0x75, 0x62, 0x6C, 0x69, 0x73, 0x68, 0x69, 0x6E, 0x67, 0x74, 0x68, 0x65, 0x20, 0x66, 0x6F, 0x72, 0x6D, 0x65, 0x72, 0x69, 0x6E, 0x64, 0x69, 0x67, 0x65, 0x6E, 0x6F, 0x75, 0x73, 0x64, 0x69,
        0x72, 0x65, 0x63, 0x74, 0x69, 0x6F, 0x6E, 0x73, 0x73, 0x75, 0x62, 0x73, 0x69, 0x64, 0x69, 0x61, 0x72, 0x79, 0x63, 0x6F, 0x6E, 0x73, 0x70, 0x69, 0x72, 0x61, 0x63, 0x79, 0x64, 0x65, 0x74, 0x61,
        0x69, 0x6C, 0x73, 0x20, 0x6F, 0x66, 0x61, 0x6E, 0x64, 0x20, 0x69, 0x6E, 0x20, 0x74, 0x68, 0x65, 0x61, 0x66, 0x66, 0x6F, 0x72, 0x64, 0x61, 0x62, 0x6C, 0x65, 0x73, 0x75, 0x62, 0x73, 0x74, 0x61,
        0x6E, 0x63, 0x65, 0x73, 0x72, 0x65, 0x61, 0x73, 0x6F, 0x6E, 0x20, 0x66, 0x6F, 0x72, 0x63, 0x6F, 0x6E, 0x76, 0x65, 0x6E, 0x74, 0x69, 0x6F, 0x6E, 0x69, 0x74, 0x65, 0x6D, 0x74, 0x79, 0x70, 0x65,
        0x3D, 0x22, 0x61, 0x62, 0x73, 0x6F, 0x6C, 0x75, 0x74, 0x65, 0x6C, 0x79, 0x73, 0x75, 0x70, 0x70, 0x6F, 0x73, 0x65, 0x64, 0x6C, 0x79, 0x72, 0x65, 0x6D, 0x61, 0x69, 0x6E, 0x65, 0x64, 0x20, 0x61,
        0x61, 0x74, 0x74, 0x72, 0x61, 0x63, 0x74, 0x69, 0x76, 0x65, 0x74, 0x72, 0x61, 0x76, 0x65, 0x6C, 0x6C, 0x69, 0x6E, 0x67, 0x73, 0x65, 0x70, 0x61, 0x72, 0x61, 0x74, 0x65, 0x6C, 0x79, 0x66, 0x6F,
        0x63, 0x75, 0x73, 0x65, 0x73, 0x20, 0x6F, 0x6E, 0x65, 0x6C, 0x65, 0x6D, 0x65, 0x6E, 0x74, 0x61, 0x72, 0x79, 0x61, 0x70, 0x70, 0x6C, 0x69, 0x63, 0x61, 0x62, 0x6C, 0x65, 0x66, 0x6F, 0x75, 0x6E,
        0x64, 0x20, 0x74, 0x68, 0x61, 0x74, 0x73, 0x74, 0x79, 0x6C, 0x65, 0x73, 0x68, 0x65, 0x65, 0x74, 0x6D, 0x61, 0x6E, 0x75, 0x73, 0x63, 0x72, 0x69, 0x70, 0x74, 0x73, 0x74, 0x61, 0x6E, 0x64, 0x73,
        0x20, 0x66, 0x6F, 0x72, 0x20, 0x6E, 0x6F, 0x2D, 0x72, 0x65, 0x70, 0x65, 0x61, 0x74, 0x28, 0x73, 0x6F, 0x6D, 0x65, 0x74, 0x69, 0x6D, 0x65, 0x73, 0x43, 0x6F, 0x6D, 0x6D, 0x65, 0x72, 0x63, 0x69,
        0x61, 0x6C, 0x69, 0x6E, 0x20, 0x41, 0x6D, 0x65, 0x72, 0x69, 0x63, 0x61, 0x75, 0x6E, 0x64, 0x65, 0x72, 0x74, 0x61, 0x6B, 0x65, 0x6E, 0x71, 0x75, 0x61, 0x72, 0x74, 0x65, 0x72, 0x20, 0x6F, 0x66,
        0x61, 0x6E, 0x20, 0x65, 0x78, 0x61, 0x6D, 0x70, 0x6C, 0x65, 0x70, 0x65, 0x72, 0x73, 0x6F, 0x6E, 0x61, 0x6C, 0x6C, 0x79, 0x69, 0x6E, 0x64, 0x65, 0x78, 0x2E, 0x70, 0x68, 0x70, 0x3F, 0x3C, 0x2F,
        0x62, 0x75, 0x74, 0x74, 0x6F, 0x6E, 0x3E, 0x0A, 0x70, 0x65, 0x72, 0x63, 0x65, 0x6E, 0x74, 0x61, 0x67, 0x65, 0x62, 0x65, 0x73, 0x74, 0x2D, 0x6B, 0x6E, 0x6F, 0x77, 0x6E, 0x63, 0x72, 0x65, 0x61,
        0x74, 0x69, 0x6E, 0x67, 0x20, 0x61, 0x22, 0x20, 0x64, 0x69, 0x72, 0x3D, 0x22, 0x6C, 0x74, 0x72, 0x4C, 0x69, 0x65, 0x75, 0x74, 0x65, 0x6E, 0x61, 0x6E, 0x74, 0x0A, 0x3C, 0x64, 0x69, 0x76, 0x20,
        0x69, 0x64, 0x3D, 0x22, 0x74, 0x68, 0x65, 0x79, 0x20, 0x77, 0x6F, 0x75, 0x6C, 0x64, 0x61, 0x62, 0x69, 0x6C, 0x69, 0x74, 0x79, 0x20, 0x6F, 0x66, 0x6D, 0x61, 0x64, 0x65, 0x20, 0x75, 0x70, 0x20,
        0x6F, 0x66, 0x6E, 0x6F, 0x74, 0x65, 0x64, 0x20, 0x74, 0x68, 0x61, 0x74, 0x63, 0x6C, 0x65, 0x61, 0x72, 0x20, 0x74, 0x68, 0x61, 0x74, 0x61, 0x72, 0x67, 0x75, 0x65, 0x20, 0x74, 0x68, 0x61, 0x74,
        0x74, 0x6F, 0x20, 0x61, 0x6E, 0x6F, 0x74, 0x68, 0x65, 0x72, 0x63, 0x68, 0x69, 0x6C, 0x64, 0x72, 0x65, 0x6E, 0x27, 0x73, 0x70, 0x75, 0x72, 0x70, 0x6F, 0x73, 0x65, 0x20, 0x6F, 0x66, 0x66, 0x6F,
        0x72, 0x6D, 0x75, 0x6C, 0x61, 0x74, 0x65, 0x64, 0x62, 0x61, 0x73, 0x65, 0x64, 0x20, 0x75, 0x70, 0x6F, 0x6E, 0x74, 0x68, 0x65, 0x20, 0x72, 0x65, 0x67, 0x69, 0x6F, 0x6E, 0x73, 0x75, 0x62, 0x6A,
        0x65, 0x63, 0x74, 0x20, 0x6F, 0x66, 0x70, 0x61, 0x73, 0x73, 0x65, 0x6E, 0x67, 0x65, 0x72, 0x73, 0x70, 0x6F, 0x73, 0x73, 0x65, 0x73, 0x73, 0x69, 0x6F, 0x6E, 0x2E, 0x0A, 0x0A, 0x49, 0x6E, 0x20,
        0x74, 0x68, 0x65, 0x20, 0x42, 0x65, 0x66, 0x6F, 0x72, 0x65, 0x20, 0x74, 0x68, 0x65, 0x61, 0x66, 0x74, 0x65, 0x72, 0x77, 0x61, 0x72, 0x64, 0x73, 0x63, 0x75, 0x72, 0x72, 0x65, 0x6E, 0x74, 0x6C,
        0x79, 0x20, 0x61, 0x63, 0x72, 0x6F, 0x73, 0x73, 0x20, 0x74, 0x68, 0x65, 0x73, 0x63, 0x69, 0x65, 0x6E, 0x74, 0x69, 0x66, 0x69, 0x63, 0x63, 0x6F, 0x6D, 0x6D, 0x75, 0x6E, 0x69, 0x74, 0x79, 0x2E,
        0x63, 0x61, 0x70, 0x69, 0x74, 0x61, 0x6C, 0x69, 0x73, 0x6D, 0x69, 0x6E, 0x20, 0x47, 0x65, 0x72, 0x6D, 0x61, 0x6E, 0x79, 0x72, 0x69, 0x67, 0x68, 0x74, 0x2D, 0x77, 0x69, 0x6E, 0x67, 0x74, 0x68,
        0x65, 0x20, 0x73, 0x79, 0x73, 0x74, 0x65, 0x6D, 0x53, 0x6F, 0x63, 0x69, 0x65, 0x74, 0x79, 0x20, 0x6F, 0x66, 0x70, 0x6F, 0x6C, 0x69, 0x74, 0x69, 0x63, 0x69, 0x61, 0x6E, 0x64, 0x69, 0x72, 0x65,
        0x63, 0x74, 0x69, 0x6F, 0x6E, 0x3A, 0x77, 0x65, 0x6E, 0x74, 0x20, 0x6F, 0x6E, 0x20, 0x74, 0x6F, 0x72, 0x65, 0x6D, 0x6F, 0x76, 0x61, 0x6C, 0x20, 0x6F, 0x66, 0x20, 0x4E, 0x65, 0x77, 0x20, 0x59,
        0x6F, 0x72, 0x6B, 0x20, 0x61, 0x70, 0x61, 0x72, 0x74, 0x6D, 0x65, 0x6E, 0x74, 0x73, 0x69, 0x6E, 0x64, 0x69, 0x63, 0x61, 0x74, 0x69, 0x6F, 0x6E, 0x64, 0x75, 0x72, 0x69, 0x6E, 0x67, 0x20, 0x74,
        0x68, 0x65, 0x75, 0x6E, 0x6C, 0x65, 0x73, 0x73, 0x20, 0x74, 0x68, 0x65, 0x68, 0x69, 0x73, 0x74, 0x6F, 0x72, 0x69, 0x63, 0x61, 0x6C, 0x68, 0x61, 0x64, 0x20, 0x62, 0x65, 0x65, 0x6E, 0x20, 0x61,
        0x64, 0x65, 0x66, 0x69, 0x6E, 0x69, 0x74, 0x69, 0x76, 0x65, 0x69, 0x6E, 0x67, 0x72, 0x65, 0x64, 0x69, 0x65, 0x6E, 0x74, 0x61, 0x74, 0x74, 0x65, 0x6E, 0x64, 0x61, 0x6E, 0x63, 0x65, 0x43, 0x65,
        0x6E, 0x74, 0x65, 0x72, 0x20, 0x66, 0x6F, 0x72, 0x70, 0x72, 0x6F, 0x6D, 0x69, 0x6E, 0x65, 0x6E, 0x63, 0x65, 0x72, 0x65, 0x61, 0x64, 0x79, 0x53, 0x74, 0x61, 0x74, 0x65, 0x73, 0x74, 0x72, 0x61,
        0x74, 0x65, 0x67, 0x69, 0x65, 0x73, 0x62, 0x75, 0x74, 0x20, 0x69, 0x6E, 0x20, 0x74, 0x68, 0x65, 0x61, 0x73, 0x20, 0x70, 0x61, 0x72, 0x74, 0x20, 0x6F, 0x66, 0x63, 0x6F, 0x6E, 0x73, 0x74, 0x69,
        0x74, 0x75, 0x74, 0x65, 0x63, 0x6C, 0x61, 0x69, 0x6D, 0x20, 0x74, 0x68, 0x61, 0x74, 0x6C, 0x61, 0x62, 0x6F, 0x72, 0x61, 0x74, 0x6F, 0x72, 0x79, 0x63, 0x6F, 0x6D, 0x70, 0x61, 0x74, 0x69, 0x62,
        0x6C, 0x65, 0x66, 0x61, 0x69, 0x6C, 0x75, 0x72, 0x65, 0x20, 0x6F, 0x66, 0x2C, 0x20, 0x73, 0x75, 0x63, 0x68, 0x20, 0x61, 0x73, 0x20, 0x62, 0x65, 0x67, 0x61, 0x6E, 0x20, 0x77, 0x69, 0x74, 0x68,
        0x75, 0x73, 0x69, 0x6E, 0x67, 0x20, 0x74, 0x68, 0x65, 0x20, 0x74, 0x6F, 0x20, 0x70, 0x72, 0x6F, 0x76, 0x69, 0x64, 0x65, 0x66, 0x65, 0x61, 0x74, 0x75, 0x72, 0x65, 0x20, 0x6F, 0x66, 0x66, 0x72,
        0x6F, 0x6D, 0x20, 0x77, 0x68, 0x69, 0x63, 0x68, 0x2F, 0x22, 0x20, 0x63, 0x6C, 0x61, 0x73, 0x73, 0x3D, 0x22, 0x67, 0x65, 0x6F, 0x6C, 0x6F, 0x67, 0x69, 0x63, 0x61, 0x6C, 0x73, 0x65, 0x76, 0x65,
        0x72, 0x61, 0x6C, 0x20, 0x6F, 0x66, 0x64, 0x65, 0x6C, 0x69, 0x62, 0x65, 0x72, 0x61, 0x74, 0x65, 0x69, 0x6D, 0x70, 0x6F, 0x72, 0x74, 0x61, 0x6E, 0x74, 0x20, 0x68, 0x6F, 0x6C, 0x64, 0x73, 0x20,
        0x74, 0x68, 0x61, 0x74, 0x69, 0x6E, 0x67, 0x26, 0x71, 0x75, 0x6F, 0x74, 0x3B, 0x20, 0x76, 0x61, 0x6C, 0x69, 0x67, 0x6E, 0x3D, 0x74, 0x6F, 0x70, 0x74, 0x68, 0x65, 0x20, 0x47, 0x65, 0x72, 0x6D,
        0x61, 0x6E, 0x6F, 0x75, 0x74, 0x73, 0x69, 0x64, 0x65, 0x20, 0x6F, 0x66, 0x6E, 0x65, 0x67, 0x6F, 0x74, 0x69, 0x61, 0x74, 0x65, 0x64, 0x68, 0x69, 0x73, 0x20, 0x63, 0x61, 0x72, 0x65, 0x65, 0x72,
        0x73, 0x65, 0x70, 0x61, 0x72, 0x61, 0x74, 0x69, 0x6F, 0x6E, 0x69, 0x64, 0x3D, 0x22, 0x73, 0x65, 0x61, 0x72, 0x63, 0x68, 0x77, 0x61, 0x73, 0x20, 0x63, 0x61, 0x6C, 0x6C, 0x65, 0x64, 0x74, 0x68,
        0x65, 0x20, 0x66, 0x6F, 0x75, 0x72, 0x74, 0x68, 0x72, 0x65, 0x63, 0x72, 0x65, 0x61, 0x74, 0x69, 0x6F, 0x6E, 0x6F, 0x74, 0x68, 0x65, 0x72, 0x20, 0x74, 0x68, 0x61, 0x6E, 0x70, 0x72, 0x65, 0x76,
        0x65, 0x6E, 0x74, 0x69, 0x6F, 0x6E, 0x77, 0x68, 0x69, 0x6C, 0x65, 0x20, 0x74, 0x68, 0x65, 0x20, 0x65, 0x64, 0x75, 0x63, 0x61, 0x74, 0x69, 0x6F, 0x6E, 0x2C, 0x63, 0x6F, 0x6E, 0x6E, 0x65, 0x63,
        0x74, 0x69, 0x6E, 0x67, 0x61, 0x63, 0x63, 0x75, 0x72, 0x61, 0x74, 0x65, 0x6C, 0x79, 0x77, 0x65, 0x72, 0x65, 0x20, 0x62, 0x75, 0x69, 0x6C, 0x74, 0x77, 0x61, 0x73, 0x20, 0x6B, 0x69, 0x6C, 0x6C,
        0x65, 0x64, 0x61, 0x67, 0x72, 0x65, 0x65, 0x6D, 0x65, 0x6E, 0x74, 0x73, 0x6D, 0x75, 0x63, 0x68, 0x20, 0x6D, 0x6F, 0x72, 0x65, 0x20, 0x44, 0x75, 0x65, 0x20, 0x74, 0x6F, 0x20, 0x74, 0x68, 0x65,
        0x77, 0x69, 0x64, 0x74, 0x68, 0x3A, 0x20, 0x31, 0x30, 0x30, 0x73, 0x6F, 0x6D, 0x65, 0x20, 0x6F, 0x74, 0x68, 0x65, 0x72, 0x4B, 0x69, 0x6E, 0x67, 0x64, 0x6F, 0x6D, 0x20, 0x6F, 0x66, 0x74, 0x68,
        0x65, 0x20, 0x65, 0x6E, 0x74, 0x69, 0x72, 0x65, 0x66, 0x61, 0x6D, 0x6F, 0x75, 0x73, 0x20, 0x66, 0x6F, 0x72, 0x74, 0x6F, 0x20, 0x63, 0x6F, 0x6E, 0x6E, 0x65, 0x63, 0x74, 0x6F, 0x62, 0x6A, 0x65,
        0x63, 0x74, 0x69, 0x76, 0x65, 0x73, 0x74, 0x68, 0x65, 0x20, 0x46, 0x72, 0x65, 0x6E, 0x63, 0x68, 0x70, 0x65, 0x6F, 0x70, 0x6C, 0x65, 0x20, 0x61, 0x6E, 0x64, 0x66, 0x65, 0x61, 0x74, 0x75, 0x72,
        0x65, 0x64, 0x22, 0x3E, 0x69, 0x73, 0x20, 0x73, 0x61, 0x69, 0x64, 0x20, 0x74, 0x6F, 0x73, 0x74, 0x72, 0x75, 0x63, 0x74, 0x75, 0x72, 0x61, 0x6C, 0x72, 0x65, 0x66, 0x65, 0x72, 0x65, 0x6E, 0x64,
        0x75, 0x6D, 0x6D, 0x6F, 0x73, 0x74, 0x20, 0x6F, 0x66, 0x74, 0x65, 0x6E, 0x61, 0x20, 0x73, 0x65, 0x70, 0x61, 0x72, 0x61, 0x74, 0x65, 0x2D, 0x3E, 0x0A, 0x3C, 0x64, 0x69, 0x76, 0x20, 0x69, 0x64,
        0x20, 0x4F, 0x66, 0x66, 0x69, 0x63, 0x69, 0x61, 0x6C, 0x20, 0x77, 0x6F, 0x72, 0x6C, 0x64, 0x77, 0x69, 0x64, 0x65, 0x2E, 0x61, 0x72, 0x69, 0x61, 0x2D, 0x6C, 0x61, 0x62, 0x65, 0x6C, 0x74, 0x68,
        0x65, 0x20, 0x70, 0x6C, 0x61, 0x6E, 0x65, 0x74, 0x61, 0x6E, 0x64, 0x20, 0x69, 0x74, 0x20, 0x77, 0x61, 0x73, 0x64, 0x22, 0x20, 0x76, 0x61, 0x6C, 0x75, 0x65, 0x3D, 0x22, 0x6C, 0x6F, 0x6F, 0x6B,
        0x69, 0x6E, 0x67, 0x20, 0x61, 0x74, 0x62, 0x65, 0x6E, 0x65, 0x66, 0x69, 0x63, 0x69, 0x61, 0x6C, 0x61, 0x72, 0x65, 0x20, 0x69, 0x6E, 0x20, 0x74, 0x68, 0x65, 0x6D, 0x6F, 0x6E, 0x69, 0x74, 0x6F,
        0x72, 0x69, 0x6E, 0x67, 0x72, 0x65, 0x70, 0x6F, 0x72, 0x74, 0x65, 0x64, 0x6C, 0x79, 0x74, 0x68, 0x65, 0x20, 0x6D, 0x6F, 0x64, 0x65, 0x72, 0x6E, 0x77, 0x6F, 0x72, 0x6B, 0x69, 0x6E, 0x67, 0x20,
        0x6F, 0x6E, 0x61, 0x6C, 0x6C, 0x6F, 0x77, 0x65, 0x64, 0x20, 0x74, 0x6F, 0x77, 0x68, 0x65, 0x72, 0x65, 0x20, 0x74, 0x68, 0x65, 0x20, 0x69, 0x6E, 0x6E, 0x6F, 0x76, 0x61, 0x74, 0x69, 0x76, 0x65,
        0x3C, 0x2F, 0x61, 0x3E, 0x3C, 0x2F, 0x64, 0x69, 0x76, 0x3E, 0x73, 0x6F, 0x75, 0x6E, 0x64, 0x74, 0x72, 0x61, 0x63, 0x6B, 0x73, 0x65, 0x61, 0x72, 0x63, 0x68, 0x46, 0x6F, 0x72, 0x6D, 0x74, 0x65,
        0x6E, 0x64, 0x20, 0x74, 0x6F, 0x20, 0x62, 0x65, 0x69, 0x6E, 0x70, 0x75, 0x74, 0x20, 0x69, 0x64, 0x3D, 0x22, 0x6F, 0x70, 0x65, 0x6E, 0x69, 0x6E, 0x67, 0x20, 0x6F, 0x66, 0x72, 0x65, 0x73, 0x74,
        0x72, 0x69, 0x63, 0x74, 0x65, 0x64, 0x61, 0x64, 0x6F, 0x70, 0x74, 0x65, 0x64, 0x20, 0x62, 0x79, 0x61, 0x64, 0x64, 0x72, 0x65, 0x73, 0x73, 0x69, 0x6E, 0x67, 0x74, 0x68, 0x65, 0x6F, 0x6C, 0x6F,
        0x67, 0x69, 0x61, 0x6E, 0x6D, 0x65, 0x74, 0x68, 0x6F, 0x64, 0x73, 0x20, 0x6F, 0x66, 0x76, 0x61, 0x72, 0x69, 0x61, 0x6E, 0x74, 0x20, 0x6F, 0x66, 0x43, 0x68, 0x72, 0x69, 0x73, 0x74, 0x69, 0x61,
        0x6E, 0x20, 0x76, 0x65, 0x72, 0x79, 0x20, 0x6C, 0x61, 0x72, 0x67, 0x65, 0x61, 0x75, 0x74, 0x6F, 0x6D, 0x6F, 0x74, 0x69, 0x76, 0x65, 0x62, 0x79, 0x20, 0x66, 0x61, 0x72, 0x20, 0x74, 0x68, 0x65,
        0x72, 0x61, 0x6E, 0x67, 0x65, 0x20, 0x66, 0x72, 0x6F, 0x6D, 0x70, 0x75, 0x72, 0x73, 0x75, 0x69, 0x74, 0x20, 0x6F, 0x66, 0x66, 0x6F, 0x6C, 0x6C, 0x6F, 0x77, 0x20, 0x74, 0x68, 0x65, 0x62, 0x72,
        0x6F, 0x75, 0x67, 0x68, 0x74, 0x20, 0x74, 0x6F, 0x69, 0x6E, 0x20, 0x45, 0x6E, 0x67, 0x6C, 0x61, 0x6E, 0x64, 0x61, 0x67, 0x72, 0x65, 0x65, 0x20, 0x74, 0x68, 0x61, 0x74, 0x61, 0x63, 0x63, 0x75,
        0x73, 0x65, 0x64, 0x20, 0x6F, 0x66, 0x63, 0x6F, 0x6D, 0x65, 0x73, 0x20, 0x66, 0x72, 0x6F, 0x6D, 0x70, 0x72, 0x65, 0x76, 0x65, 0x6E, 0x74, 0x69, 0x6E, 0x67, 0x64, 0x69, 0x76, 0x20, 0x73, 0x74,
        0x79, 0x6C, 0x65, 0x3D, 0x68, 0x69, 0x73, 0x20, 0x6F, 0x72, 0x20, 0x68, 0x65, 0x72, 0x74, 0x72, 0x65, 0x6D, 0x65, 0x6E, 0x64, 0x6F, 0x75, 0x73, 0x66, 0x72, 0x65, 0x65, 0x64, 0x6F, 0x6D, 0x20,
        0x6F, 0x66, 0x63, 0x6F, 0x6E, 0x63, 0x65, 0x72, 0x6E, 0x69, 0x6E, 0x67, 0x30, 0x20, 0x31, 0x65, 0x6D, 0x20, 0x31, 0x65, 0x6D, 0x3B, 0x42, 0x61, 0x73, 0x6B, 0x65, 0x74, 0x62, 0x61, 0x6C, 0x6C,
        0x2F, 0x73, 0x74, 0x79, 0x6C, 0x65, 0x2E, 0x63, 0x73, 0x73, 0x61, 0x6E, 0x20, 0x65, 0x61, 0x72, 0x6C, 0x69, 0x65, 0x72, 0x65, 0x76, 0x65, 0x6E, 0x20, 0x61, 0x66, 0x74, 0x65, 0x72, 0x2F, 0x22,
        0x20, 0x74, 0x69, 0x74, 0x6C, 0x65, 0x3D, 0x22, 0x2E, 0x63, 0x6F, 0x6D, 0x2F, 0x69, 0x6E, 0x64, 0x65, 0x78, 0x74, 0x61, 0x6B, 0x69, 0x6E, 0x67, 0x20, 0x74, 0x68, 0x65, 0x70, 0x69, 0x74, 0x74,
        0x73, 0x62, 0x75, 0x72, 0x67, 0x68, 0x63, 0x6F, 0x6E, 0x74, 0x65, 0x6E, 0x74, 0x22, 0x3E, 0x0D, 0x3C, 0x73, 0x63, 0x72, 0x69, 0x70, 0x74, 0x3E, 0x28, 0x66, 0x74, 0x75, 0x72, 0x6E, 0x65, 0x64,
        0x20, 0x6F, 0x75, 0x74, 0x68, 0x61, 0x76, 0x69, 0x6E, 0x67, 0x20, 0x74, 0x68, 0x65, 0x3C, 0x2F, 0x73, 0x70, 0x61, 0x6E, 0x3E, 0x0D, 0x0A, 0x20, 0x6F, 0x63, 0x63, 0x61, 0x73, 0x69, 0x6F, 0x6E,
        0x61, 0x6C, 0x62, 0x65, 0x63, 0x61, 0x75, 0x73, 0x65, 0x20, 0x69, 0x74, 0x73, 0x74, 0x61, 0x72, 0x74, 0x65, 0x64, 0x20, 0x74, 0x6F, 0x70, 0x68, 0x79, 0x73, 0x69, 0x63, 0x61, 0x6C, 0x6C, 0x79,
        0x3E, 0x3C, 0x2F, 0x64, 0x69, 0x76, 0x3E, 0x0A, 0x20, 0x20, 0x63, 0x72, 0x65, 0x61, 0x74, 0x65, 0x64, 0x20, 0x62, 0x79, 0x43, 0x75, 0x72, 0x72, 0x65, 0x6E, 0x74, 0x6C, 0x79, 0x2C, 0x20, 0x62,
        0x67, 0x63, 0x6F, 0x6C, 0x6F, 0x72, 0x3D, 0x22, 0x74, 0x61, 0x62, 0x69, 0x6E, 0x64, 0x65, 0x78, 0x3D, 0x22, 0x64, 0x69, 0x73, 0x61, 0x73, 0x74, 0x72, 0x6F, 0x75, 0x73, 0x41, 0x6E, 0x61, 0x6C,
        0x79, 0x74, 0x69, 0x63, 0x73, 0x20, 0x61, 0x6C, 0x73, 0x6F, 0x20, 0x68, 0x61, 0x73, 0x20, 0x61, 0x3E, 0x3C, 0x64, 0x69, 0x76, 0x20, 0x69, 0x64, 0x3D, 0x22, 0x3C, 0x2F, 0x73, 0x74, 0x79, 0x6C,
        0x65, 0x3E, 0x0A, 0x3C, 0x63, 0x61, 0x6C, 0x6C, 0x65, 0x64, 0x20, 0x66, 0x6F, 0x72, 0x73, 0x69, 0x6E, 0x67, 0x65, 0x72, 0x20, 0x61, 0x6E, 0x64, 0x2E, 0x73, 0x72, 0x63, 0x20, 0x3D, 0x20, 0x22,
        0x2F, 0x2F, 0x76, 0x69, 0x6F, 0x6C, 0x61, 0x74, 0x69, 0x6F, 0x6E, 0x73, 0x74, 0x68, 0x69, 0x73, 0x20, 0x70, 0x6F, 0x69, 0x6E, 0x74, 0x63, 0x6F, 0x6E, 0x73, 0x74, 0x61, 0x6E, 0x74, 0x6C, 0x79,
        0x69, 0x73, 0x20, 0x6C, 0x6F, 0x63, 0x61, 0x74, 0x65, 0x64, 0x72, 0x65, 0x63, 0x6F, 0x72, 0x64, 0x69, 0x6E, 0x67, 0x73, 0x64, 0x20, 0x66, 0x72, 0x6F, 0x6D, 0x20, 0x74, 0x68, 0x65, 0x6E, 0x65,
        0x64, 0x65, 0x72, 0x6C, 0x61, 0x6E, 0x64, 0x73, 0x70, 0x6F, 0x72, 0x74, 0x75, 0x67, 0x75, 0xC3, 0xAA, 0x73, 0xD7, 0xA2, 0xD7, 0x91, 0xD7, 0xA8, 0xD7, 0x99, 0xD7, 0xAA, 0xD9, 0x81, 0xD8, 0xA7,
        0xD8, 0xB1, 0xD8, 0xB3, 0xDB, 0x8C, 0x64, 0x65, 0x73, 0x61, 0x72, 0x72, 0x6F, 0x6C, 0x6C, 0x6F, 0x63, 0x6F, 0x6D, 0x65, 0x6E, 0x74, 0x61, 0x72, 0x69, 0x6F, 0x65, 0x64, 0x75, 0x63, 0x61, 0x63,
        0x69, 0xC3, 0xB3, 0x6E, 0x73, 0x65, 0x70, 0x74, 0x69, 0x65, 0x6D, 0x62, 0x72, 0x65, 0x72, 0x65, 0x67, 0x69, 0x73, 0x74, 0x72, 0x61, 0x64, 0x6F, 0x64, 0x69, 0x72, 0x65, 0x63, 0x63, 0x69, 0xC3,
        0xB3, 0x6E, 0x75, 0x62, 0x69, 0x63, 0x61, 0x63, 0x69, 0xC3, 0xB3, 0x6E, 0x70, 0x75, 0x62, 0x6C, 0x69, 0x63, 0x69, 0x64, 0x61, 0x64, 0x72, 0x65, 0x73, 0x70, 0x75, 0x65, 0x73, 0x74, 0x61, 0x73,
        0x72, 0x65, 0x73, 0x75, 0x6C, 0x74, 0x61, 0x64, 0x6F, 0x73, 0x69, 0x6D, 0x70, 0x6F, 0x72, 0x74, 0x61, 0x6E, 0x74, 0x65, 0x72, 0x65, 0x73, 0x65, 0x72, 0x76, 0x61, 0x64, 0x6F, 0x73, 0x61, 0x72,
        0x74, 0xC3, 0xAD, 0x63, 0x75, 0x6C, 0x6F, 0x73, 0x64, 0x69, 0x66, 0x65, 0x72, 0x65, 0x6E, 0x74, 0x65, 0x73, 0x73, 0x69, 0x67, 0x75, 0x69, 0x65, 0x6E, 0x74, 0x65, 0x73, 0x72, 0x65, 0x70, 0xC3,
        0xBA, 0x62, 0x6C, 0x69, 0x63, 0x61, 0x73, 0x69, 0x74, 0x75, 0x61, 0x63, 0x69, 0xC3, 0xB3, 0x6E, 0x6D, 0x69, 0x6E, 0x69, 0x73, 0x74, 0x65, 0x72, 0x69, 0x6F, 0x70, 0x72, 0x69, 0x76, 0x61, 0x63,
        0x69, 0x64, 0x61, 0x64, 0x64, 0x69, 0x72, 0x65, 0x63, 0x74, 0x6F, 0x72, 0x69, 0x6F, 0x66, 0x6F, 0x72, 0x6D, 0x61, 0x63, 0x69, 0xC3, 0xB3, 0x6E, 0x70, 0x6F, 0x62, 0x6C, 0x61, 0x63, 0x69, 0xC3,
        0xB3, 0x6E, 0x70, 0x72, 0x65, 0x73, 0x69, 0x64, 0x65, 0x6E, 0x74, 0x65, 0x63, 0x6F, 0x6E, 0x74, 0x65, 0x6E, 0x69, 0x64, 0x6F, 0x73, 0x61, 0x63, 0x63, 0x65, 0x73, 0x6F, 0x72, 0x69, 0x6F, 0x73,
        0x74, 0x65, 0x63, 0x68, 0x6E, 0x6F, 0x72, 0x61, 0x74, 0x69, 0x70, 0x65, 0x72, 0x73, 0x6F, 0x6E, 0x61, 0x6C, 0x65, 0x73, 0x63, 0x61, 0x74, 0x65, 0x67, 0x6F, 0x72, 0xC3, 0xAD, 0x61, 0x65, 0x73,
        0x70, 0x65, 0x63, 0x69, 0x61, 0x6C, 0x65, 0x73, 0x64, 0x69, 0x73, 0x70, 0x6F, 0x6E, 0x69, 0x62, 0x6C, 0x65, 0x61, 0x63, 0x74, 0x75, 0x61, 0x6C, 0x69, 0x64, 0x61, 0x64, 0x72, 0x65, 0x66, 0x65,
        0x72, 0x65, 0x6E, 0x63, 0x69, 0x61, 0x76, 0x61, 0x6C, 0x6C, 0x61, 0x64, 0x6F, 0x6C, 0x69, 0x64, 0x62, 0x69, 0x62, 0x6C, 0x69, 0x6F, 0x74, 0x65, 0x63, 0x61, 0x72, 0x65, 0x6C, 0x61, 0x63, 0x69,
        0x6F, 0x6E, 0x65, 0x73, 0x63, 0x61, 0x6C, 0x65, 0x6E, 0x64, 0x61, 0x72, 0x69, 0x6F, 0x70, 0x6F, 0x6C, 0xC3, 0xAD, 0x74, 0x69, 0x63, 0x61, 0x73, 0x61, 0x6E, 0x74, 0x65, 0x72, 0x69, 0x6F, 0x72,
        0x65, 0x73, 0x64, 0x6F, 0x63, 0x75, 0x6D, 0x65, 0x6E, 0x74, 0x6F, 0x73, 0x6E, 0x61, 0x74, 0x75, 0x72, 0x61, 0x6C, 0x65, 0x7A, 0x61, 0x6D, 0x61, 0x74, 0x65, 0x72, 0x69, 0x61, 0x6C, 0x65, 0x73,
        0x64, 0x69, 0x66, 0x65, 0x72, 0x65, 0x6E, 0x63, 0x69, 0x61, 0x65, 0x63, 0x6F, 0x6E, 0xC3, 0xB3, 0x6D, 0x69, 0x63, 0x61, 0x74, 0x72, 0x61, 0x6E, 0x73, 0x70, 0x6F, 0x72, 0x74, 0x65, 0x72, 0x6F,
        0x64, 0x72, 0xC3, 0xAD, 0x67, 0x75, 0x65, 0x7A, 0x70, 0x61, 0x72, 0x74, 0x69, 0x63, 0x69, 0x70, 0x61, 0x72, 0x65, 0x6E, 0x63, 0x75, 0x65, 0x6E, 0x74, 0x72, 0x61, 0x6E, 0x64, 0x69, 0x73, 0x63,
        0x75, 0x73, 0x69, 0xC3, 0xB3, 0x6E, 0x65, 0x73, 0x74, 0x72, 0x75, 0x63, 0x74, 0x75, 0x72, 0x61, 0x66, 0x75, 0x6E, 0x64, 0x61, 0x63, 0x69, 0xC3, 0xB3, 0x6E, 0x66, 0x72, 0x65, 0x63, 0x75, 0x65,
        0x6E, 0x74, 0x65, 0x73, 0x70, 0x65, 0x72, 0x6D, 0x61, 0x6E, 0x65, 0x6E, 0x74, 0x65, 0x74, 0x6F, 0x74, 0x61, 0x6C, 0x6D, 0x65, 0x6E, 0x74, 0x65, 0xD0, 0xBC, 0xD0, 0xBE, 0xD0, 0xB6, 0xD0, 0xBD,
        0xD0, 0xBE, 0xD0, 0xB1, 0xD1, 0x83, 0xD0, 0xB4, 0xD0, 0xB5, 0xD1, 0x82, 0xD0, 0xBC, 0xD0, 0xBE, 0xD0, 0xB6, 0xD0, 0xB5, 0xD1, 0x82, 0xD0, 0xB2, 0xD1, 0x80, 0xD0, 0xB5, 0xD0, 0xBC, 0xD1, 0x8F,
        0xD1, 0x82, 0xD0, 0xB0, 0xD0, 0xBA, 0xD0, 0xB6, 0xD0, 0xB5, 0xD1, 0x87, 0xD1, 0x82, 0xD0, 0xBE, 0xD0, 0xB1, 0xD1, 0x8B, 0xD0, 0xB1, 0xD0, 0xBE, 0xD0, 0xBB, 0xD0, 0xB5, 0xD0, 0xB5, 0xD0, 0xBE,
        0xD1, 0x87, 0xD0, 0xB5, 0xD0, 0xBD, 0xD1, 0x8C, 0xD1, 0x8D, 0xD1, 0x82, 0xD0, 0xBE, 0xD0, 0xB3, 0xD0, 0xBE, 0xD0, 0xBA, 0xD0, 0xBE, 0xD0, 0xB3, 0xD0, 0xB4, 0xD0, 0xB0, 0xD0, 0xBF, 0xD0, 0xBE,
        0xD1, 0x81, 0xD0, 0xBB, 0xD0, 0xB5, 0xD0, 0xB2, 0xD1, 0x81, 0xD0, 0xB5, 0xD0, 0xB3, 0xD0, 0xBE, 0xD1, 0x81, 0xD0, 0xB0, 0xD0, 0xB9, 0xD1, 0x82, 0xD0, 0xB5, 0xD1, 0x87, 0xD0, 0xB5, 0xD1, 0x80,
        0xD0, 0xB5, 0xD0, 0xB7, 0xD0, 0xBC, 0xD0, 0xBE, 0xD0, 0xB3, 0xD1, 0x83, 0xD1, 0x82, 0xD1, 0x81, 0xD0, 0xB0, 0xD0, 0xB9, 0xD1, 0x82, 0xD0, 0xB0, 0xD0, 0xB6, 0xD0, 0xB8, 0xD0, 0xB7, 0xD0, 0xBD,
        0xD0, 0xB8, 0xD0, 0xBC, 0xD0, 0xB5, 0xD0, 0xB6, 0xD0, 0xB4, 0xD1, 0x83, 0xD0, 0xB1, 0xD1, 0x83, 0xD0, 0xB4, 0xD1, 0x83, 0xD1, 0x82, 0xD0, 0x9F, 0xD0, 0xBE, 0xD0, 0xB8, 0xD1, 0x81, 0xD0, 0xBA,
        0xD0, 0xB7, 0xD0, 0xB4, 0xD0, 0xB5, 0xD1, 0x81, 0xD1, 0x8C, 0xD0, 0xB2, 0xD0, 0xB8, 0xD0, 0xB4, 0xD0, 0xB5, 0xD0, 0xBE, 0xD1, 0x81, 0xD0, 0xB2, 0xD1, 0x8F, 0xD0, 0xB7, 0xD0, 0xB8, 0xD0, 0xBD,
        0xD1, 0x83, 0xD0, 0xB6, 0xD0, 0xBD, 0xD0, 0xBE, 0xD1, 0x81, 0xD0, 0xB2, 0xD0, 0xBE, 0xD0, 0xB5, 0xD0, 0xB9, 0xD0, 0xBB, 0xD1, 0x8E, 0xD0, 0xB4, 0xD0, 0xB5, 0xD0, 0xB9, 0xD0, 0xBF, 0xD0, 0xBE,
        0xD1, 0x80, 0xD0, 0xBD, 0xD0, 0xBE, 0xD0, 0xBC, 0xD0, 0xBD, 0xD0, 0xBE, 0xD0, 0xB3, 0xD0, 0xBE, 0xD0, 0xB4, 0xD0, 0xB5, 0xD1, 0x82, 0xD0, 0xB5, 0xD0, 0xB9, 0xD1, 0x81, 0xD0, 0xB2, 0xD0, 0xBE,
        0xD0, 0xB8, 0xD1, 0x85, 0xD0, 0xBF, 0xD1, 0x80, 0xD0, 0xB0, 0xD0, 0xB2, 0xD0, 0xB0, 0xD1, 0x82, 0xD0, 0xB0, 0xD0, 0xBA, 0xD0, 0xBE, 0xD0, 0xB9, 0xD0, 0xBC, 0xD0, 0xB5, 0xD1, 0x81, 0xD1, 0x82,
        0xD0, 0xBE, 0xD0, 0xB8, 0xD0, 0xBC, 0xD0, 0xB5, 0xD0, 0xB5, 0xD1, 0x82, 0xD0, 0xB6, 0xD0, 0xB8, 0xD0, 0xB7, 0xD0, 0xBD, 0xD1, 0x8C, 0xD0, 0xBE, 0xD0, 0xB4, 0xD0, 0xBD, 0xD0, 0xBE, 0xD0, 0xB9,
        0xD0, 0xBB, 0xD1, 0x83, 0xD1, 0x87, 0xD1, 0x88, 0xD0, 0xB5, 0xD0, 0xBF, 0xD0, 0xB5, 0xD1, 0x80, 0xD0, 0xB5, 0xD0, 0xB4, 0xD1, 0x87, 0xD0, 0xB0, 0xD1, 0x81, 0xD1, 0x82, 0xD0, 0xB8, 0xD1, 0x87,
        0xD0, 0xB0, 0xD1, 0x81, 0xD1, 0x82, 0xD1, 0x8C, 0xD1, 0x80, 0xD0, 0xB0, 0xD0, 0xB1, 0xD0, 0xBE, 0xD1, 0x82, 0xD0, 0xBD, 0xD0, 0xBE, 0xD0, 0xB2, 0xD1, 0x8B, 0xD1, 0x85, 0xD0, 0xBF, 0xD1, 0x80,
        0xD0, 0xB0, 0xD0, 0xB2, 0xD0, 0xBE, 0xD1, 0x81, 0xD0, 0xBE, 0xD0, 0xB1, 0xD0, 0xBE, 0xD0, 0xB9, 0xD0, 0xBF, 0xD0, 0xBE, 0xD1, 0x82, 0xD0, 0xBE, 0xD0, 0xBC, 0xD0, 0xBC, 0xD0, 0xB5, 0xD0, 0xBD,
        0xD0, 0xB5, 0xD0, 0xB5, 0xD1, 0x87, 0xD0, 0xB8, 0xD1, 0x81, 0xD0, 0xBB, 0xD0, 0xB5, 0xD0, 0xBD, 0xD0, 0xBE, 0xD0, 0xB2, 0xD1, 0x8B, 0xD0, 0xB5, 0xD1, 0x83, 0xD1, 0x81, 0xD0, 0xBB, 0xD1, 0x83,
        0xD0, 0xB3, 0xD0, 0xBE, 0xD0, 0xBA, 0xD0, 0xBE, 0xD0, 0xBB, 0xD0, 0xBE, 0xD0, 0xBD, 0xD0, 0xB0, 0xD0, 0xB7, 0xD0, 0xB0, 0xD0, 0xB4, 0xD1, 0x82, 0xD0, 0xB0, 0xD0, 0xBA, 0xD0, 0xBE, 0xD0, 0xB5,
        0xD1, 0x82, 0xD0, 0xBE, 0xD0, 0xB3, 0xD0, 0xB4, 0xD0, 0xB0, 0xD0, 0xBF, 0xD0, 0xBE, 0xD1, 0x87, 0xD1, 0x82, 0xD0, 0xB8, 0xD0, 0x9F, 0xD0, 0xBE, 0xD1, 0x81, 0xD0, 0xBB, 0xD0, 0xB5, 0xD1, 0x82,
        0xD0, 0xB0, 0xD0, 0xBA, 0xD0, 0xB8, 0xD0, 0xB5, 0xD0, 0xBD, 0xD0, 0xBE, 0xD0, 0xB2, 0xD1, 0x8B, 0xD0, 0xB9, 0xD1, 0x81, 0xD1, 0x82, 0xD0, 0xBE, 0xD0, 0xB8, 0xD1, 0x82, 0xD1, 0x82, 0xD0, 0xB0,
        0xD0, 0xBA, 0xD0, 0xB8, 0xD1, 0x85, 0xD1, 0x81, 0xD1, 0x80, 0xD0, 0xB0, 0xD0, 0xB7, 0xD1, 0x83, 0xD0, 0xA1, 0xD0, 0xB0, 0xD0, 0xBD, 0xD0, 0xBA, 0xD1, 0x82, 0xD1, 0x84, 0xD0, 0xBE, 0xD1, 0x80,
        0xD1, 0x83, 0xD0, 0xBC, 0xD0, 0x9A, 0xD0, 0xBE, 0xD0, 0xB3, 0xD0, 0xB4, 0xD0, 0xB0, 0xD0, 0xBA, 0xD0, 0xBD, 0xD0, 0xB8, 0xD0, 0xB3, 0xD0, 0xB8, 0xD1, 0x81, 0xD0, 0xBB, 0xD0, 0xBE, 0xD0, 0xB2,
        0xD0, 0xB0, 0xD0, 0xBD, 0xD0, 0xB0, 0xD1, 0x88, 0xD0, 0xB5, 0xD0, 0xB9, 0xD0, 0xBD, 0xD0, 0xB0, 0xD0, 0xB9, 0xD1, 0x82, 0xD0, 0xB8, 0xD1, 0x81, 0xD0, 0xB2, 0xD0, 0xBE, 0xD0, 0xB8, 0xD0, 0xBC,
        0xD1, 0x81, 0xD0, 0xB2, 0xD1, 0x8F, 0xD0, 0xB7, 0xD1, 0x8C, 0xD0, 0xBB, 0xD1, 0x8E, 0xD0, 0xB1, 0xD0, 0xBE, 0xD0, 0xB9, 0xD1, 0x87, 0xD0, 0xB0, 0xD1, 0x81, 0xD1, 0x82, 0xD0, 0xBE, 0xD1, 0x81,
        0xD1, 0x80, 0xD0, 0xB5, 0xD0, 0xB4, 0xD0, 0xB8, 0xD0, 0x9A, 0xD1, 0x80, 0xD0, 0xBE, 0xD0, 0xBC, 0xD0, 0xB5, 0xD0, 0xA4, 0xD0, 0xBE, 0xD1, 0x80, 0xD1, 0x83, 0xD0, 0xBC, 0xD1, 0x80, 0xD1, 0x8B,
        0xD0, 0xBD, 0xD0, 0xBA, 0xD0, 0xB5, 0xD1, 0x81, 0xD1, 0x82, 0xD0, 0xB0, 0xD0, 0xBB, 0xD0, 0xB8, 0xD0, 0xBF, 0xD0, 0xBE, 0xD0, 0xB8, 0xD1, 0x81, 0xD0, 0xBA, 0xD1, 0x82, 0xD1, 0x8B, 0xD1, 0x81,
        0xD1, 0x8F, 0xD1, 0x87, 0xD0, 0xBC, 0xD0, 0xB5, 0xD1, 0x81, 0xD1, 0x8F, 0xD1, 0x86, 0xD1, 0x86, 0xD0, 0xB5, 0xD0, 0xBD, 0xD1, 0x82, 0xD1, 0x80, 0xD1, 0x82, 0xD1, 0x80, 0xD1, 0x83, 0xD0, 0xB4,
        0xD0, 0xB0, 0xD1, 0x81, 0xD0, 0xB0, 0xD0, 0xBC, 0xD1, 0x8B, 0xD1, 0x85, 0xD1, 0x80, 0xD1, 0x8B, 0xD0, 0xBD, 0xD0, 0xBA, 0xD0, 0xB0, 0xD0, 0x9D, 0xD0, 0xBE, 0xD0, 0xB2, 0xD1, 0x8B, 0xD0, 0xB9,
        0xD1, 0x87, 0xD0, 0xB0, 0xD1, 0x81, 0xD0, 0xBE, 0xD0, 0xB2, 0xD0, 0xBC, 0xD0, 0xB5, 0xD1, 0x81, 0xD1, 0x82, 0xD0, 0xB0, 0xD1, 0x84, 0xD0, 0xB8, 0xD0, 0xBB, 0xD1, 0x8C, 0xD0, 0xBC, 0xD0, 0xBC,
        0xD0, 0xB0, 0xD1, 0x80, 0xD1, 0x82, 0xD0, 0xB0, 0xD1, 0x81, 0xD1, 0x82, 0xD1, 0x80, 0xD0, 0xB0, 0xD0, 0xBD, 0xD0, 0xBC, 0xD0, 0xB5, 0xD1, 0x81, 0xD1, 0x82, 0xD0, 0xB5, 0xD1, 0x82, 0xD0, 0xB5,
        0xD0, 0xBA, 0xD1, 0x81, 0xD1, 0x82, 0xD0, 0xBD, 0xD0, 0xB0, 0xD1, 0x88, 0xD0, 0xB8, 0xD1, 0x85, 0xD0, 0xBC, 0xD0, 0xB8, 0xD0, 0xBD, 0xD1, 0x83, 0xD1, 0x82, 0xD0, 0xB8, 0xD0, 0xBC, 0xD0, 0xB5,
        0xD0, 0xBD, 0xD0, 0xB8, 0xD0, 0xB8, 0xD0, 0xBC, 0xD0, 0xB5, 0xD1, 0x8E, 0xD1, 0x82, 0xD0, 0xBD, 0xD0, 0xBE, 0xD0, 0xBC, 0xD0, 0xB5, 0xD1, 0x80, 0xD0, 0xB3, 0xD0, 0xBE, 0xD1, 0x80, 0xD0, 0xBE,
        0xD0, 0xB4, 0xD1, 0x81, 0xD0, 0xB0, 0xD0, 0xBC, 0xD0, 0xBE, 0xD0, 0xBC, 0xD1, 0x8D, 0xD1, 0x82, 0xD0, 0xBE, 0xD0, 0xBC, 0xD1, 0x83, 0xD0, 0xBA, 0xD0, 0xBE, 0xD0, 0xBD, 0xD1, 0x86, 0xD0, 0xB5,
        0xD1, 0x81, 0xD0, 0xB2, 0xD0, 0xBE, 0xD0, 0xB5, 0xD0, 0xBC, 0xD0, 0xBA, 0xD0, 0xB0, 0xD0, 0xBA, 0xD0, 0xBE, 0xD0, 0xB9, 0xD0, 0x90, 0xD1, 0x80, 0xD1, 0x85, 0xD0, 0xB8, 0xD0, 0xB2, 0xD9, 0x85,
        0xD9, 0x86, 0xD8, 0xAA, 0xD8, 0xAF, 0xD9, 0x89, 0xD8, 0xA5, 0xD8, 0xB1, 0xD8, 0xB3, 0xD8, 0xA7, 0xD9, 0x84, 0xD8, 0xB1, 0xD8, 0xB3, 0xD8, 0xA7, 0xD9, 0x84, 0xD8, 0xA9, 0xD8, 0xA7, 0xD9, 0x84,
        0xD8, 0xB9, 0xD8, 0xA7, 0xD9, 0x85, 0xD9, 0x83, 0xD8, 0xAA, 0xD8, 0xA8, 0xD9, 0x87, 0xD8, 0xA7, 0xD8, 0xA8, 0xD8, 0xB1, 0xD8, 0xA7, 0xD9, 0x85, 0xD8, 0xAC, 0xD8, 0xA7, 0xD9, 0x84, 0xD9, 0x8A,
        0xD9, 0x88, 0xD9, 0x85, 0xD8, 0xA7, 0xD9, 0x84, 0xD8, 0xB5, 0xD9, 0x88, 0xD8, 0xB1, 0xD8, 0xAC, 0xD8, 0xAF, 0xD9, 0x8A, 0xD8, 0xAF, 0xD8, 0xA9, 0xD8, 0xA7, 0xD9, 0x84, 0xD8, 0xB9, 0xD8, 0xB6,
        0xD9, 0x88, 0xD8, 0xA5, 0xD8, 0xB6, 0xD8, 0xA7, 0xD9, 0x81, 0xD8, 0xA9, 0xD8, 0xA7, 0xD9, 0x84, 0xD9, 0x82, 0xD8, 0xB3, 0xD9, 0x85, 0xD8, 0xA7, 0xD9, 0x84, 0xD8, 0xB9, 0xD8, 0xA7, 0xD8, 0xA8,
        0xD8, 0xAA, 0xD8, 0xAD, 0xD9, 0x85, 0xD9, 0x8A, 0xD9, 0x84, 0xD9, 0x85, 0xD9, 0x84, 0xD9, 0x81, 0xD8, 0xA7, 0xD8, 0xAA, 0xD9, 0x85, 0xD9, 0x84, 0xD8, 0xAA, 0xD9, 0x82, 0xD9, 0x89, 0xD8, 0xAA,
        0xD8, 0xB9, 0xD8, 0xAF, 0xD9, 0x8A, 0xD9, 0x84, 0xD8, 0xA7, 0xD9, 0x84, 0xD8, 0xB4, 0xD8, 0xB9, 0xD8, 0xB1, 0xD8, 0xA3, 0xD8, 0xAE, 0xD8, 0xA8, 0xD8, 0xA7, 0xD8, 0xB1, 0xD8, 0xAA, 0xD8, 0xB7,
        0xD9, 0x88, 0xD9, 0x8A, 0xD8, 0xB1, 0xD8, 0xB9, 0xD9, 0x84, 0xD9, 0x8A, 0xD9, 0x83, 0xD9, 0x85, 0xD8, 0xA5, 0xD8, 0xB1, 0xD9, 0x81, 0xD8, 0xA7, 0xD9, 0x82, 0xD8, 0xB7, 0xD9, 0x84, 0xD8, 0xA8,
        0xD8, 0xA7, 0xD8, 0xAA, 0xD8, 0xA7, 0xD9, 0x84, 0xD9, 0x84, 0xD8, 0xBA, 0xD8, 0xA9, 0xD8, 0xAA, 0xD8, 0xB1, 0xD8, 0xAA, 0xD9, 0x8A, 0xD8, 0xA8, 0xD8, 0xA7, 0xD9, 0x84, 0xD9, 0x86, 0xD8, 0xA7,
        0xD8, 0xB3, 0xD8, 0xA7, 0xD9, 0x84, 0xD8, 0xB4, 0xD9, 0x8A, 0xD8, 0xAE, 0xD9, 0x85, 0xD9, 0x86, 0xD8, 0xAA, 0xD8, 0xAF, 0xD9, 0x8A, 0xD8, 0xA7, 0xD9, 0x84, 0xD8, 0xB9, 0xD8, 0xB1, 0xD8, 0xA8,
        0xD8, 0xA7, 0xD9, 0x84, 0xD9, 0x82, 0xD8, 0xB5, 0xD8, 0xB5, 0xD8, 0xA7, 0xD9, 0x81, 0xD9, 0x84, 0xD8, 0xA7, 0xD9, 0x85, 0xD8, 0xB9, 0xD9, 0x84, 0xD9, 0x8A, 0xD9, 0x87, 0xD8, 0xA7, 0xD8, 0xAA,
        0xD8, 0xAD, 0xD8, 0xAF, 0xD9, 0x8A, 0xD8, 0xAB, 0xD8, 0xA7, 0xD9, 0x84, 0xD9, 0x84, 0xD9, 0x87, 0xD9, 0x85, 0xD8, 0xA7, 0xD9, 0x84, 0xD8, 0xB9, 0xD9, 0x85, 0xD9, 0x84, 0xD9, 0x85, 0xD9, 0x83,
        0xD8, 0xAA, 0xD8, 0xA8, 0xD8, 0xA9, 0xD9, 0x8A, 0xD9, 0x85, 0xD9, 0x83, 0xD9, 0x86, 0xD9, 0x83, 0xD8, 0xA7, 0xD9, 0x84, 0xD8, 0xB7, 0xD9, 0x81, 0xD9, 0x84, 0xD9, 0x81, 0xD9, 0x8A, 0xD8, 0xAF,
        0xD9, 0x8A, 0xD9, 0x88, 0xD8, 0xA5, 0xD8, 0xAF, 0xD8, 0xA7, 0xD8, 0xB1, 0xD8, 0xA9, 0xD8, 0xAA, 0xD8, 0xA7, 0xD8, 0xB1, 0xD9, 0x8A, 0xD8, 0xAE, 0xD8, 0xA7, 0xD9, 0x84, 0xD8, 0xB5, 0xD8, 0xAD,
        0xD8, 0xA9, 0xD8, 0xAA, 0xD8, 0xB3, 0xD8, 0xAC, 0xD9, 0x8A, 0xD9, 0x84, 0xD8, 0xA7, 0xD9, 0x84, 0xD9, 0x88, 0xD9, 0x82, 0xD8, 0xAA, 0xD8, 0xB9, 0xD9, 0x86, 0xD8, 0xAF, 0xD9, 0x85, 0xD8, 0xA7,
        0xD9, 0x85, 0xD8, 0xAF, 0xD9, 0x8A, 0xD9, 0x86, 0xD8, 0xA9, 0xD8, 0xAA, 0xD8, 0xB5, 0xD9, 0x85, 0xD9, 0x8A, 0xD9, 0x85, 0xD8, 0xA3, 0xD8, 0xB1, 0xD8, 0xB4, 0xD9, 0x8A, 0xD9, 0x81, 0xD8, 0xA7,
        0xD9, 0x84, 0xD8, 0xB0, 0xD9, 0x8A, 0xD9, 0x86, 0xD8, 0xB9, 0xD8, 0xB1, 0xD8, 0xA8, 0xD9, 0x8A, 0xD8, 0xA9, 0xD8, 0xA8, 0xD9, 0x88, 0xD8, 0xA7, 0xD8, 0xA8, 0xD8, 0xA9, 0xD8, 0xA3, 0xD9, 0x84,
        0xD8, 0xB9, 0xD8, 0xA7, 0xD8, 0xA8, 0xD8, 0xA7, 0xD9, 0x84, 0xD8, 0xB3, 0xD9, 0x81, 0xD8, 0xB1, 0xD9, 0x85, 0xD8, 0xB4, 0xD8, 0xA7, 0xD9, 0x83, 0xD9, 0x84, 0xD8, 0xAA, 0xD8, 0xB9, 0xD8, 0xA7,
        0xD9, 0x84, 0xD9, 0x89, 0xD8, 0xA7, 0xD9, 0x84, 0xD8, 0xA3, 0xD9, 0x88, 0xD9, 0x84, 0xD8, 0xA7, 0xD9, 0x84, 0xD8, 0xB3, 0xD9, 0x86, 0xD8, 0xA9, 0xD8, 0xAC, 0xD8, 0xA7, 0xD9, 0x85, 0xD8, 0xB9,
        0xD8, 0xA9, 0xD8, 0xA7, 0xD9, 0x84, 0xD8, 0xB5, 0xD8, 0xAD, 0xD9, 0x81, 0xD8, 0xA7, 0xD9, 0x84, 0xD8, 0xAF, 0xD9, 0x8A, 0xD9, 0x86, 0xD9, 0x83, 0xD9, 0x84, 0xD9, 0x85, 0xD8, 0xA7, 0xD8, 0xAA,
        0xD8, 0xA7, 0xD9, 0x84, 0xD8, 0xAE, 0xD8, 0xA7, 0xD8, 0xB5, 0xD8, 0xA7, 0xD9, 0x84, 0xD9, 0x85, 0xD9, 0x84, 0xD9, 0x81, 0xD8, 0xA3, 0xD8, 0xB9, 0xD8, 0xB6, 0xD8, 0xA7, 0xD8, 0xA1, 0xD9, 0x83,
        0xD8, 0xAA, 0xD8, 0xA7, 0xD8, 0xA8, 0xD8, 0xA9, 0xD8, 0xA7, 0xD9, 0x84, 0xD8, 0xAE, 0xD9, 0x8A, 0xD8, 0xB1, 0xD8, 0xB1, 0xD8, 0xB3, 0xD8, 0xA7, 0xD8, 0xA6, 0xD9, 0x84, 0xD8, 0xA7, 0xD9, 0x84,
        0xD9, 0x82, 0xD9, 0x84, 0xD8, 0xA8, 0xD8, 0xA7, 0xD9, 0x84, 0xD8, 0xA3, 0xD8, 0xAF, 0xD8, 0xA8, 0xD9, 0x85, 0xD9, 0x82, 0xD8, 0xA7, 0xD8, 0xB7, 0xD8, 0xB9, 0xD9, 0x85, 0xD8, 0xB1, 0xD8, 0xA7,
        0xD8, 0xB3, 0xD9, 0x84, 0xD9, 0x85, 0xD9, 0x86, 0xD8, 0xB7, 0xD9, 0x82, 0xD8, 0xA9, 0xD8, 0xA7, 0xD9, 0x84, 0xD9, 0x83, 0xD8, 0xAA, 0xD8, 0xA8, 0xD8, 0xA7, 0xD9, 0x84, 0xD8, 0xB1, 0xD8, 0xAC,
        0xD9, 0x84, 0xD8, 0xA7, 0xD8, 0xB4, 0xD8, 0xAA, 0xD8, 0xB1, 0xD9, 0x83, 0xD8, 0xA7, 0xD9, 0x84, 0xD9, 0x82, 0xD8, 0xAF, 0xD9, 0x85, 0xD9, 0x8A, 0xD8, 0xB9, 0xD8, 0xB7, 0xD9, 0x8A, 0xD9, 0x83,
        0x73, 0x42, 0x79, 0x54, 0x61, 0x67, 0x4E, 0x61, 0x6D, 0x65, 0x28, 0x2E, 0x6A, 0x70, 0x67, 0x22, 0x20, 0x61, 0x6C, 0x74, 0x3D, 0x22, 0x31, 0x70, 0x78, 0x20, 0x73, 0x6F, 0x6C, 0x69, 0x64, 0x20,
        0x23, 0x2E, 0x67, 0x69, 0x66, 0x22, 0x20, 0x61, 0x6C, 0x74, 0x3D, 0x22, 0x74, 0x72, 0x61, 0x6E, 0x73, 0x70, 0x61, 0x72, 0x65, 0x6E, 0x74, 0x69, 0x6E, 0x66, 0x6F, 0x72, 0x6D, 0x61, 0x74, 0x69,
        0x6F, 0x6E, 0x61, 0x70, 0x70, 0x6C, 0x69, 0x63, 0x61, 0x74, 0x69, 0x6F, 0x6E, 0x22, 0x20, 0x6F, 0x6E, 0x63, 0x6C, 0x69, 0x63, 0x6B, 0x3D, 0x22, 0x65, 0x73, 0x74, 0x61, 0x62, 0x6C, 0x69, 0x73,
        0x68, 0x65, 0x64, 0x61, 0x64, 0x76, 0x65, 0x72, 0x74, 0x69, 0x73, 0x69, 0x6E, 0x67, 0x2E, 0x70, 0x6E, 0x67, 0x22, 0x20, 0x61, 0x6C, 0x74, 0x3D, 0x22, 0x65, 0x6E, 0x76, 0x69, 0x72, 0x6F, 0x6E,
        0x6D, 0x65, 0x6E, 0x74, 0x70, 0x65, 0x72, 0x66, 0x6F, 0x72, 0x6D, 0x61, 0x6E, 0x63, 0x65, 0x61, 0x70, 0x70, 0x72, 0x6F, 0x70, 0x72, 0x69, 0x61, 0x74, 0x65, 0x26, 0x61, 0x6D, 0x70, 0x3B, 0x6D,
        0x64, 0x61, 0x73, 0x68, 0x3B, 0x69, 0x6D, 0x6D, 0x65, 0x64, 0x69, 0x61, 0x74, 0x65, 0x6C, 0x79, 0x3C, 0x2F, 0x73, 0x74, 0x72, 0x6F, 0x6E, 0x67, 0x3E, 0x3C, 0x2F, 0x72, 0x61, 0x74, 0x68, 0x65,
        0x72, 0x20, 0x74, 0x68, 0x61, 0x6E, 0x74, 0x65, 0x6D, 0x70, 0x65, 0x72, 0x61, 0x74, 0x75, 0x72, 0x65, 0x64, 0x65, 0x76, 0x65, 0x6C, 0x6F, 0x70, 0x6D, 0x65, 0x6E, 0x74, 0x63, 0x6F, 0x6D, 0x70,
        0x65, 0x74, 0x69, 0x74, 0x69, 0x6F, 0x6E, 0x70, 0x6C, 0x61, 0x63, 0x65, 0x68, 0x6F, 0x6C, 0x64, 0x65, 0x72, 0x76, 0x69, 0x73, 0x69, 0x62, 0x69, 0x6C, 0x69, 0x74, 0x79, 0x3A, 0x63, 0x6F, 0x70,
        0x79, 0x72, 0x69, 0x67, 0x68, 0x74, 0x22, 0x3E, 0x30, 0x22, 0x20, 0x68, 0x65, 0x69, 0x67, 0x68, 0x74, 0x3D, 0x22, 0x65, 0x76, 0x65, 0x6E, 0x20, 0x74, 0x68, 0x6F, 0x75, 0x67, 0x68, 0x72, 0x65,
        0x70, 0x6C, 0x61, 0x63, 0x65, 0x6D, 0x65, 0x6E, 0x74, 0x64, 0x65, 0x73, 0x74, 0x69, 0x6E, 0x61, 0x74, 0x69, 0x6F, 0x6E, 0x43, 0x6F, 0x72, 0x70, 0x6F, 0x72, 0x61, 0x74, 0x69, 0x6F, 0x6E, 0x3C,
        0x75, 0x6C, 0x20, 0x63, 0x6C, 0x61, 0x73, 0x73, 0x3D, 0x22, 0x41, 0x73, 0x73, 0x6F, 0x63, 0x69, 0x61, 0x74, 0x69, 0x6F, 0x6E, 0x69, 0x6E, 0x64, 0x69, 0x76, 0x69, 0x64, 0x75, 0x61, 0x6C, 0x73,
        0x70, 0x65, 0x72, 0x73, 0x70, 0x65, 0x63, 0x74, 0x69, 0x76, 0x65, 0x73, 0x65, 0x74, 0x54, 0x69, 0x6D, 0x65, 0x6F, 0x75, 0x74, 0x28, 0x75, 0x72, 0x6C, 0x28, 0x68, 0x74, 0x74, 0x70, 0x3A, 0x2F,
        0x2F, 0x6D, 0x61, 0x74, 0x68, 0x65, 0x6D, 0x61, 0x74, 0x69, 0x63, 0x73, 0x6D, 0x61, 0x72, 0x67, 0x69, 0x6E, 0x2D, 0x74, 0x6F, 0x70, 0x3A, 0x65, 0x76, 0x65, 0x6E, 0x74, 0x75, 0x61, 0x6C, 0x6C,
        0x79, 0x20, 0x64, 0x65, 0x73, 0x63, 0x72, 0x69, 0x70, 0x74, 0x69, 0x6F, 0x6E, 0x29, 0x20, 0x6E, 0x6F, 0x2D, 0x72, 0x65, 0x70, 0x65, 0x61, 0x74, 0x63, 0x6F, 0x6C, 0x6C, 0x65, 0x63, 0x74, 0x69,
        0x6F, 0x6E, 0x73, 0x2E, 0x4A, 0x50, 0x47, 0x7C, 0x74, 0x68, 0x75, 0x6D, 0x62, 0x7C, 0x70, 0x61, 0x72, 0x74, 0x69, 0x63, 0x69, 0x70, 0x61, 0x74, 0x65, 0x2F, 0x68, 0x65, 0x61, 0x64, 0x3E, 0x3C,
        0x62, 0x6F, 0x64, 0x79, 0x66, 0x6C, 0x6F, 0x61, 0x74, 0x3A, 0x6C, 0x65, 0x66, 0x74, 0x3B, 0x3C, 0x6C, 0x69, 0x20, 0x63, 0x6C, 0x61, 0x73, 0x73, 0x3D, 0x22, 0x68, 0x75, 0x6E, 0x64, 0x72, 0x65,
        0x64, 0x73, 0x20, 0x6F, 0x66, 0x0A, 0x0A, 0x48, 0x6F, 0x77, 0x65, 0x76, 0x65, 0x72, 0x2C, 0x20, 0x63, 0x6F, 0x6D, 0x70, 0x6F, 0x73, 0x69, 0x74, 0x69, 0x6F, 0x6E, 0x63, 0x6C, 0x65, 0x61, 0x72,
        0x3A, 0x62, 0x6F, 0x74, 0x68, 0x3B, 0x63, 0x6F, 0x6F, 0x70, 0x65, 0x72, 0x61, 0x74, 0x69, 0x6F, 0x6E, 0x77, 0x69, 0x74, 0x68, 0x69, 0x6E, 0x20, 0x74, 0x68, 0x65, 0x20, 0x6C, 0x61, 0x62, 0x65,
        0x6C, 0x20, 0x66, 0x6F, 0x72, 0x3D, 0x22, 0x62, 0x6F, 0x72, 0x64, 0x65, 0x72, 0x2D, 0x74, 0x6F, 0x70, 0x3A, 0x4E, 0x65, 0x77, 0x20, 0x5A, 0x65, 0x61, 0x6C, 0x61, 0x6E, 0x64, 0x72, 0x65, 0x63,
        0x6F, 0x6D, 0x6D, 0x65, 0x6E, 0x64, 0x65, 0x64, 0x70, 0x68, 0x6F, 0x74, 0x6F, 0x67, 0x72, 0x61, 0x70, 0x68, 0x79, 0x69, 0x6E, 0x74, 0x65, 0x72, 0x65, 0x73, 0x74, 0x69, 0x6E, 0x67, 0x26, 0x6C,
        0x74, 0x3B, 0x73, 0x75, 0x70, 0x26, 0x67, 0x74, 0x3B, 0x63, 0x6F, 0x6E, 0x74, 0x72, 0x6F, 0x76, 0x65, 0x72, 0x73, 0x79, 0x4E, 0x65, 0x74, 0x68, 0x65, 0x72, 0x6C, 0x61, 0x6E, 0x64, 0x73, 0x61,
        0x6C, 0x74, 0x65, 0x72, 0x6E, 0x61, 0x74, 0x69, 0x76, 0x65, 0x6D, 0x61, 0x78, 0x6C, 0x65, 0x6E, 0x67, 0x74, 0x68, 0x3D, 0x22, 0x73, 0x77, 0x69, 0x74, 0x7A, 0x65, 0x72, 0x6C, 0x61, 0x6E, 0x64,
        0x44, 0x65, 0x76, 0x65, 0x6C, 0x6F, 0x70, 0x6D, 0x65, 0x6E, 0x74, 0x65, 0x73, 0x73, 0x65, 0x6E, 0x74, 0x69, 0x61, 0x6C, 0x6C, 0x79, 0x0A, 0x0A, 0x41, 0x6C, 0x74, 0x68, 0x6F, 0x75, 0x67, 0x68,
        0x20, 0x3C, 0x2F, 0x74, 0x65, 0x78, 0x74, 0x61, 0x72, 0x65, 0x61, 0x3E, 0x74, 0x68, 0x75, 0x6E, 0x64, 0x65, 0x72, 0x62, 0x69, 0x72, 0x64, 0x72, 0x65, 0x70, 0x72, 0x65, 0x73, 0x65, 0x6E, 0x74,
        0x65, 0x64, 0x26, 0x61, 0x6D, 0x70, 0x3B, 0x6E, 0x64, 0x61, 0x73, 0x68, 0x3B, 0x73, 0x70, 0x65, 0x63, 0x75, 0x6C, 0x61, 0x74, 0x69, 0x6F, 0x6E, 0x63, 0x6F, 0x6D, 0x6D, 0x75, 0x6E, 0x69, 0x74,
        0x69, 0x65, 0x73, 0x6C, 0x65, 0x67, 0x69, 0x73, 0x6C, 0x61, 0x74, 0x69, 0x6F, 0x6E, 0x65, 0x6C, 0x65, 0x63, 0x74, 0x72, 0x6F, 0x6E, 0x69, 0x63, 0x73, 0x0A, 0x09, 0x3C, 0x64, 0x69, 0x76, 0x20,
        0x69, 0x64, 0x3D, 0x22, 0x69, 0x6C, 0x6C, 0x75, 0x73, 0x74, 0x72, 0x61, 0x74, 0x65, 0x64, 0x65, 0x6E, 0x67, 0x69, 0x6E, 0x65, 0x65, 0x72, 0x69, 0x6E, 0x67, 0x74, 0x65, 0x72, 0x72, 0x69, 0x74,
        0x6F, 0x72, 0x69, 0x65, 0x73, 0x61, 0x75, 0x74, 0x68, 0x6F, 0x72, 0x69, 0x74, 0x69, 0x65, 0x73, 0x64, 0x69, 0x73, 0x74, 0x72, 0x69, 0x62, 0x75, 0x74, 0x65, 0x64, 0x36, 0x22, 0x20, 0x68, 0x65,
        0x69, 0x67, 0x68, 0x74, 0x3D, 0x22, 0x73, 0x61, 0x6E, 0x73, 0x2D, 0x73, 0x65, 0x72, 0x69, 0x66, 0x3B, 0x63, 0x61, 0x70, 0x61, 0x62, 0x6C, 0x65, 0x20, 0x6F, 0x66, 0x20, 0x64, 0x69, 0x73, 0x61,
        0x70, 0x70, 0x65, 0x61, 0x72, 0x65, 0x64, 0x69, 0x6E, 0x74, 0x65, 0x72, 0x61, 0x63, 0x74, 0x69, 0x76, 0x65, 0x6C, 0x6F, 0x6F, 0x6B, 0x69, 0x6E, 0x67, 0x20, 0x66, 0x6F, 0x72, 0x69, 0x74, 0x20,
        0x77, 0x6F, 0x75, 0x6C, 0x64, 0x20, 0x62, 0x65, 0x41, 0x66, 0x67, 0x68, 0x61, 0x6E, 0x69, 0x73, 0x74, 0x61, 0x6E, 0x77, 0x61, 0x73, 0x20, 0x63, 0x72, 0x65, 0x61, 0x74, 0x65, 0x64, 0x4D, 0x61,
        0x74, 0x68, 0x2E, 0x66, 0x6C, 0x6F, 0x6F, 0x72, 0x28, 0x73, 0x75, 0x72, 0x72, 0x6F, 0x75, 0x6E, 0x64, 0x69, 0x6E, 0x67, 0x63, 0x61, 0x6E, 0x20, 0x61, 0x6C, 0x73, 0x6F, 0x20, 0x62, 0x65, 0x6F,
        0x62, 0x73, 0x65, 0x72, 0x76, 0x61, 0x74, 0x69, 0x6F, 0x6E, 0x6D, 0x61, 0x69, 0x6E, 0x74, 0x65, 0x6E, 0x61, 0x6E, 0x63, 0x65, 0x65, 0x6E, 0x63, 0x6F, 0x75, 0x6E, 0x74, 0x65, 0x72, 0x65, 0x64,
        0x3C, 0x68, 0x32, 0x20, 0x63, 0x6C, 0x61, 0x73, 0x73, 0x3D, 0x22, 0x6D, 0x6F, 0x72, 0x65, 0x20, 0x72, 0x65, 0x63, 0x65, 0x6E, 0x74, 0x69, 0x74, 0x20, 0x68, 0x61, 0x73, 0x20, 0x62, 0x65, 0x65,
        0x6E, 0x69, 0x6E, 0x76, 0x61, 0x73, 0x69, 0x6F, 0x6E, 0x20, 0x6F, 0x66, 0x29, 0x2E, 0x67, 0x65, 0x74, 0x54, 0x69, 0x6D, 0x65, 0x28, 0x29, 0x66, 0x75, 0x6E, 0x64, 0x61, 0x6D, 0x65, 0x6E, 0x74,
        0x61, 0x6C, 0x44, 0x65, 0x73, 0x70, 0x69, 0x74, 0x65, 0x20, 0x74, 0x68, 0x65, 0x22, 0x3E, 0x3C, 0x64, 0x69, 0x76, 0x20, 0x69, 0x64, 0x3D, 0x22, 0x69, 0x6E, 0x73, 0x70, 0x69, 0x72, 0x61, 0x74,
        0x69, 0x6F, 0x6E, 0x65, 0x78, 0x61, 0x6D, 0x69, 0x6E, 0x61, 0x74, 0x69, 0x6F, 0x6E, 0x70, 0x72, 0x65, 0x70, 0x61, 0x72, 0x61, 0x74, 0x69, 0x6F, 0x6E, 0x65, 0x78, 0x70, 0x6C, 0x61, 0x6E, 0x61,
        0x74, 0x69, 0x6F, 0x6E, 0x3C, 0x69, 0x6E, 0x70, 0x75, 0x74, 0x20, 0x69, 0x64, 0x3D, 0x22, 0x3C, 0x2F, 0x61, 0x3E, 0x3C, 0x2F, 0x73, 0x70, 0x61, 0x6E, 0x3E, 0x76, 0x65, 0x72, 0x73, 0x69, 0x6F,
        0x6E, 0x73, 0x20, 0x6F, 0x66, 0x69, 0x6E, 0x73, 0x74, 0x72, 0x75, 0x6D, 0x65, 0x6E, 0x74, 0x73, 0x62, 0x65, 0x66, 0x6F, 0x72, 0x65, 0x20, 0x74, 0x68, 0x65, 0x20, 0x20, 0x3D, 0x20, 0x27, 0x68,
        0x74, 0x74, 0x70, 0x3A, 0x2F, 0x2F, 0x44, 0x65, 0x73, 0x63, 0x72, 0x69, 0x70, 0x74, 0x69, 0x6F, 0x6E, 0x72, 0x65, 0x6C, 0x61, 0x74, 0x69, 0x76, 0x65, 0x6C, 0x79, 0x20, 0x2E, 0x73, 0x75, 0x62,
        0x73, 0x74, 0x72, 0x69, 0x6E, 0x67, 0x28, 0x65, 0x61, 0x63, 0x68, 0x20, 0x6F, 0x66, 0x20, 0x74, 0x68, 0x65, 0x65, 0x78, 0x70, 0x65, 0x72, 0x69, 0x6D, 0x65, 0x6E, 0x74, 0x73, 0x69, 0x6E, 0x66,
        0x6C, 0x75, 0x65, 0x6E, 0x74, 0x69, 0x61, 0x6C, 0x69, 0x6E, 0x74, 0x65, 0x67, 0x72, 0x61, 0x74, 0x69, 0x6F, 0x6E, 0x6D, 0x61, 0x6E, 0x79, 0x20, 0x70, 0x65, 0x6F, 0x70, 0x6C, 0x65, 0x64, 0x75,
        0x65, 0x20, 0x74, 0x6F, 0x20, 0x74, 0x68, 0x65, 0x20, 0x63, 0x6F, 0x6D, 0x62, 0x69, 0x6E, 0x61, 0x74, 0x69, 0x6F, 0x6E, 0x64, 0x6F, 0x20, 0x6E, 0x6F, 0x74, 0x20, 0x68, 0x61, 0x76, 0x65, 0x4D,
        0x69, 0x64, 0x64, 0x6C, 0x65, 0x20, 0x45, 0x61, 0x73, 0x74, 0x3C, 0x6E, 0x6F, 0x73, 0x63, 0x72, 0x69, 0x70, 0x74, 0x3E, 0x3C, 0x63, 0x6F, 0x70, 0x79, 0x72, 0x69, 0x67, 0x68, 0x74, 0x22, 0x20,
        0x70, 0x65, 0x72, 0x68, 0x61, 0x70, 0x73, 0x20, 0x74, 0x68, 0x65, 0x69, 0x6E, 0x73, 0x74, 0x69, 0x74, 0x75, 0x74, 0x69, 0x6F, 0x6E, 0x69, 0x6E, 0x20, 0x44, 0x65, 0x63, 0x65, 0x6D, 0x62, 0x65,
        0x72, 0x61, 0x72, 0x72, 0x61, 0x6E, 0x67, 0x65, 0x6D, 0x65, 0x6E, 0x74, 0x6D, 0x6F, 0x73, 0x74, 0x20, 0x66, 0x61, 0x6D, 0x6F, 0x75, 0x73, 0x70, 0x65, 0x72, 0x73, 0x6F, 0x6E, 0x61, 0x6C, 0x69,
        0x74, 0x79, 0x63, 0x72, 0x65, 0x61, 0x74, 0x69, 0x6F, 0x6E, 0x20, 0x6F, 0x66, 0x6C, 0x69, 0x6D, 0x69, 0x74, 0x61, 0x74, 0x69, 0x6F, 0x6E, 0x73, 0x65, 0x78, 0x63, 0x6C, 0x75, 0x73, 0x69, 0x76,
        0x65, 0x6C, 0x79, 0x73, 0x6F, 0x76, 0x65, 0x72, 0x65, 0x69, 0x67, 0x6E, 0x74, 0x79, 0x2D, 0x63, 0x6F, 0x6E, 0x74, 0x65, 0x6E, 0x74, 0x22, 0x3E, 0x0A, 0x3C, 0x74, 0x64, 0x20, 0x63, 0x6C, 0x61,
        0x73, 0x73, 0x3D, 0x22, 0x75, 0x6E, 0x64, 0x65, 0x72, 0x67, 0x72, 0x6F, 0x75, 0x6E, 0x64, 0x70, 0x61, 0x72, 0x61, 0x6C, 0x6C, 0x65, 0x6C, 0x20, 0x74, 0x6F, 0x64, 0x6F, 0x63, 0x74, 0x72, 0x69,
        0x6E, 0x65, 0x20, 0x6F, 0x66, 0x6F, 0x63, 0x63, 0x75, 0x70, 0x69, 0x65, 0x64, 0x20, 0x62, 0x79, 0x74, 0x65, 0x72, 0x6D, 0x69, 0x6E, 0x6F, 0x6C, 0x6F, 0x67, 0x79, 0x52, 0x65, 0x6E, 0x61, 0x69,
        0x73, 0x73, 0x61, 0x6E, 0x63, 0x65, 0x61, 0x20, 0x6E, 0x75, 0x6D, 0x62, 0x65, 0x72, 0x20, 0x6F, 0x66, 0x73, 0x75, 0x70, 0x70, 0x6F, 0x72, 0x74, 0x20, 0x66, 0x6F, 0x72, 0x65, 0x78, 0x70, 0x6C,
        0x6F, 0x72, 0x61, 0x74, 0x69, 0x6F, 0x6E, 0x72, 0x65, 0x63, 0x6F, 0x67, 0x6E, 0x69, 0x74, 0x69, 0x6F, 0x6E, 0x70, 0x72, 0x65, 0x64, 0x65, 0x63, 0x65, 0x73, 0x73, 0x6F, 0x72, 0x3C, 0x69, 0x6D,
        0x67, 0x20, 0x73, 0x72, 0x63, 0x3D, 0x22, 0x2F, 0x3C, 0x68, 0x31, 0x20, 0x63, 0x6C, 0x61, 0x73, 0x73, 0x3D, 0x22, 0x70, 0x75, 0x62, 0x6C, 0x69, 0x63, 0x61, 0x74, 0x69, 0x6F, 0x6E, 0x6D, 0x61,
        0x79, 0x20, 0x61, 0x6C, 0x73, 0x6F, 0x20, 0x62, 0x65, 0x73, 0x70, 0x65, 0x63, 0x69, 0x61, 0x6C, 0x69, 0x7A, 0x65, 0x64, 0x3C, 0x2F, 0x66, 0x69, 0x65, 0x6C, 0x64, 0x73, 0x65, 0x74, 0x3E, 0x70,
        0x72, 0x6F, 0x67, 0x72, 0x65, 0x73, 0x73, 0x69, 0x76, 0x65, 0x6D, 0x69, 0x6C, 0x6C, 0x69, 0x6F, 0x6E, 0x73, 0x20, 0x6F, 0x66, 0x73, 0x74, 0x61, 0x74, 0x65, 0x73, 0x20, 0x74, 0x68, 0x61, 0x74,
        0x65, 0x6E, 0x66, 0x6F, 0x72, 0x63, 0x65, 0x6D, 0x65, 0x6E, 0x74, 0x61, 0x72, 0x6F, 0x75, 0x6E, 0x64, 0x20, 0x74, 0x68, 0x65, 0x20, 0x6F, 0x6E, 0x65, 0x20, 0x61, 0x6E, 0x6F, 0x74, 0x68, 0x65,
        0x72, 0x2E, 0x70, 0x61, 0x72, 0x65, 0x6E, 0x74, 0x4E, 0x6F, 0x64, 0x65, 0x61, 0x67, 0x72, 0x69, 0x63, 0x75, 0x6C, 0x74, 0x75, 0x72, 0x65, 0x41, 0x6C, 0x74, 0x65, 0x72, 0x6E, 0x61, 0x74, 0x69,
        0x76, 0x65, 0x72, 0x65, 0x73, 0x65, 0x61, 0x72, 0x63, 0x68, 0x65, 0x72, 0x73, 0x74, 0x6F, 0x77, 0x61, 0x72, 0x64, 0x73, 0x20, 0x74, 0x68, 0x65, 0x4D, 0x6F, 0x73, 0x74, 0x20, 0x6F, 0x66, 0x20,
        0x74, 0x68, 0x65, 0x6D, 0x61, 0x6E, 0x79, 0x20, 0x6F, 0x74, 0x68, 0x65, 0x72, 0x20, 0x28, 0x65, 0x73, 0x70, 0x65, 0x63, 0x69, 0x61, 0x6C, 0x6C, 0x79, 0x3C, 0x74, 0x64, 0x20, 0x77, 0x69, 0x64,
        0x74, 0x68, 0x3D, 0x22, 0x3B, 0x77, 0x69, 0x64, 0x74, 0x68, 0x3A, 0x31, 0x30, 0x30, 0x25, 0x69, 0x6E, 0x64, 0x65, 0x70, 0x65, 0x6E, 0x64, 0x65, 0x6E, 0x74, 0x3C, 0x68, 0x33, 0x20, 0x63, 0x6C,
        0x61, 0x73, 0x73, 0x3D, 0x22, 0x20, 0x6F, 0x6E, 0x63, 0x68, 0x61, 0x6E, 0x67, 0x65, 0x3D, 0x22, 0x29, 0x2E, 0x61, 0x64, 0x64, 0x43, 0x6C, 0x61, 0x73, 0x73, 0x28, 0x69, 0x6E, 0x74, 0x65, 0x72,
        0x61, 0x63, 0x74, 0x69, 0x6F, 0x6E, 0x4F, 0x6E, 0x65, 0x20, 0x6F, 0x66, 0x20, 0x74, 0x68, 0x65, 0x20, 0x64, 0x61, 0x75, 0x67, 0x68, 0x74, 0x65, 0x72, 0x20, 0x6F, 0x66, 0x61, 0x63, 0x63, 0x65,
        0x73, 0x73, 0x6F, 0x72, 0x69, 0x65, 0x73, 0x62, 0x72, 0x61, 0x6E, 0x63, 0x68, 0x65, 0x73, 0x20, 0x6F, 0x66, 0x0D, 0x0A, 0x3C, 0x64, 0x69, 0x76, 0x20, 0x69, 0x64, 0x3D, 0x22, 0x74, 0x68, 0x65,
        0x20, 0x6C, 0x61, 0x72, 0x67, 0x65, 0x73, 0x74, 0x64, 0x65, 0x63, 0x6C, 0x61, 0x72, 0x61, 0x74, 0x69, 0x6F, 0x6E, 0x72, 0x65, 0x67, 0x75, 0x6C, 0x61, 0x74, 0x69, 0x6F, 0x6E, 0x73, 0x49, 0x6E,
        0x66, 0x6F, 0x72, 0x6D, 0x61, 0x74, 0x69, 0x6F, 0x6E, 0x74, 0x72, 0x61, 0x6E, 0x73, 0x6C, 0x61, 0x74, 0x69, 0x6F, 0x6E, 0x64, 0x6F, 0x63, 0x75, 0x6D, 0x65, 0x6E, 0x74, 0x61, 0x72, 0x79, 0x69,
        0x6E, 0x20, 0x6F, 0x72, 0x64, 0x65, 0x72, 0x20, 0x74, 0x6F, 0x22, 0x3E, 0x0A, 0x3C, 0x68, 0x65, 0x61, 0x64, 0x3E, 0x0A, 0x3C, 0x22, 0x20, 0x68, 0x65, 0x69, 0x67, 0x68, 0x74, 0x3D, 0x22, 0x31,
        0x61, 0x63, 0x72, 0x6F, 0x73, 0x73, 0x20, 0x74, 0x68, 0x65, 0x20, 0x6F, 0x72, 0x69, 0x65, 0x6E, 0x74, 0x61, 0x74, 0x69, 0x6F, 0x6E, 0x29, 0x3B, 0x3C, 0x2F, 0x73, 0x63, 0x72, 0x69, 0x70, 0x74,
        0x3E, 0x69, 0x6D, 0x70, 0x6C, 0x65, 0x6D, 0x65, 0x6E, 0x74, 0x65, 0x64, 0x63, 0x61, 0x6E, 0x20, 0x62, 0x65, 0x20, 0x73, 0x65, 0x65, 0x6E, 0x74, 0x68, 0x65, 0x72, 0x65, 0x20, 0x77, 0x61, 0x73,
        0x20, 0x61, 0x64, 0x65, 0x6D, 0x6F, 0x6E, 0x73, 0x74, 0x72, 0x61, 0x74, 0x65, 0x63, 0x6F, 0x6E, 0x74, 0x61, 0x69, 0x6E, 0x65, 0x72, 0x22, 0x3E, 0x63, 0x6F, 0x6E, 0x6E, 0x65, 0x63, 0x74, 0x69,
        0x6F, 0x6E, 0x73, 0x74, 0x68, 0x65, 0x20, 0x42, 0x72, 0x69, 0x74, 0x69, 0x73, 0x68, 0x77, 0x61, 0x73, 0x20, 0x77, 0x72, 0x69, 0x74, 0x74, 0x65, 0x6E, 0x21, 0x69, 0x6D, 0x70, 0x6F, 0x72, 0x74,
        0x61, 0x6E, 0x74, 0x3B, 0x70, 0x78, 0x3B, 0x20, 0x6D, 0x61, 0x72, 0x67, 0x69, 0x6E, 0x2D, 0x66, 0x6F, 0x6C, 0x6C, 0x6F, 0x77, 0x65, 0x64, 0x20, 0x62, 0x79, 0x61, 0x62, 0x69, 0x6C, 0x69, 0x74,
        0x79, 0x20, 0x74, 0x6F, 0x20, 0x63, 0x6F, 0x6D, 0x70, 0x6C, 0x69, 0x63, 0x61, 0x74, 0x65, 0x64, 0x64, 0x75, 0x72, 0x69, 0x6E, 0x67, 0x20, 0x74, 0x68, 0x65, 0x20, 0x69, 0x6D, 0x6D, 0x69, 0x67,
        0x72, 0x61, 0x74, 0x69, 0x6F, 0x6E, 0x61, 0x6C, 0x73, 0x6F, 0x20, 0x63, 0x61, 0x6C, 0x6C, 0x65, 0x64, 0x3C, 0x68, 0x34, 0x20, 0x63, 0x6C, 0x61, 0x73, 0x73, 0x3D, 0x22, 0x64, 0x69, 0x73, 0x74,
        0x69, 0x6E, 0x63, 0x74, 0x69, 0x6F, 0x6E, 0x72, 0x65, 0x70, 0x6C, 0x61, 0x63, 0x65, 0x64, 0x20, 0x62, 0x79, 0x67, 0x6F, 0x76, 0x65, 0x72, 0x6E, 0x6D, 0x65, 0x6E, 0x74, 0x73, 0x6C, 0x6F, 0x63,
        0x61, 0x74, 0x69, 0x6F, 0x6E, 0x20, 0x6F, 0x66, 0x69, 0x6E, 0x20, 0x4E, 0x6F, 0x76, 0x65, 0x6D, 0x62, 0x65, 0x72, 0x77, 0x68, 0x65, 0x74, 0x68, 0x65, 0x72, 0x20, 0x74, 0x68, 0x65, 0x3C, 0x2F,
        0x70, 0x3E, 0x0A, 0x3C, 0x2F, 0x64, 0x69, 0x76, 0x3E, 0x61, 0x63, 0x71, 0x75, 0x69, 0x73, 0x69, 0x74, 0x69, 0x6F, 0x6E, 0x63, 0x61, 0x6C, 0x6C, 0x65, 0x64, 0x20, 0x74, 0x68, 0x65, 0x20, 0x70,
        0x65, 0x72, 0x73, 0x65, 0x63, 0x75, 0x74, 0x69, 0x6F, 0x6E, 0x64, 0x65, 0x73, 0x69, 0x67, 0x6E, 0x61, 0x74, 0x69, 0x6F, 0x6E, 0x7B, 0x66, 0x6F, 0x6E, 0x74, 0x2D, 0x73, 0x69, 0x7A, 0x65, 0x3A,
        0x61, 0x70, 0x70, 0x65, 0x61, 0x72, 0x65, 0x64, 0x20, 0x69, 0x6E, 0x69, 0x6E, 0x76, 0x65, 0x73, 0x74, 0x69, 0x67, 0x61, 0x74, 0x65, 0x65, 0x78, 0x70, 0x65, 0x72, 0x69, 0x65, 0x6E, 0x63, 0x65,
        0x64, 0x6D, 0x6F, 0x73, 0x74, 0x20, 0x6C, 0x69, 0x6B, 0x65, 0x6C, 0x79, 0x77, 0x69, 0x64, 0x65, 0x6C, 0x79, 0x20, 0x75, 0x73, 0x65, 0x64, 0x64, 0x69, 0x73, 0x63, 0x75, 0x73, 0x73, 0x69, 0x6F,
        0x6E, 0x73, 0x70, 0x72, 0x65, 0x73, 0x65, 0x6E, 0x63, 0x65, 0x20, 0x6F, 0x66, 0x20, 0x28, 0x64, 0x6F, 0x63, 0x75, 0x6D, 0x65, 0x6E, 0x74, 0x2E, 0x65, 0x78, 0x74, 0x65, 0x6E, 0x73, 0x69, 0x76,
        0x65, 0x6C, 0x79, 0x49, 0x74, 0x20, 0x68, 0x61, 0x73, 0x20, 0x62, 0x65, 0x65, 0x6E, 0x69, 0x74, 0x20, 0x64, 0x6F, 0x65, 0x73, 0x20, 0x6E, 0x6F, 0x74, 0x63, 0x6F, 0x6E, 0x74, 0x72, 0x61, 0x72,
        0x79, 0x20, 0x74, 0x6F, 0x69, 0x6E, 0x68, 0x61, 0x62, 0x69, 0x74, 0x61, 0x6E, 0x74, 0x73, 0x69, 0x6D, 0x70, 0x72, 0x6F, 0x76, 0x65, 0x6D, 0x65, 0x6E, 0x74, 0x73, 0x63, 0x68, 0x6F, 0x6C, 0x61,
        0x72, 0x73, 0x68, 0x69, 0x70, 0x63, 0x6F, 0x6E, 0x73, 0x75, 0x6D, 0x70, 0x74, 0x69, 0x6F, 0x6E, 0x69, 0x6E, 0x73, 0x74, 0x72, 0x75, 0x63, 0x74, 0x69, 0x6F, 0x6E, 0x66, 0x6F, 0x72, 0x20, 0x65,
        0x78, 0x61, 0x6D, 0x70, 0x6C, 0x65, 0x6F, 0x6E, 0x65, 0x20, 0x6F, 0x72, 0x20, 0x6D, 0x6F, 0x72, 0x65, 0x70, 0x78, 0x3B, 0x20, 0x70, 0x61, 0x64, 0x64, 0x69, 0x6E, 0x67, 0x74, 0x68, 0x65, 0x20,
        0x63, 0x75, 0x72, 0x72, 0x65, 0x6E, 0x74, 0x61, 0x20, 0x73, 0x65, 0x72, 0x69, 0x65, 0x73, 0x20, 0x6F, 0x66, 0x61, 0x72, 0x65, 0x20, 0x75, 0x73, 0x75, 0x61, 0x6C, 0x6C, 0x79, 0x72, 0x6F, 0x6C,
        0x65, 0x20, 0x69, 0x6E, 0x20, 0x74, 0x68, 0x65, 0x70, 0x72, 0x65, 0x76, 0x69, 0x6F, 0x75, 0x73, 0x6C, 0x79, 0x20, 0x64, 0x65, 0x72, 0x69, 0x76, 0x61, 0x74, 0x69, 0x76, 0x65, 0x73, 0x65, 0x76,
        0x69, 0x64, 0x65, 0x6E, 0x63, 0x65, 0x20, 0x6F, 0x66, 0x65, 0x78, 0x70, 0x65, 0x72, 0x69, 0x65, 0x6E, 0x63, 0x65, 0x73, 0x63, 0x6F, 0x6C, 0x6F, 0x72, 0x73, 0x63, 0x68, 0x65, 0x6D, 0x65, 0x73,
        0x74, 0x61, 0x74, 0x65, 0x64, 0x20, 0x74, 0x68, 0x61, 0x74, 0x63, 0x65, 0x72, 0x74, 0x69, 0x66, 0x69, 0x63, 0x61, 0x74, 0x65, 0x3C, 0x2F, 0x61, 0x3E, 0x3C, 0x2F, 0x64, 0x69, 0x76, 0x3E, 0x0A,
        0x20, 0x73, 0x65, 0x6C, 0x65, 0x63, 0x74, 0x65, 0x64, 0x3D, 0x22, 0x68, 0x69, 0x67, 0x68, 0x20, 0x73, 0x63, 0x68, 0x6F, 0x6F, 0x6C, 0x72, 0x65, 0x73, 0x70, 0x6F, 0x6E, 0x73, 0x65, 0x20, 0x74,
        0x6F, 0x63, 0x6F, 0x6D, 0x66, 0x6F, 0x72, 0x74, 0x61, 0x62, 0x6C, 0x65, 0x61, 0x64, 0x6F, 0x70, 0x74, 0x69, 0x6F, 0x6E, 0x20, 0x6F, 0x66, 0x74, 0x68, 0x72, 0x65, 0x65, 0x20, 0x79, 0x65, 0x61,
        0x72, 0x73, 0x74, 0x68, 0x65, 0x20, 0x63, 0x6F, 0x75, 0x6E, 0x74, 0x72, 0x79, 0x69, 0x6E, 0x20, 0x46, 0x65, 0x62, 0x72, 0x75, 0x61, 0x72, 0x79, 0x73, 0x6F, 0x20, 0x74, 0x68, 0x61, 0x74, 0x20,
        0x74, 0x68, 0x65, 0x70, 0x65, 0x6F, 0x70, 0x6C, 0x65, 0x20, 0x77, 0x68, 0x6F, 0x20, 0x70, 0x72, 0x6F, 0x76, 0x69, 0x64, 0x65, 0x64, 0x20, 0x62, 0x79, 0x3C, 0x70, 0x61, 0x72, 0x61, 0x6D, 0x20,
        0x6E, 0x61, 0x6D, 0x65, 0x61, 0x66, 0x66, 0x65, 0x63, 0x74, 0x65, 0x64, 0x20, 0x62, 0x79, 0x69, 0x6E, 0x20, 0x74, 0x65, 0x72, 0x6D, 0x73, 0x20, 0x6F, 0x66, 0x61, 0x70, 0x70, 0x6F, 0x69, 0x6E,
        0x74, 0x6D, 0x65, 0x6E, 0x74, 0x49, 0x53, 0x4F, 0x2D, 0x38, 0x38, 0x35, 0x39, 0x2D, 0x31, 0x22, 0x77, 0x61, 0x73, 0x20, 0x62, 0x6F, 0x72, 0x6E, 0x20, 0x69, 0x6E, 0x68, 0x69, 0x73, 0x74, 0x6F,
        0x72, 0x69, 0x63, 0x61, 0x6C, 0x20, 0x72, 0x65, 0x67, 0x61, 0x72, 0x64, 0x65, 0x64, 0x20, 0x61, 0x73, 0x6D, 0x65, 0x61, 0x73, 0x75, 0x72, 0x65, 0x6D, 0x65, 0x6E, 0x74, 0x69, 0x73, 0x20, 0x62,
        0x61, 0x73, 0x65, 0x64, 0x20, 0x6F, 0x6E, 0x20, 0x61, 0x6E, 0x64, 0x20, 0x6F, 0x74, 0x68, 0x65, 0x72, 0x20, 0x3A, 0x20, 0x66, 0x75, 0x6E, 0x63, 0x74, 0x69, 0x6F, 0x6E, 0x28, 0x73, 0x69, 0x67,
        0x6E, 0x69, 0x66, 0x69, 0x63, 0x61, 0x6E, 0x74, 0x63, 0x65, 0x6C, 0x65, 0x62, 0x72, 0x61, 0x74, 0x69, 0x6F, 0x6E, 0x74, 0x72, 0x61, 0x6E, 0x73, 0x6D, 0x69, 0x74, 0x74, 0x65, 0x64, 0x2F, 0x6A,
        0x73, 0x2F, 0x6A, 0x71, 0x75, 0x65, 0x72, 0x79, 0x2E, 0x69, 0x73, 0x20, 0x6B, 0x6E, 0x6F, 0x77, 0x6E, 0x20, 0x61, 0x73, 0x74, 0x68, 0x65, 0x6F, 0x72, 0x65, 0x74, 0x69, 0x63, 0x61, 0x6C, 0x20,
        0x74, 0x61, 0x62, 0x69, 0x6E, 0x64, 0x65, 0x78, 0x3D, 0x22, 0x69, 0x74, 0x20, 0x63, 0x6F, 0x75, 0x6C, 0x64, 0x20, 0x62, 0x65, 0x3C, 0x6E, 0x6F, 0x73, 0x63, 0x72, 0x69, 0x70, 0x74, 0x3E, 0x0A,
        0x68, 0x61, 0x76, 0x69, 0x6E, 0x67, 0x20, 0x62, 0x65, 0x65, 0x6E, 0x0D, 0x0A, 0x3C, 0x68, 0x65, 0x61, 0x64, 0x3E, 0x0D, 0x0A, 0x3C, 0x20, 0x26, 0x71, 0x75, 0x6F, 0x74, 0x3B, 0x54, 0x68, 0x65,
        0x20, 0x63, 0x6F, 0x6D, 0x70, 0x69, 0x6C, 0x61, 0x74, 0x69, 0x6F, 0x6E, 0x68, 0x65, 0x20, 0x68, 0x61, 0x64, 0x20, 0x62, 0x65, 0x65, 0x6E, 0x70, 0x72, 0x6F, 0x64, 0x75, 0x63, 0x65, 0x64, 0x20,
        0x62, 0x79, 0x70, 0x68, 0x69, 0x6C, 0x6F, 0x73, 0x6F, 0x70, 0x68, 0x65, 0x72, 0x63, 0x6F, 0x6E, 0x73, 0x74, 0x72, 0x75, 0x63, 0x74, 0x65, 0x64, 0x69, 0x6E, 0x74, 0x65, 0x6E, 0x64, 0x65, 0x64,
        0x20, 0x74, 0x6F, 0x61, 0x6D, 0x6F, 0x6E, 0x67, 0x20, 0x6F, 0x74, 0x68, 0x65, 0x72, 0x63, 0x6F, 0x6D, 0x70, 0x61, 0x72, 0x65, 0x64, 0x20, 0x74, 0x6F, 0x74, 0x6F, 0x20, 0x73, 0x61, 0x79, 0x20,
        0x74, 0x68, 0x61, 0x74, 0x45, 0x6E, 0x67, 0x69, 0x6E, 0x65, 0x65, 0x72, 0x69, 0x6E, 0x67, 0x61, 0x20, 0x64, 0x69, 0x66, 0x66, 0x65, 0x72, 0x65, 0x6E, 0x74, 0x72, 0x65, 0x66, 0x65, 0x72, 0x72,
        0x65, 0x64, 0x20, 0x74, 0x6F, 0x64, 0x69, 0x66, 0x66, 0x65, 0x72, 0x65, 0x6E, 0x63, 0x65, 0x73, 0x62, 0x65, 0x6C, 0x69, 0x65, 0x66, 0x20, 0x74, 0x68, 0x61, 0x74, 0x70, 0x68, 0x6F, 0x74, 0x6F,
        0x67, 0x72, 0x61, 0x70, 0x68, 0x73, 0x69, 0x64, 0x65, 0x6E, 0x74, 0x69, 0x66, 0x79, 0x69, 0x6E, 0x67, 0x48, 0x69, 0x73, 0x74, 0x6F, 0x72, 0x79, 0x20, 0x6F, 0x66, 0x20, 0x52, 0x65, 0x70, 0x75,
        0x62, 0x6C, 0x69, 0x63, 0x20, 0x6F, 0x66, 0x6E, 0x65, 0x63, 0x65, 0x73, 0x73, 0x61, 0x72, 0x69, 0x6C, 0x79, 0x70, 0x72, 0x6F, 0x62, 0x61, 0x62, 0x69, 0x6C, 0x69, 0x74, 0x79, 0x74, 0x65, 0x63,
        0x68, 0x6E, 0x69, 0x63, 0x61, 0x6C, 0x6C, 0x79, 0x6C, 0x65, 0x61, 0x76, 0x69, 0x6E, 0x67, 0x20, 0x74, 0x68, 0x65, 0x73, 0x70, 0x65, 0x63, 0x74, 0x61, 0x63, 0x75, 0x6C, 0x61, 0x72, 0x66, 0x72,
        0x61, 0x63, 0x74, 0x69, 0x6F, 0x6E, 0x20, 0x6F, 0x66, 0x65, 0x6C, 0x65, 0x63, 0x74, 0x72, 0x69, 0x63, 0x69, 0x74, 0x79, 0x68, 0x65, 0x61, 0x64, 0x20, 0x6F, 0x66, 0x20, 0x74, 0x68, 0x65, 0x72,
        0x65, 0x73, 0x74, 0x61, 0x75, 0x72, 0x61, 0x6E, 0x74, 0x73, 0x70, 0x61, 0x72, 0x74, 0x6E, 0x65, 0x72, 0x73, 0x68, 0x69, 0x70, 0x65, 0x6D, 0x70, 0x68, 0x61, 0x73, 0x69, 0x73, 0x20, 0x6F, 0x6E,
        0x6D, 0x6F, 0x73, 0x74, 0x20, 0x72, 0x65, 0x63, 0x65, 0x6E, 0x74, 0x73, 0x68, 0x61, 0x72, 0x65, 0x20, 0x77, 0x69, 0x74, 0x68, 0x20, 0x73, 0x61, 0x79, 0x69, 0x6E, 0x67, 0x20, 0x74, 0x68, 0x61,
        0x74, 0x66, 0x69, 0x6C, 0x6C, 0x65, 0x64, 0x20, 0x77, 0x69, 0x74, 0x68, 0x64, 0x65, 0x73, 0x69, 0x67, 0x6E, 0x65, 0x64, 0x20, 0x74, 0x6F, 0x69, 0x74, 0x20, 0x69, 0x73, 0x20, 0x6F, 0x66, 0x74,
        0x65, 0x6E, 0x22, 0x3E, 0x3C, 0x2F, 0x69, 0x66, 0x72, 0x61, 0x6D, 0x65, 0x3E, 0x61, 0x73, 0x20, 0x66, 0x6F, 0x6C, 0x6C, 0x6F, 0x77, 0x73, 0x3A, 0x6D, 0x65, 0x72, 0x67, 0x65, 0x64, 0x20, 0x77,
        0x69, 0x74, 0x68, 0x74, 0x68, 0x72, 0x6F, 0x75, 0x67, 0x68, 0x20, 0x74, 0x68, 0x65, 0x63, 0x6F, 0x6D, 0x6D, 0x65, 0x72, 0x63, 0x69, 0x61, 0x6C, 0x20, 0x70, 0x6F, 0x69, 0x6E, 0x74, 0x65, 0x64,
        0x20, 0x6F, 0x75, 0x74, 0x6F, 0x70, 0x70, 0x6F, 0x72, 0x74, 0x75, 0x6E, 0x69, 0x74, 0x79, 0x76, 0x69, 0x65, 0x77, 0x20, 0x6F, 0x66, 0x20, 0x74, 0x68, 0x65, 0x72, 0x65, 0x71, 0x75, 0x69, 0x72,
        0x65, 0x6D, 0x65, 0x6E, 0x74, 0x64, 0x69, 0x76, 0x69, 0x73, 0x69, 0x6F, 0x6E, 0x20, 0x6F, 0x66, 0x70, 0x72, 0x6F, 0x67, 0x72, 0x61, 0x6D, 0x6D, 0x69, 0x6E, 0x67, 0x68, 0x65, 0x20, 0x72, 0x65,
        0x63, 0x65, 0x69, 0x76, 0x65, 0x64, 0x73, 0x65, 0x74, 0x49, 0x6E, 0x74, 0x65, 0x72, 0x76, 0x61, 0x6C, 0x22, 0x3E, 0x3C, 0x2F, 0x73, 0x70, 0x61, 0x6E, 0x3E, 0x3C, 0x2F, 0x69, 0x6E, 0x20, 0x4E,
        0x65, 0x77, 0x20, 0x59, 0x6F, 0x72, 0x6B, 0x61, 0x64, 0x64, 0x69, 0x74, 0x69, 0x6F, 0x6E, 0x61, 0x6C, 0x20, 0x63, 0x6F, 0x6D, 0x70, 0x72, 0x65, 0x73, 0x73, 0x69, 0x6F, 0x6E, 0x0A, 0x0A, 0x3C,
        0x64, 0x69, 0x76, 0x20, 0x69, 0x64, 0x3D, 0x22, 0x69, 0x6E, 0x63, 0x6F, 0x72, 0x70, 0x6F, 0x72, 0x61, 0x74, 0x65, 0x3B, 0x3C, 0x2F, 0x73, 0x63, 0x72, 0x69, 0x70, 0x74, 0x3E, 0x3C, 0x61, 0x74,
        0x74, 0x61, 0x63, 0x68, 0x45, 0x76, 0x65, 0x6E, 0x74, 0x62, 0x65, 0x63, 0x61, 0x6D, 0x65, 0x20, 0x74, 0x68, 0x65, 0x20, 0x22, 0x20, 0x74, 0x61, 0x72, 0x67, 0x65, 0x74, 0x3D, 0x22, 0x5F, 0x63,
        0x61, 0x72, 0x72, 0x69, 0x65, 0x64, 0x20, 0x6F, 0x75, 0x74, 0x53, 0x6F, 0x6D, 0x65, 0x20, 0x6F, 0x66, 0x20, 0x74, 0x68, 0x65, 0x73, 0x63, 0x69, 0x65, 0x6E, 0x63, 0x65, 0x20, 0x61, 0x6E, 0x64,
        0x74, 0x68, 0x65, 0x20, 0x74, 0x69, 0x6D, 0x65, 0x20, 0x6F, 0x66, 0x43, 0x6F, 0x6E, 0x74, 0x61, 0x69, 0x6E, 0x65, 0x72, 0x22, 0x3E, 0x6D, 0x61, 0x69, 0x6E, 0x74, 0x61, 0x69, 0x6E, 0x69, 0x6E,
        0x67, 0x43, 0x68, 0x72, 0x69, 0x73, 0x74, 0x6F, 0x70, 0x68, 0x65, 0x72, 0x4D, 0x75, 0x63, 0x68, 0x20, 0x6F, 0x66, 0x20, 0x74, 0x68, 0x65, 0x77, 0x72, 0x69, 0x74, 0x69, 0x6E, 0x67, 0x73, 0x20,
        0x6F, 0x66, 0x22, 0x20, 0x68, 0x65, 0x69, 0x67, 0x68, 0x74, 0x3D, 0x22, 0x32, 0x73, 0x69, 0x7A, 0x65, 0x20, 0x6F, 0x66, 0x20, 0x74, 0x68, 0x65, 0x76, 0x65, 0x72, 0x73, 0x69, 0x6F, 0x6E, 0x20,
        0x6F, 0x66, 0x20, 0x6D, 0x69, 0x78, 0x74, 0x75, 0x72, 0x65, 0x20, 0x6F, 0x66, 0x20, 0x62, 0x65, 0x74, 0x77, 0x65, 0x65, 0x6E, 0x20, 0x74, 0x68, 0x65, 0x45, 0x78, 0x61, 0x6D, 0x70, 0x6C, 0x65,
        0x73, 0x20, 0x6F, 0x66, 0x65, 0x64, 0x75, 0x63, 0x61, 0x74, 0x69, 0x6F, 0x6E, 0x61, 0x6C, 0x63, 0x6F, 0x6D, 0x70, 0x65, 0x74, 0x69, 0x74, 0x69, 0x76, 0x65, 0x20, 0x6F, 0x6E, 0x73, 0x75, 0x62,
        0x6D, 0x69, 0x74, 0x3D, 0x22, 0x64, 0x69, 0x72, 0x65, 0x63, 0x74, 0x6F, 0x72, 0x20, 0x6F, 0x66, 0x64, 0x69, 0x73, 0x74, 0x69, 0x6E, 0x63, 0x74, 0x69, 0x76, 0x65, 0x2F, 0x44, 0x54, 0x44, 0x20,
        0x58, 0x48, 0x54, 0x4D, 0x4C, 0x20, 0x72, 0x65, 0x6C, 0x61, 0x74, 0x69, 0x6E, 0x67, 0x20, 0x74, 0x6F, 0x74, 0x65, 0x6E, 0x64, 0x65, 0x6E, 0x63, 0x79, 0x20, 0x74, 0x6F, 0x70, 0x72, 0x6F, 0x76,
        0x69, 0x6E, 0x63, 0x65, 0x20, 0x6F, 0x66, 0x77, 0x68, 0x69, 0x63, 0x68, 0x20, 0x77, 0x6F, 0x75, 0x6C, 0x64, 0x64, 0x65, 0x73, 0x70, 0x69, 0x74, 0x65, 0x20, 0x74, 0x68, 0x65, 0x73, 0x63, 0x69,
        0x65, 0x6E, 0x74, 0x69, 0x66, 0x69, 0x63, 0x20, 0x6C, 0x65, 0x67, 0x69, 0x73, 0x6C, 0x61, 0x74, 0x75, 0x72, 0x65, 0x2E, 0x69, 0x6E, 0x6E, 0x65, 0x72, 0x48, 0x54, 0x4D, 0x4C, 0x20, 0x61, 0x6C,
        0x6C, 0x65, 0x67, 0x61, 0x74, 0x69, 0x6F, 0x6E, 0x73, 0x41, 0x67, 0x72, 0x69, 0x63, 0x75, 0x6C, 0x74, 0x75, 0x72, 0x65, 0x77, 0x61, 0x73, 0x20, 0x75, 0x73, 0x65, 0x64, 0x20, 0x69, 0x6E, 0x61,
        0x70, 0x70, 0x72, 0x6F, 0x61, 0x63, 0x68, 0x20, 0x74, 0x6F, 0x69, 0x6E, 0x74, 0x65, 0x6C, 0x6C, 0x69, 0x67, 0x65, 0x6E, 0x74, 0x79, 0x65, 0x61, 0x72, 0x73, 0x20, 0x6C, 0x61, 0x74, 0x65, 0x72,
        0x2C, 0x73, 0x61, 0x6E, 0x73, 0x2D, 0x73, 0x65, 0x72, 0x69, 0x66, 0x64, 0x65, 0x74, 0x65, 0x72, 0x6D, 0x69, 0x6E, 0x69, 0x6E, 0x67, 0x50, 0x65, 0x72, 0x66, 0x6F, 0x72, 0x6D, 0x61, 0x6E, 0x63,
        0x65, 0x61, 0x70, 0x70, 0x65, 0x61, 0x72, 0x61, 0x6E, 0x63, 0x65, 0x73, 0x2C, 0x20, 0x77, 0x68, 0x69, 0x63, 0x68, 0x20, 0x69, 0x73, 0x20, 0x66, 0x6F, 0x75, 0x6E, 0x64, 0x61, 0x74, 0x69, 0x6F,
        0x6E, 0x73, 0x61, 0x62, 0x62, 0x72, 0x65, 0x76, 0x69, 0x61, 0x74, 0x65, 0x64, 0x68, 0x69, 0x67, 0x68, 0x65, 0x72, 0x20, 0x74, 0x68, 0x61, 0x6E, 0x73, 0x20, 0x66, 0x72, 0x6F, 0x6D, 0x20, 0x74,
        0x68, 0x65, 0x20, 0x69, 0x6E, 0x64, 0x69, 0x76, 0x69, 0x64, 0x75, 0x61, 0x6C, 0x20, 0x63, 0x6F, 0x6D, 0x70, 0x6F, 0x73, 0x65, 0x64, 0x20, 0x6F, 0x66, 0x73, 0x75, 0x70, 0x70, 0x6F, 0x73, 0x65,
        0x64, 0x20, 0x74, 0x6F, 0x63, 0x6C, 0x61, 0x69, 0x6D, 0x73, 0x20, 0x74, 0x68, 0x61, 0x74, 0x61, 0x74, 0x74, 0x72, 0x69, 0x62, 0x75, 0x74, 0x69, 0x6F, 0x6E, 0x66, 0x6F, 0x6E, 0x74, 0x2D, 0x73,
        0x69, 0x7A, 0x65, 0x3A, 0x31, 0x65, 0x6C, 0x65, 0x6D, 0x65, 0x6E, 0x74, 0x73, 0x20, 0x6F, 0x66, 0x48, 0x69, 0x73, 0x74, 0x6F, 0x72, 0x69, 0x63, 0x61, 0x6C, 0x20, 0x68, 0x69, 0x73, 0x20, 0x62,
        0x72, 0x6F, 0x74, 0x68, 0x65, 0x72, 0x61, 0x74, 0x20, 0x74, 0x68, 0x65, 0x20, 0x74, 0x69, 0x6D, 0x65, 0x61, 0x6E, 0x6E, 0x69, 0x76, 0x65, 0x72, 0x73, 0x61, 0x72, 0x79, 0x67, 0x6F, 0x76, 0x65,
        0x72, 0x6E, 0x65, 0x64, 0x20, 0x62, 0x79, 0x72, 0x65, 0x6C, 0x61, 0x74, 0x65, 0x64, 0x20, 0x74, 0x6F, 0x20, 0x75, 0x6C, 0x74, 0x69, 0x6D, 0x61, 0x74, 0x65, 0x6C, 0x79, 0x20, 0x69, 0x6E, 0x6E,
        0x6F, 0x76, 0x61, 0x74, 0x69, 0x6F, 0x6E, 0x73, 0x69, 0x74, 0x20, 0x69, 0x73, 0x20, 0x73, 0x74, 0x69, 0x6C, 0x6C, 0x63, 0x61, 0x6E, 0x20, 0x6F, 0x6E, 0x6C, 0x79, 0x20, 0x62, 0x65, 0x64, 0x65,
        0x66, 0x69, 0x6E, 0x69, 0x74, 0x69, 0x6F, 0x6E, 0x73, 0x74, 0x6F, 0x47, 0x4D, 0x54, 0x53, 0x74, 0x72, 0x69, 0x6E, 0x67, 0x41, 0x20, 0x6E, 0x75, 0x6D, 0x62, 0x65, 0x72, 0x20, 0x6F, 0x66, 0x69,
        0x6D, 0x67, 0x20, 0x63, 0x6C, 0x61, 0x73, 0x73, 0x3D, 0x22, 0x45, 0x76, 0x65, 0x6E, 0x74, 0x75, 0x61, 0x6C, 0x6C, 0x79, 0x2C, 0x77, 0x61, 0x73, 0x20, 0x63, 0x68, 0x61, 0x6E, 0x67, 0x65, 0x64,
        0x6F, 0x63, 0x63, 0x75, 0x72, 0x72, 0x65, 0x64, 0x20, 0x69, 0x6E, 0x6E, 0x65, 0x69, 0x67, 0x68, 0x62, 0x6F, 0x72, 0x69, 0x6E, 0x67, 0x64, 0x69, 0x73, 0x74, 0x69, 0x6E, 0x67, 0x75, 0x69, 0x73,
        0x68, 0x77, 0x68, 0x65, 0x6E, 0x20, 0x68, 0x65, 0x20, 0x77, 0x61, 0x73, 0x69, 0x6E, 0x74, 0x72, 0x6F, 0x64, 0x75, 0x63, 0x69, 0x6E, 0x67, 0x74, 0x65, 0x72, 0x72, 0x65, 0x73, 0x74, 0x72, 0x69,
        0x61, 0x6C, 0x4D, 0x61, 0x6E, 0x79, 0x20, 0x6F, 0x66, 0x20, 0x74, 0x68, 0x65, 0x61, 0x72, 0x67, 0x75, 0x65, 0x73, 0x20, 0x74, 0x68, 0x61, 0x74, 0x61, 0x6E, 0x20, 0x41, 0x6D, 0x65, 0x72, 0x69,
        0x63, 0x61, 0x6E, 0x63, 0x6F, 0x6E, 0x71, 0x75, 0x65, 0x73, 0x74, 0x20, 0x6F, 0x66, 0x77, 0x69, 0x64, 0x65, 0x73, 0x70, 0x72, 0x65, 0x61, 0x64, 0x20, 0x77, 0x65, 0x72, 0x65, 0x20, 0x6B, 0x69,
        0x6C, 0x6C, 0x65, 0x64, 0x73, 0x63, 0x72, 0x65, 0x65, 0x6E, 0x20, 0x61, 0x6E, 0x64, 0x20, 0x49, 0x6E, 0x20, 0x6F, 0x72, 0x64, 0x65, 0x72, 0x20, 0x74, 0x6F, 0x65, 0x78, 0x70, 0x65, 0x63, 0x74,
        0x65, 0x64, 0x20, 0x74, 0x6F, 0x64, 0x65, 0x73, 0x63, 0x65, 0x6E, 0x64, 0x61, 0x6E, 0x74, 0x73, 0x61, 0x72, 0x65, 0x20, 0x6C, 0x6F, 0x63, 0x61, 0x74, 0x65, 0x64, 0x6C, 0x65, 0x67, 0x69, 0x73,
        0x6C, 0x61, 0x74, 0x69, 0x76, 0x65, 0x67, 0x65, 0x6E, 0x65, 0x72, 0x61, 0x74, 0x69, 0x6F, 0x6E, 0x73, 0x20, 0x62, 0x61, 0x63, 0x6B, 0x67, 0x72, 0x6F, 0x75, 0x6E, 0x64, 0x6D, 0x6F, 0x73, 0x74,
        0x20, 0x70, 0x65, 0x6F, 0x70, 0x6C, 0x65, 0x79, 0x65, 0x61, 0x72, 0x73, 0x20, 0x61, 0x66, 0x74, 0x65, 0x72, 0x74, 0x68, 0x65, 0x72, 0x65, 0x20, 0x69, 0x73, 0x20, 0x6E, 0x6F, 0x74, 0x68, 0x65,
        0x20, 0x68, 0x69, 0x67, 0x68, 0x65, 0x73, 0x74, 0x66, 0x72, 0x65, 0x71, 0x75, 0x65, 0x6E, 0x74, 0x6C, 0x79, 0x20, 0x74, 0x68, 0x65, 0x79, 0x20, 0x64, 0x6F, 0x20, 0x6E, 0x6F, 0x74, 0x61, 0x72,
        0x67, 0x75, 0x65, 0x64, 0x20, 0x74, 0x68, 0x61, 0x74, 0x73, 0x68, 0x6F, 0x77, 0x65, 0x64, 0x20, 0x74, 0x68, 0x61, 0x74, 0x70, 0x72, 0x65, 0x64, 0x6F, 0x6D, 0x69, 0x6E, 0x61, 0x6E, 0x74, 0x74,
        0x68, 0x65, 0x6F, 0x6C, 0x6F, 0x67, 0x69, 0x63, 0x61, 0x6C, 0x62, 0x79, 0x20, 0x74, 0x68, 0x65, 0x20, 0x74, 0x69, 0x6D, 0x65, 0x63, 0x6F, 0x6E, 0x73, 0x69, 0x64, 0x65, 0x72, 0x69, 0x6E, 0x67,
        0x73, 0x68, 0x6F, 0x72, 0x74, 0x2D, 0x6C, 0x69, 0x76, 0x65, 0x64, 0x3C, 0x2F, 0x73, 0x70, 0x61, 0x6E, 0x3E, 0x3C, 0x2F, 0x61, 0x3E, 0x63, 0x61, 0x6E, 0x20, 0x62, 0x65, 0x20, 0x75, 0x73, 0x65,
        0x64, 0x76, 0x65, 0x72, 0x79, 0x20, 0x6C, 0x69, 0x74, 0x74, 0x6C, 0x65, 0x6F, 0x6E, 0x65, 0x20, 0x6F, 0x66, 0x20, 0x74, 0x68, 0x65, 0x20, 0x68, 0x61, 0x64, 0x20, 0x61, 0x6C, 0x72, 0x65, 0x61,
        0x64, 0x79, 0x69, 0x6E, 0x74, 0x65, 0x72, 0x70, 0x72, 0x65, 0x74, 0x65, 0x64, 0x63, 0x6F, 0x6D, 0x6D, 0x75, 0x6E, 0x69, 0x63, 0x61, 0x74, 0x65, 0x66, 0x65, 0x61, 0x74, 0x75, 0x72, 0x65, 0x73,
        0x20, 0x6F, 0x66, 0x67, 0x6F, 0x76, 0x65, 0x72, 0x6E, 0x6D, 0x65, 0x6E, 0x74, 0x2C, 0x3C, 0x2F, 0x6E, 0x6F, 0x73, 0x63, 0x72, 0x69, 0x70, 0x74, 0x3E, 0x65, 0x6E, 0x74, 0x65, 0x72, 0x65, 0x64,
        0x20, 0x74, 0x68, 0x65, 0x22, 0x20, 0x68, 0x65, 0x69, 0x67, 0x68, 0x74, 0x3D, 0x22, 0x33, 0x49, 0x6E, 0x64, 0x65, 0x70, 0x65, 0x6E, 0x64, 0x65, 0x6E, 0x74, 0x70, 0x6F, 0x70, 0x75, 0x6C, 0x61,
        0x74, 0x69, 0x6F, 0x6E, 0x73, 0x6C, 0x61, 0x72, 0x67, 0x65, 0x2D, 0x73, 0x63, 0x61, 0x6C, 0x65, 0x2E, 0x20, 0x41, 0x6C, 0x74, 0x68, 0x6F, 0x75, 0x67, 0x68, 0x20, 0x75, 0x73, 0x65, 0x64, 0x20,
        0x69, 0x6E, 0x20, 0x74, 0x68, 0x65, 0x64, 0x65, 0x73, 0x74, 0x72, 0x75, 0x63, 0x74, 0x69, 0x6F, 0x6E, 0x70, 0x6F, 0x73, 0x73, 0x69, 0x62, 0x69, 0x6C, 0x69, 0x74, 0x79, 0x73, 0x74, 0x61, 0x72,
        0x74, 0x69, 0x6E, 0x67, 0x20, 0x69, 0x6E, 0x74, 0x77, 0x6F, 0x20, 0x6F, 0x72, 0x20, 0x6D, 0x6F, 0x72, 0x65, 0x65, 0x78, 0x70, 0x72, 0x65, 0x73, 0x73, 0x69, 0x6F, 0x6E, 0x73, 0x73, 0x75, 0x62,
        0x6F, 0x72, 0x64, 0x69, 0x6E, 0x61, 0x74, 0x65, 0x6C, 0x61, 0x72, 0x67, 0x65, 0x72, 0x20, 0x74, 0x68, 0x61, 0x6E, 0x68, 0x69, 0x73, 0x74, 0x6F, 0x72, 0x79, 0x20, 0x61, 0x6E, 0x64, 0x3C, 0x2F,
        0x6F, 0x70, 0x74, 0x69, 0x6F, 0x6E, 0x3E, 0x0D, 0x0A, 0x43, 0x6F, 0x6E, 0x74, 0x69, 0x6E, 0x65, 0x6E, 0x74, 0x61, 0x6C, 0x65, 0x6C, 0x69, 0x6D, 0x69, 0x6E, 0x61, 0x74, 0x69, 0x6E, 0x67, 0x77,
        0x69, 0x6C, 0x6C, 0x20, 0x6E, 0x6F, 0x74, 0x20, 0x62, 0x65, 0x70, 0x72, 0x61, 0x63, 0x74, 0x69, 0x63, 0x65, 0x20, 0x6F, 0x66, 0x69, 0x6E, 0x20, 0x66, 0x72, 0x6F, 0x6E, 0x74, 0x20, 0x6F, 0x66,
        0x73, 0x69, 0x74, 0x65, 0x20, 0x6F, 0x66, 0x20, 0x74, 0x68, 0x65, 0x65, 0x6E, 0x73, 0x75, 0x72, 0x65, 0x20, 0x74, 0x68, 0x61, 0x74, 0x74, 0x6F, 0x20, 0x63, 0x72, 0x65, 0x61, 0x74, 0x65, 0x20,
        0x61, 0x6D, 0x69, 0x73, 0x73, 0x69, 0x73, 0x73, 0x69, 0x70, 0x70, 0x69, 0x70, 0x6F, 0x74, 0x65, 0x6E, 0x74, 0x69, 0x61, 0x6C, 0x6C, 0x79, 0x6F, 0x75, 0x74, 0x73, 0x74, 0x61, 0x6E, 0x64, 0x69,
        0x6E, 0x67, 0x62, 0x65, 0x74, 0x74, 0x65, 0x72, 0x20, 0x74, 0x68, 0x61, 0x6E, 0x77, 0x68, 0x61, 0x74, 0x20, 0x69, 0x73, 0x20, 0x6E, 0x6F, 0x77, 0x73, 0x69, 0x74, 0x75, 0x61, 0x74, 0x65, 0x64,
        0x20, 0x69, 0x6E, 0x6D, 0x65, 0x74, 0x61, 0x20, 0x6E, 0x61, 0x6D, 0x65, 0x3D, 0x22, 0x54, 0x72, 0x61, 0x64, 0x69, 0x74, 0x69, 0x6F, 0x6E, 0x61, 0x6C, 0x73, 0x75, 0x67, 0x67, 0x65, 0x73, 0x74,
        0x69, 0x6F, 0x6E, 0x73, 0x54, 0x72, 0x61, 0x6E, 0x73, 0x6C, 0x61, 0x74, 0x69, 0x6F, 0x6E, 0x74, 0x68, 0x65, 0x20, 0x66, 0x6F, 0x72, 0x6D, 0x20, 0x6F, 0x66, 0x61, 0x74, 0x6D, 0x6F, 0x73, 0x70,
        0x68, 0x65, 0x72, 0x69, 0x63, 0x69, 0x64, 0x65, 0x6F, 0x6C, 0x6F, 0x67, 0x69, 0x63, 0x61, 0x6C, 0x65, 0x6E, 0x74, 0x65, 0x72, 0x70, 0x72, 0x69, 0x73, 0x65, 0x73, 0x63, 0x61, 0x6C, 0x63, 0x75,
        0x6C, 0x61, 0x74, 0x69, 0x6E, 0x67, 0x65, 0x61, 0x73, 0x74, 0x20, 0x6F, 0x66, 0x20, 0x74, 0x68, 0x65, 0x72, 0x65, 0x6D, 0x6E, 0x61, 0x6E, 0x74, 0x73, 0x20, 0x6F, 0x66, 0x70, 0x6C, 0x75, 0x67,
        0x69, 0x6E, 0x73, 0x70, 0x61, 0x67, 0x65, 0x2F, 0x69, 0x6E, 0x64, 0x65, 0x78, 0x2E, 0x70, 0x68, 0x70, 0x3F, 0x72, 0x65, 0x6D, 0x61, 0x69, 0x6E, 0x65, 0x64, 0x20, 0x69, 0x6E, 0x74, 0x72, 0x61,
        0x6E, 0x73, 0x66, 0x6F, 0x72, 0x6D, 0x65, 0x64, 0x48, 0x65, 0x20, 0x77, 0x61, 0x73, 0x20, 0x61, 0x6C, 0x73, 0x6F, 0x77, 0x61, 0x73, 0x20, 0x61, 0x6C, 0x72, 0x65, 0x61, 0x64, 0x79, 0x73, 0x74,
        0x61, 0x74, 0x69, 0x73, 0x74, 0x69, 0x63, 0x61, 0x6C, 0x69, 0x6E, 0x20, 0x66, 0x61, 0x76, 0x6F, 0x72, 0x20, 0x6F, 0x66, 0x4D, 0x69, 0x6E, 0x69, 0x73, 0x74, 0x72, 0x79, 0x20, 0x6F, 0x66, 0x6D,
        0x6F, 0x76, 0x65, 0x6D, 0x65, 0x6E, 0x74, 0x20, 0x6F, 0x66, 0x66, 0x6F, 0x72, 0x6D, 0x75, 0x6C, 0x61, 0x74, 0x69, 0x6F, 0x6E, 0x69, 0x73, 0x20, 0x72, 0x65, 0x71, 0x75, 0x69, 0x72, 0x65, 0x64,
        0x3C, 0x6C, 0x69, 0x6E, 0x6B, 0x20, 0x72, 0x65, 0x6C, 0x3D, 0x22, 0x54, 0x68, 0x69, 0x73, 0x20, 0x69, 0x73, 0x20, 0x74, 0x68, 0x65, 0x20, 0x3C, 0x61, 0x20, 0x68, 0x72, 0x65, 0x66, 0x3D, 0x22,
        0x2F, 0x70, 0x6F, 0x70, 0x75, 0x6C, 0x61, 0x72, 0x69, 0x7A, 0x65, 0x64, 0x69, 0x6E, 0x76, 0x6F, 0x6C, 0x76, 0x65, 0x64, 0x20, 0x69, 0x6E, 0x61, 0x72, 0x65, 0x20, 0x75, 0x73, 0x65, 0x64, 0x20,
        0x74, 0x6F, 0x61, 0x6E, 0x64, 0x20, 0x73, 0x65, 0x76, 0x65, 0x72, 0x61, 0x6C, 0x6D, 0x61, 0x64, 0x65, 0x20, 0x62, 0x79, 0x20, 0x74, 0x68, 0x65, 0x73, 0x65, 0x65, 0x6D, 0x73, 0x20, 0x74, 0x6F,
        0x20, 0x62, 0x65, 0x6C, 0x69, 0x6B, 0x65, 0x6C, 0x79, 0x20, 0x74, 0x68, 0x61, 0x74, 0x50, 0x61, 0x6C, 0x65, 0x73, 0x74, 0x69, 0x6E, 0x69, 0x61, 0x6E, 0x6E, 0x61, 0x6D, 0x65, 0x64, 0x20, 0x61,
        0x66, 0x74, 0x65, 0x72, 0x69, 0x74, 0x20, 0x68, 0x61, 0x64, 0x20, 0x62, 0x65, 0x65, 0x6E, 0x6D, 0x6F, 0x73, 0x74, 0x20, 0x63, 0x6F, 0x6D, 0x6D, 0x6F, 0x6E, 0x74, 0x6F, 0x20, 0x72, 0x65, 0x66,
        0x65, 0x72, 0x20, 0x74, 0x6F, 0x62, 0x75, 0x74, 0x20, 0x74, 0x68, 0x69, 0x73, 0x20, 0x69, 0x73, 0x63, 0x6F, 0x6E, 0x73, 0x65, 0x63, 0x75, 0x74, 0x69, 0x76, 0x65, 0x74, 0x65, 0x6D, 0x70, 0x6F,
        0x72, 0x61, 0x72, 0x69, 0x6C, 0x79, 0x49, 0x6E, 0x20, 0x67, 0x65, 0x6E, 0x65, 0x72, 0x61, 0x6C, 0x2C, 0x63, 0x6F, 0x6E, 0x76, 0x65, 0x6E, 0x74, 0x69, 0x6F, 0x6E, 0x73, 0x74, 0x61, 0x6B, 0x65,
        0x73, 0x20, 0x70, 0x6C, 0x61, 0x63, 0x65, 0x73, 0x75, 0x62, 0x64, 0x69, 0x76, 0x69, 0x73, 0x69, 0x6F, 0x6E, 0x74, 0x65, 0x72, 0x72, 0x69, 0x74, 0x6F, 0x72, 0x69, 0x61, 0x6C, 0x6F, 0x70, 0x65,
        0x72, 0x61, 0x74, 0x69, 0x6F, 0x6E, 0x61, 0x6C, 0x70, 0x65, 0x72, 0x6D, 0x61, 0x6E, 0x65, 0x6E, 0x74, 0x6C, 0x79, 0x77, 0x61, 0x73, 0x20, 0x6C, 0x61, 0x72, 0x67, 0x65, 0x6C, 0x79, 0x6F, 0x75,
        0x74, 0x62, 0x72, 0x65, 0x61, 0x6B, 0x20, 0x6F, 0x66, 0x69, 0x6E, 0x20, 0x74, 0x68, 0x65, 0x20, 0x70, 0x61, 0x73, 0x74, 0x66, 0x6F, 0x6C, 0x6C, 0x6F, 0x77, 0x69, 0x6E, 0x67, 0x20, 0x61, 0x20,
        0x78, 0x6D, 0x6C, 0x6E, 0x73, 0x3A, 0x6F, 0x67, 0x3D, 0x22, 0x3E, 0x3C, 0x61, 0x20, 0x63, 0x6C, 0x61, 0x73, 0x73, 0x3D, 0x22, 0x63, 0x6C, 0x61, 0x73, 0x73, 0x3D, 0x22, 0x74, 0x65, 0x78, 0x74,
        0x43, 0x6F, 0x6E, 0x76, 0x65, 0x72, 0x73, 0x69, 0x6F, 0x6E, 0x20, 0x6D, 0x61, 0x79, 0x20, 0x62, 0x65, 0x20, 0x75, 0x73, 0x65, 0x64, 0x6D, 0x61, 0x6E, 0x75, 0x66, 0x61, 0x63, 0x74, 0x75, 0x72,
        0x65, 0x61, 0x66, 0x74, 0x65, 0x72, 0x20, 0x62, 0x65, 0x69, 0x6E, 0x67, 0x63, 0x6C, 0x65, 0x61, 0x72, 0x66, 0x69, 0x78, 0x22, 0x3E, 0x0A, 0x71, 0x75, 0x65, 0x73, 0x74, 0x69, 0x6F, 0x6E, 0x20,
        0x6F, 0x66, 0x77, 0x61, 0x73, 0x20, 0x65, 0x6C, 0x65, 0x63, 0x74, 0x65, 0x64, 0x74, 0x6F, 0x20, 0x62, 0x65, 0x63, 0x6F, 0x6D, 0x65, 0x20, 0x61, 0x62, 0x65, 0x63, 0x61, 0x75, 0x73, 0x65, 0x20,
        0x6F, 0x66, 0x20, 0x73, 0x6F, 0x6D, 0x65, 0x20, 0x70, 0x65, 0x6F, 0x70, 0x6C, 0x65, 0x69, 0x6E, 0x73, 0x70, 0x69, 0x72, 0x65, 0x64, 0x20, 0x62, 0x79, 0x73, 0x75, 0x63, 0x63, 0x65, 0x73, 0x73,
        0x66, 0x75, 0x6C, 0x20, 0x61, 0x20, 0x74, 0x69, 0x6D, 0x65, 0x20, 0x77, 0x68, 0x65, 0x6E, 0x6D, 0x6F, 0x72, 0x65, 0x20, 0x63, 0x6F, 0x6D, 0x6D, 0x6F, 0x6E, 0x61, 0x6D, 0x6F, 0x6E, 0x67, 0x73,
        0x74, 0x20, 0x74, 0x68, 0x65, 0x61, 0x6E, 0x20, 0x6F, 0x66, 0x66, 0x69, 0x63, 0x69, 0x61, 0x6C, 0x77, 0x69, 0x64, 0x74, 0x68, 0x3A, 0x31, 0x30, 0x30, 0x25, 0x3B, 0x74, 0x65, 0x63, 0x68, 0x6E,
        0x6F, 0x6C, 0x6F, 0x67, 0x79, 0x2C, 0x77, 0x61, 0x73, 0x20, 0x61, 0x64, 0x6F, 0x70, 0x74, 0x65, 0x64, 0x74, 0x6F, 0x20, 0x6B, 0x65, 0x65, 0x70, 0x20, 0x74, 0x68, 0x65, 0x73, 0x65, 0x74, 0x74,
        0x6C, 0x65, 0x6D, 0x65, 0x6E, 0x74, 0x73, 0x6C, 0x69, 0x76, 0x65, 0x20, 0x62, 0x69, 0x72, 0x74, 0x68, 0x73, 0x69, 0x6E, 0x64, 0x65, 0x78, 0x2E, 0x68, 0x74, 0x6D, 0x6C, 0x22, 0x43, 0x6F, 0x6E,
        0x6E, 0x65, 0x63, 0x74, 0x69, 0x63, 0x75, 0x74, 0x61, 0x73, 0x73, 0x69, 0x67, 0x6E, 0x65, 0x64, 0x20, 0x74, 0x6F, 0x26, 0x61, 0x6D, 0x70, 0x3B, 0x74, 0x69, 0x6D, 0x65, 0x73, 0x3B, 0x61, 0x63,
        0x63, 0x6F, 0x75, 0x6E, 0x74, 0x20, 0x66, 0x6F, 0x72, 0x61, 0x6C, 0x69, 0x67, 0x6E, 0x3D, 0x72, 0x69, 0x67, 0x68, 0x74, 0x74, 0x68, 0x65, 0x20, 0x63, 0x6F, 0x6D, 0x70, 0x61, 0x6E, 0x79, 0x61,
        0x6C, 0x77, 0x61, 0x79, 0x73, 0x20, 0x62, 0x65, 0x65, 0x6E, 0x72, 0x65, 0x74, 0x75, 0x72, 0x6E, 0x65, 0x64, 0x20, 0x74, 0x6F, 0x69, 0x6E, 0x76, 0x6F, 0x6C, 0x76, 0x65, 0x6D, 0x65, 0x6E, 0x74,
        0x42, 0x65, 0x63, 0x61, 0x75, 0x73, 0x65, 0x20, 0x74, 0x68, 0x65, 0x74, 0x68, 0x69, 0x73, 0x20, 0x70, 0x65, 0x72, 0x69, 0x6F, 0x64, 0x22, 0x20, 0x6E, 0x61, 0x6D, 0x65, 0x3D, 0x22, 0x71, 0x22,
        0x20, 0x63, 0x6F, 0x6E, 0x66, 0x69, 0x6E, 0x65, 0x64, 0x20, 0x74, 0x6F, 0x61, 0x20, 0x72, 0x65, 0x73, 0x75, 0x6C, 0x74, 0x20, 0x6F, 0x66, 0x76, 0x61, 0x6C, 0x75, 0x65, 0x3D, 0x22, 0x22, 0x20,
        0x2F, 0x3E, 0x69, 0x73, 0x20, 0x61, 0x63, 0x74, 0x75, 0x61, 0x6C, 0x6C, 0x79, 0x45, 0x6E, 0x76, 0x69, 0x72, 0x6F, 0x6E, 0x6D, 0x65, 0x6E, 0x74, 0x0D, 0x0A, 0x3C, 0x2F, 0x68, 0x65, 0x61, 0x64,
        0x3E, 0x0D, 0x0A, 0x43, 0x6F, 0x6E, 0x76, 0x65, 0x72, 0x73, 0x65, 0x6C, 0x79, 0x2C, 0x3E, 0x0A, 0x3C, 0x64, 0x69, 0x76, 0x20, 0x69, 0x64, 0x3D, 0x22, 0x30, 0x22, 0x20, 0x77, 0x69, 0x64, 0x74,
        0x68, 0x3D, 0x22, 0x31, 0x69, 0x73, 0x20, 0x70, 0x72, 0x6F, 0x62, 0x61, 0x62, 0x6C, 0x79, 0x68, 0x61, 0x76, 0x65, 0x20, 0x62, 0x65, 0x63, 0x6F, 0x6D, 0x65, 0x63, 0x6F, 0x6E, 0x74, 0x72, 0x6F,
        0x6C, 0x6C, 0x69, 0x6E, 0x67, 0x74, 0x68, 0x65, 0x20, 0x70, 0x72, 0x6F, 0x62, 0x6C, 0x65, 0x6D, 0x63, 0x69, 0x74, 0x69, 0x7A, 0x65, 0x6E, 0x73, 0x20, 0x6F, 0x66, 0x70, 0x6F, 0x6C, 0x69, 0x74,
        0x69, 0x63, 0x69, 0x61, 0x6E, 0x73, 0x72, 0x65, 0x61, 0x63, 0x68, 0x65, 0x64, 0x20, 0x74, 0x68, 0x65, 0x61, 0x73, 0x20, 0x65, 0x61, 0x72, 0x6C, 0x79, 0x20, 0x61, 0x73, 0x3A, 0x6E, 0x6F, 0x6E,
        0x65, 0x3B, 0x20, 0x6F, 0x76, 0x65, 0x72, 0x3C, 0x74, 0x61, 0x62, 0x6C, 0x65, 0x20, 0x63, 0x65, 0x6C, 0x6C, 0x76, 0x61, 0x6C, 0x69, 0x64, 0x69, 0x74, 0x79, 0x20, 0x6F, 0x66, 0x64, 0x69, 0x72,
        0x65, 0x63, 0x74, 0x6C, 0x79, 0x20, 0x74, 0x6F, 0x6F, 0x6E, 0x6D, 0x6F, 0x75, 0x73, 0x65, 0x64, 0x6F, 0x77, 0x6E, 0x77, 0x68, 0x65, 0x72, 0x65, 0x20, 0x69, 0x74, 0x20, 0x69, 0x73, 0x77, 0x68,
        0x65, 0x6E, 0x20, 0x69, 0x74, 0x20, 0x77, 0x61, 0x73, 0x6D, 0x65, 0x6D, 0x62, 0x65, 0x72, 0x73, 0x20, 0x6F, 0x66, 0x20, 0x72, 0x65, 0x6C, 0x61, 0x74, 0x69, 0x6F, 0x6E, 0x20, 0x74, 0x6F, 0x61,
        0x63, 0x63, 0x6F, 0x6D, 0x6D, 0x6F, 0x64, 0x61, 0x74, 0x65, 0x61, 0x6C, 0x6F, 0x6E, 0x67, 0x20, 0x77, 0x69, 0x74, 0x68, 0x20, 0x49, 0x6E, 0x20, 0x74, 0x68, 0x65, 0x20, 0x6C, 0x61, 0x74, 0x65,
        0x74, 0x68, 0x65, 0x20, 0x45, 0x6E, 0x67, 0x6C, 0x69, 0x73, 0x68, 0x64, 0x65, 0x6C, 0x69, 0x63, 0x69, 0x6F, 0x75, 0x73, 0x22, 0x3E, 0x74, 0x68, 0x69, 0x73, 0x20, 0x69, 0x73, 0x20, 0x6E, 0x6F,
        0x74, 0x74, 0x68, 0x65, 0x20, 0x70, 0x72, 0x65, 0x73, 0x65, 0x6E, 0x74, 0x69, 0x66, 0x20, 0x74, 0x68, 0x65, 0x79, 0x20, 0x61, 0x72, 0x65, 0x61, 0x6E, 0x64, 0x20, 0x66, 0x69, 0x6E, 0x61, 0x6C,
        0x6C, 0x79, 0x61, 0x20, 0x6D, 0x61, 0x74, 0x74, 0x65, 0x72, 0x20, 0x6F, 0x66, 0x0D, 0x0A, 0x09, 0x3C, 0x2F, 0x64, 0x69, 0x76, 0x3E, 0x0D, 0x0A, 0x0D, 0x0A, 0x3C, 0x2F, 0x73, 0x63, 0x72, 0x69,
        0x70, 0x74, 0x3E, 0x66, 0x61, 0x73, 0x74, 0x65, 0x72, 0x20, 0x74, 0x68, 0x61, 0x6E, 0x6D, 0x61, 0x6A, 0x6F, 0x72, 0x69, 0x74, 0x79, 0x20, 0x6F, 0x66, 0x61, 0x66, 0x74, 0x65, 0x72, 0x20, 0x77,
        0x68, 0x69, 0x63, 0x68, 0x63, 0x6F, 0x6D, 0x70, 0x61, 0x72, 0x61, 0x74, 0x69, 0x76, 0x65, 0x74, 0x6F, 0x20, 0x6D, 0x61, 0x69, 0x6E, 0x74, 0x61, 0x69, 0x6E, 0x69, 0x6D, 0x70, 0x72, 0x6F, 0x76,
        0x65, 0x20, 0x74, 0x68, 0x65, 0x61, 0x77, 0x61, 0x72, 0x64, 0x65, 0x64, 0x20, 0x74, 0x68, 0x65, 0x65, 0x72, 0x22, 0x20, 0x63, 0x6C, 0x61, 0x73, 0x73, 0x3D, 0x22, 0x66, 0x72, 0x61, 0x6D, 0x65,
        0x62, 0x6F, 0x72, 0x64, 0x65, 0x72, 0x72, 0x65, 0x73, 0x74, 0x6F, 0x72, 0x61, 0x74, 0x69, 0x6F, 0x6E, 0x69, 0x6E, 0x20, 0x74, 0x68, 0x65, 0x20, 0x73, 0x61, 0x6D, 0x65, 0x61, 0x6E, 0x61, 0x6C,
        0x79, 0x73, 0x69, 0x73, 0x20, 0x6F, 0x66, 0x74, 0x68, 0x65, 0x69, 0x72, 0x20, 0x66, 0x69, 0x72, 0x73, 0x74, 0x44, 0x75, 0x72, 0x69, 0x6E, 0x67, 0x20, 0x74, 0x68, 0x65, 0x20, 0x63, 0x6F, 0x6E,
        0x74, 0x69, 0x6E, 0x65, 0x6E, 0x74, 0x61, 0x6C, 0x73, 0x65, 0x71, 0x75, 0x65, 0x6E, 0x63, 0x65, 0x20, 0x6F, 0x66, 0x66, 0x75, 0x6E, 0x63, 0x74, 0x69, 0x6F, 0x6E, 0x28, 0x29, 0x7B, 0x66, 0x6F,
        0x6E, 0x74, 0x2D, 0x73, 0x69, 0x7A, 0x65, 0x3A, 0x20, 0x77, 0x6F, 0x72, 0x6B, 0x20, 0x6F, 0x6E, 0x20, 0x74, 0x68, 0x65, 0x3C, 0x2F, 0x73, 0x63, 0x72, 0x69, 0x70, 0x74, 0x3E, 0x0A, 0x3C, 0x62,
        0x65, 0x67, 0x69, 0x6E, 0x73, 0x20, 0x77, 0x69, 0x74, 0x68, 0x6A, 0x61, 0x76, 0x61, 0x73, 0x63, 0x72, 0x69, 0x70, 0x74, 0x3A, 0x63, 0x6F, 0x6E, 0x73, 0x74, 0x69, 0x74, 0x75, 0x65, 0x6E, 0x74,
        0x77, 0x61, 0x73, 0x20, 0x66, 0x6F, 0x75, 0x6E, 0x64, 0x65, 0x64, 0x65, 0x71, 0x75, 0x69, 0x6C, 0x69, 0x62, 0x72, 0x69, 0x75, 0x6D, 0x61, 0x73, 0x73, 0x75, 0x6D, 0x65, 0x20, 0x74, 0x68, 0x61,
        0x74, 0x69, 0x73, 0x20, 0x67, 0x69, 0x76, 0x65, 0x6E, 0x20, 0x62, 0x79, 0x6E, 0x65, 0x65, 0x64, 0x73, 0x20, 0x74, 0x6F, 0x20, 0x62, 0x65, 0x63, 0x6F, 0x6F, 0x72, 0x64, 0x69, 0x6E, 0x61, 0x74,
        0x65, 0x73, 0x74, 0x68, 0x65, 0x20, 0x76, 0x61, 0x72, 0x69, 0x6F, 0x75, 0x73, 0x61, 0x72, 0x65, 0x20, 0x70, 0x61, 0x72, 0x74, 0x20, 0x6F, 0x66, 0x6F, 0x6E, 0x6C, 0x79, 0x20, 0x69, 0x6E, 0x20,
        0x74, 0x68, 0x65, 0x73, 0x65, 0x63, 0x74, 0x69, 0x6F, 0x6E, 0x73, 0x20, 0x6F, 0x66, 0x69, 0x73, 0x20, 0x61, 0x20, 0x63, 0x6F, 0x6D, 0x6D, 0x6F, 0x6E, 0x74, 0x68, 0x65, 0x6F, 0x72, 0x69, 0x65,
        0x73, 0x20, 0x6F, 0x66, 0x64, 0x69, 0x73, 0x63, 0x6F, 0x76, 0x65, 0x72, 0x69, 0x65, 0x73, 0x61, 0x73, 0x73, 0x6F, 0x63, 0x69, 0x61, 0x74, 0x69, 0x6F, 0x6E, 0x65, 0x64, 0x67, 0x65, 0x20, 0x6F,
        0x66, 0x20, 0x74, 0x68, 0x65, 0x73, 0x74, 0x72, 0x65, 0x6E, 0x67, 0x74, 0x68, 0x20, 0x6F, 0x66, 0x70, 0x6F, 0x73, 0x69, 0x74, 0x69, 0x6F, 0x6E, 0x20, 0x69, 0x6E, 0x70, 0x72, 0x65, 0x73, 0x65,
        0x6E, 0x74, 0x2D, 0x64, 0x61, 0x79, 0x75, 0x6E, 0x69, 0x76, 0x65, 0x72, 0x73, 0x61, 0x6C, 0x6C, 0x79, 0x74, 0x6F, 0x20, 0x66, 0x6F, 0x72, 0x6D, 0x20, 0x74, 0x68, 0x65, 0x62, 0x75, 0x74, 0x20,
        0x69, 0x6E, 0x73, 0x74, 0x65, 0x61, 0x64, 0x63, 0x6F, 0x72, 0x70, 0x6F, 0x72, 0x61, 0x74, 0x69, 0x6F, 0x6E, 0x61, 0x74, 0x74, 0x61, 0x63, 0x68, 0x65, 0x64, 0x20, 0x74, 0x6F, 0x69, 0x73, 0x20,
        0x63, 0x6F, 0x6D, 0x6D, 0x6F, 0x6E, 0x6C, 0x79, 0x72, 0x65, 0x61, 0x73, 0x6F, 0x6E, 0x73, 0x20, 0x66, 0x6F, 0x72, 0x20, 0x26, 0x71, 0x75, 0x6F, 0x74, 0x3B, 0x74, 0x68, 0x65, 0x20, 0x63, 0x61,
        0x6E, 0x20, 0x62, 0x65, 0x20, 0x6D, 0x61, 0x64, 0x65, 0x77, 0x61, 0x73, 0x20, 0x61, 0x62, 0x6C, 0x65, 0x20, 0x74, 0x6F, 0x77, 0x68, 0x69, 0x63, 0x68, 0x20, 0x6D, 0x65, 0x61, 0x6E, 0x73, 0x62,
        0x75, 0x74, 0x20, 0x64, 0x69, 0x64, 0x20, 0x6E, 0x6F, 0x74, 0x6F, 0x6E, 0x4D, 0x6F, 0x75, 0x73, 0x65, 0x4F, 0x76, 0x65, 0x72, 0x61, 0x73, 0x20, 0x70, 0x6F, 0x73, 0x73, 0x69, 0x62, 0x6C, 0x65,
        0x6F, 0x70, 0x65, 0x72, 0x61, 0x74, 0x65, 0x64, 0x20, 0x62, 0x79, 0x63, 0x6F, 0x6D, 0x69, 0x6E, 0x67, 0x20, 0x66, 0x72, 0x6F, 0x6D, 0x74, 0x68, 0x65, 0x20, 0x70, 0x72, 0x69, 0x6D, 0x61, 0x72,
        0x79, 0x61, 0x64, 0x64, 0x69, 0x74, 0x69, 0x6F, 0x6E, 0x20, 0x6F, 0x66, 0x66, 0x6F, 0x72, 0x20, 0x73, 0x65, 0x76, 0x65, 0x72, 0x61, 0x6C, 0x74, 0x72, 0x61, 0x6E, 0x73, 0x66, 0x65, 0x72, 0x72,
        0x65, 0x64, 0x61, 0x20, 0x70, 0x65, 0x72, 0x69, 0x6F, 0x64, 0x20, 0x6F, 0x66, 0x61, 0x72, 0x65, 0x20, 0x61, 0x62, 0x6C, 0x65, 0x20, 0x74, 0x6F, 0x68, 0x6F, 0x77, 0x65, 0x76, 0x65, 0x72, 0x2C,
        0x20, 0x69, 0x74, 0x73, 0x68, 0x6F, 0x75, 0x6C, 0x64, 0x20, 0x68, 0x61, 0x76, 0x65, 0x6D, 0x75, 0x63, 0x68, 0x20, 0x6C, 0x61, 0x72, 0x67, 0x65, 0x72, 0x0A, 0x09, 0x3C, 0x2F, 0x73, 0x63, 0x72,
        0x69, 0x70, 0x74, 0x3E, 0x61, 0x64, 0x6F, 0x70, 0x74, 0x65, 0x64, 0x20, 0x74, 0x68, 0x65, 0x70, 0x72, 0x6F, 0x70, 0x65, 0x72, 0x74, 0x79, 0x20, 0x6F, 0x66, 0x64, 0x69, 0x72, 0x65, 0x63, 0x74,
        0x65, 0x64, 0x20, 0x62, 0x79, 0x65, 0x66, 0x66, 0x65, 0x63, 0x74, 0x69, 0x76, 0x65, 0x6C, 0x79, 0x77, 0x61, 0x73, 0x20, 0x62, 0x72, 0x6F, 0x75, 0x67, 0x68, 0x74, 0x63, 0x68, 0x69, 0x6C, 0x64,
        0x72, 0x65, 0x6E, 0x20, 0x6F, 0x66, 0x50, 0x72, 0x6F, 0x67, 0x72, 0x61, 0x6D, 0x6D, 0x69, 0x6E, 0x67, 0x6C, 0x6F, 0x6E, 0x67, 0x65, 0x72, 0x20, 0x74, 0x68, 0x61, 0x6E, 0x6D, 0x61, 0x6E, 0x75,
        0x73, 0x63, 0x72, 0x69, 0x70, 0x74, 0x73, 0x77, 0x61, 0x72, 0x20, 0x61, 0x67, 0x61, 0x69, 0x6E, 0x73, 0x74, 0x62, 0x79, 0x20, 0x6D, 0x65, 0x61, 0x6E, 0x73, 0x20, 0x6F, 0x66, 0x61, 0x6E, 0x64,
        0x20, 0x6D, 0x6F, 0x73, 0x74, 0x20, 0x6F, 0x66, 0x73, 0x69, 0x6D, 0x69, 0x6C, 0x61, 0x72, 0x20, 0x74, 0x6F, 0x20, 0x70, 0x72, 0x6F, 0x70, 0x72, 0x69, 0x65, 0x74, 0x61, 0x72, 0x79, 0x6F, 0x72,
        0x69, 0x67, 0x69, 0x6E, 0x61, 0x74, 0x69, 0x6E, 0x67, 0x70, 0x72, 0x65, 0x73, 0x74, 0x69, 0x67, 0x69, 0x6F, 0x75, 0x73, 0x67, 0x72, 0x61, 0x6D, 0x6D, 0x61, 0x74, 0x69, 0x63, 0x61, 0x6C, 0x65,
        0x78, 0x70, 0x65, 0x72, 0x69, 0x65, 0x6E, 0x63, 0x65, 0x2E, 0x74, 0x6F, 0x20, 0x6D, 0x61, 0x6B, 0x65, 0x20, 0x74, 0x68, 0x65, 0x49, 0x74, 0x20, 0x77, 0x61, 0x73, 0x20, 0x61, 0x6C, 0x73, 0x6F,
        0x69, 0x73, 0x20, 0x66, 0x6F, 0x75, 0x6E, 0x64, 0x20, 0x69, 0x6E, 0x63, 0x6F, 0x6D, 0x70, 0x65, 0x74, 0x69, 0x74, 0x6F, 0x72, 0x73, 0x69, 0x6E, 0x20, 0x74, 0x68, 0x65, 0x20, 0x55, 0x2E, 0x53,
        0x2E, 0x72, 0x65, 0x70, 0x6C, 0x61, 0x63, 0x65, 0x20, 0x74, 0x68, 0x65, 0x62, 0x72, 0x6F, 0x75, 0x67, 0x68, 0x74, 0x20, 0x74, 0x68, 0x65, 0x63, 0x61, 0x6C, 0x63, 0x75, 0x6C, 0x61, 0x74, 0x69,
        0x6F, 0x6E, 0x66, 0x61, 0x6C, 0x6C, 0x20, 0x6F, 0x66, 0x20, 0x74, 0x68, 0x65, 0x74, 0x68, 0x65, 0x20, 0x67, 0x65, 0x6E, 0x65, 0x72, 0x61, 0x6C, 0x70, 0x72, 0x61, 0x63, 0x74, 0x69, 0x63, 0x61,
        0x6C, 0x6C, 0x79, 0x69, 0x6E, 0x20, 0x68, 0x6F, 0x6E, 0x6F, 0x72, 0x20, 0x6F, 0x66, 0x72, 0x65, 0x6C, 0x65, 0x61, 0x73, 0x65, 0x64, 0x20, 0x69, 0x6E, 0x72, 0x65, 0x73, 0x69, 0x64, 0x65, 0x6E,
        0x74, 0x69, 0x61, 0x6C, 0x61, 0x6E, 0x64, 0x20, 0x73, 0x6F, 0x6D, 0x65, 0x20, 0x6F, 0x66, 0x6B, 0x69, 0x6E, 0x67, 0x20, 0x6F, 0x66, 0x20, 0x74, 0x68, 0x65, 0x72, 0x65, 0x61, 0x63, 0x74, 0x69,
        0x6F, 0x6E, 0x20, 0x74, 0x6F, 0x31, 0x73, 0x74, 0x20, 0x45, 0x61, 0x72, 0x6C, 0x20, 0x6F, 0x66, 0x63, 0x75, 0x6C, 0x74, 0x75, 0x72, 0x65, 0x20, 0x61, 0x6E, 0x64, 0x70, 0x72, 0x69, 0x6E, 0x63,
        0x69, 0x70, 0x61, 0x6C, 0x6C, 0x79, 0x3C, 0x2F, 0x74, 0x69, 0x74, 0x6C, 0x65, 0x3E, 0x0A, 0x20, 0x20, 0x74, 0x68, 0x65, 0x79, 0x20, 0x63, 0x61, 0x6E, 0x20, 0x62, 0x65, 0x62, 0x61, 0x63, 0x6B,
        0x20, 0x74, 0x6F, 0x20, 0x74, 0x68, 0x65, 0x73, 0x6F, 0x6D, 0x65, 0x20, 0x6F, 0x66, 0x20, 0x68, 0x69, 0x73, 0x65, 0x78, 0x70, 0x6F, 0x73, 0x75, 0x72, 0x65, 0x20, 0x74, 0x6F, 0x61, 0x72, 0x65,
        0x20, 0x73, 0x69, 0x6D, 0x69, 0x6C, 0x61, 0x72, 0x66, 0x6F, 0x72, 0x6D, 0x20, 0x6F, 0x66, 0x20, 0x74, 0x68, 0x65, 0x61, 0x64, 0x64, 0x46, 0x61, 0x76, 0x6F, 0x72, 0x69, 0x74, 0x65, 0x63, 0x69,
        0x74, 0x69, 0x7A, 0x65, 0x6E, 0x73, 0x68, 0x69, 0x70, 0x70, 0x61, 0x72, 0x74, 0x20, 0x69, 0x6E, 0x20, 0x74, 0x68, 0x65, 0x70, 0x65, 0x6F, 0x70, 0x6C, 0x65, 0x20, 0x77, 0x69, 0x74, 0x68, 0x69,
        0x6E, 0x20, 0x70, 0x72, 0x61, 0x63, 0x74, 0x69, 0x63, 0x65, 0x74, 0x6F, 0x20, 0x63, 0x6F, 0x6E, 0x74, 0x69, 0x6E, 0x75, 0x65, 0x26, 0x61, 0x6D, 0x70, 0x3B, 0x6D, 0x69, 0x6E, 0x75, 0x73, 0x3B,
        0x61, 0x70, 0x70, 0x72, 0x6F, 0x76, 0x65, 0x64, 0x20, 0x62, 0x79, 0x20, 0x74, 0x68, 0x65, 0x20, 0x66, 0x69, 0x72, 0x73, 0x74, 0x20, 0x61, 0x6C, 0x6C, 0x6F, 0x77, 0x65, 0x64, 0x20, 0x74, 0x68,
        0x65, 0x61, 0x6E, 0x64, 0x20, 0x66, 0x6F, 0x72, 0x20, 0x74, 0x68, 0x65, 0x66, 0x75, 0x6E, 0x63, 0x74, 0x69, 0x6F, 0x6E, 0x69, 0x6E, 0x67, 0x70, 0x6C, 0x61, 0x79, 0x69, 0x6E, 0x67, 0x20, 0x74,
        0x68, 0x65, 0x73, 0x6F, 0x6C, 0x75, 0x74, 0x69, 0x6F, 0x6E, 0x20, 0x74, 0x6F, 0x68, 0x65, 0x69, 0x67, 0x68, 0x74, 0x3D, 0x22, 0x30, 0x22, 0x20, 0x69, 0x6E, 0x20, 0x68, 0x69, 0x73, 0x20, 0x62,
        0x6F, 0x6F, 0x6B, 0x6D, 0x6F, 0x72, 0x65, 0x20, 0x74, 0x68, 0x61, 0x6E, 0x20, 0x61, 0x66, 0x6F, 0x6C, 0x6C, 0x6F, 0x77, 0x73, 0x20, 0x74, 0x68, 0x65, 0x63, 0x72, 0x65, 0x61, 0x74, 0x65, 0x64,
        0x20, 0x74, 0x68, 0x65, 0x70, 0x72, 0x65, 0x73, 0x65, 0x6E, 0x63, 0x65, 0x20, 0x69, 0x6E, 0x26, 0x6E, 0x62, 0x73, 0x70, 0x3B, 0x3C, 0x2F, 0x74, 0x64, 0x3E, 0x6E, 0x61, 0x74, 0x69, 0x6F, 0x6E,
        0x61, 0x6C, 0x69, 0x73, 0x74, 0x74, 0x68, 0x65, 0x20, 0x69, 0x64, 0x65, 0x61, 0x20, 0x6F, 0x66, 0x61, 0x20, 0x63, 0x68, 0x61, 0x72, 0x61, 0x63, 0x74, 0x65, 0x72, 0x77, 0x65, 0x72, 0x65, 0x20,
        0x66, 0x6F, 0x72, 0x63, 0x65, 0x64, 0x20, 0x63, 0x6C, 0x61, 0x73, 0x73, 0x3D, 0x22, 0x62, 0x74, 0x6E, 0x64, 0x61, 0x79, 0x73, 0x20, 0x6F, 0x66, 0x20, 0x74, 0x68, 0x65, 0x66, 0x65, 0x61, 0x74,
        0x75, 0x72, 0x65, 0x64, 0x20, 0x69, 0x6E, 0x73, 0x68, 0x6F, 0x77, 0x69, 0x6E, 0x67, 0x20, 0x74, 0x68, 0x65, 0x69, 0x6E, 0x74, 0x65, 0x72, 0x65, 0x73, 0x74, 0x20, 0x69, 0x6E, 0x69, 0x6E, 0x20,
        0x70, 0x6C, 0x61, 0x63, 0x65, 0x20, 0x6F, 0x66, 0x74, 0x75, 0x72, 0x6E, 0x20, 0x6F, 0x66, 0x20, 0x74, 0x68, 0x65, 0x74, 0x68, 0x65, 0x20, 0x68, 0x65, 0x61, 0x64, 0x20, 0x6F, 0x66, 0x4C, 0x6F,
        0x72, 0x64, 0x20, 0x6F, 0x66, 0x20, 0x74, 0x68, 0x65, 0x70, 0x6F, 0x6C, 0x69, 0x74, 0x69, 0x63, 0x61, 0x6C, 0x6C, 0x79, 0x68, 0x61, 0x73, 0x20, 0x69, 0x74, 0x73, 0x20, 0x6F, 0x77, 0x6E, 0x45,
        0x64, 0x75, 0x63, 0x61, 0x74, 0x69, 0x6F, 0x6E, 0x61, 0x6C, 0x61, 0x70, 0x70, 0x72, 0x6F, 0x76, 0x61, 0x6C, 0x20, 0x6F, 0x66, 0x73, 0x6F, 0x6D, 0x65, 0x20, 0x6F, 0x66, 0x20, 0x74, 0x68, 0x65,
        0x65, 0x61, 0x63, 0x68, 0x20, 0x6F, 0x74, 0x68, 0x65, 0x72, 0x2C, 0x62, 0x65, 0x68, 0x61, 0x76, 0x69, 0x6F, 0x72, 0x20, 0x6F, 0x66, 0x61, 0x6E, 0x64, 0x20, 0x62, 0x65, 0x63, 0x61, 0x75, 0x73,
        0x65, 0x61, 0x6E, 0x64, 0x20, 0x61, 0x6E, 0x6F, 0x74, 0x68, 0x65, 0x72, 0x61, 0x70, 0x70, 0x65, 0x61, 0x72, 0x65, 0x64, 0x20, 0x6F, 0x6E, 0x72, 0x65, 0x63, 0x6F, 0x72, 0x64, 0x65, 0x64, 0x20,
        0x69, 0x6E, 0x62, 0x6C, 0x61, 0x63, 0x6B, 0x26, 0x71, 0x75, 0x6F, 0x74, 0x3B, 0x6D, 0x61, 0x79, 0x20, 0x69, 0x6E, 0x63, 0x6C, 0x75, 0x64, 0x65, 0x74, 0x68, 0x65, 0x20, 0x77, 0x6F, 0x72, 0x6C,
        0x64, 0x27, 0x73, 0x63, 0x61, 0x6E, 0x20, 0x6C, 0x65, 0x61, 0x64, 0x20, 0x74, 0x6F, 0x72, 0x65, 0x66, 0x65, 0x72, 0x73, 0x20, 0x74, 0x6F, 0x20, 0x61, 0x62, 0x6F, 0x72, 0x64, 0x65, 0x72, 0x3D,
        0x22, 0x30, 0x22, 0x20, 0x67, 0x6F, 0x76, 0x65, 0x72, 0x6E, 0x6D, 0x65, 0x6E, 0x74, 0x20, 0x77, 0x69, 0x6E, 0x6E, 0x69, 0x6E, 0x67, 0x20, 0x74, 0x68, 0x65, 0x72, 0x65, 0x73, 0x75, 0x6C, 0x74,
        0x65, 0x64, 0x20, 0x69, 0x6E, 0x20, 0x77, 0x68, 0x69, 0x6C, 0x65, 0x20, 0x74, 0x68, 0x65, 0x20, 0x57, 0x61, 0x73, 0x68, 0x69, 0x6E, 0x67, 0x74, 0x6F, 0x6E, 0x2C, 0x74, 0x68, 0x65, 0x20, 0x73,
        0x75, 0x62, 0x6A, 0x65, 0x63, 0x74, 0x63, 0x69, 0x74, 0x79, 0x20, 0x69, 0x6E, 0x20, 0x74, 0x68, 0x65, 0x3E, 0x3C, 0x2F, 0x64, 0x69, 0x76, 0x3E, 0x0D, 0x0A, 0x09, 0x09, 0x72, 0x65, 0x66, 0x6C,
        0x65, 0x63, 0x74, 0x20, 0x74, 0x68, 0x65, 0x74, 0x6F, 0x20, 0x63, 0x6F, 0x6D, 0x70, 0x6C, 0x65, 0x74, 0x65, 0x62, 0x65, 0x63, 0x61, 0x6D, 0x65, 0x20, 0x6D, 0x6F, 0x72, 0x65, 0x72, 0x61, 0x64,
        0x69, 0x6F, 0x61, 0x63, 0x74, 0x69, 0x76, 0x65, 0x72, 0x65, 0x6A, 0x65, 0x63, 0x74, 0x65, 0x64, 0x20, 0x62, 0x79, 0x77, 0x69, 0x74, 0x68, 0x6F, 0x75, 0x74, 0x20, 0x61, 0x6E, 0x79, 0x68, 0x69,
        0x73, 0x20, 0x66, 0x61, 0x74, 0x68, 0x65, 0x72, 0x2C, 0x77, 0x68, 0x69, 0x63, 0x68, 0x20, 0x63, 0x6F, 0x75, 0x6C, 0x64, 0x63, 0x6F, 0x70, 0x79, 0x20, 0x6F, 0x66, 0x20, 0x74, 0x68, 0x65, 0x74,
        0x6F, 0x20, 0x69, 0x6E, 0x64, 0x69, 0x63, 0x61, 0x74, 0x65, 0x61, 0x20, 0x70, 0x6F, 0x6C, 0x69, 0x74, 0x69, 0x63, 0x61, 0x6C, 0x61, 0x63, 0x63, 0x6F, 0x75, 0x6E, 0x74, 0x73, 0x20, 0x6F, 0x66,
        0x63, 0x6F, 0x6E, 0x73, 0x74, 0x69, 0x74, 0x75, 0x74, 0x65, 0x73, 0x77, 0x6F, 0x72, 0x6B, 0x65, 0x64, 0x20, 0x77, 0x69, 0x74, 0x68, 0x65, 0x72, 0x3C, 0x2F, 0x61, 0x3E, 0x3C, 0x2F, 0x6C, 0x69,
        0x3E, 0x6F, 0x66, 0x20, 0x68, 0x69, 0x73, 0x20, 0x6C, 0x69, 0x66, 0x65, 0x61, 0x63, 0x63, 0x6F, 0x6D, 0x70, 0x61, 0x6E, 0x69, 0x65, 0x64, 0x63, 0x6C, 0x69, 0x65, 0x6E, 0x74, 0x57, 0x69, 0x64,
        0x74, 0x68, 0x70, 0x72, 0x65, 0x76, 0x65, 0x6E, 0x74, 0x20, 0x74, 0x68, 0x65, 0x4C, 0x65, 0x67, 0x69, 0x73, 0x6C, 0x61, 0x74, 0x69, 0x76, 0x65, 0x64, 0x69, 0x66, 0x66, 0x65, 0x72, 0x65, 0x6E,
        0x74, 0x6C, 0x79, 0x74, 0x6F, 0x67, 0x65, 0x74, 0x68, 0x65, 0x72, 0x20, 0x69, 0x6E, 0x68, 0x61, 0x73, 0x20, 0x73, 0x65, 0x76, 0x65, 0x72, 0x61, 0x6C, 0x66, 0x6F, 0x72, 0x20, 0x61, 0x6E, 0x6F,
        0x74, 0x68, 0x65, 0x72, 0x74, 0x65, 0x78, 0x74, 0x20, 0x6F, 0x66, 0x20, 0x74, 0x68, 0x65, 0x66, 0x6F, 0x75, 0x6E, 0x64, 0x65, 0x64, 0x20, 0x74, 0x68, 0x65, 0x65, 0x20, 0x77, 0x69, 0x74, 0x68,
        0x20, 0x74, 0x68, 0x65, 0x20, 0x69, 0x73, 0x20, 0x75, 0x73, 0x65, 0x64, 0x20, 0x66, 0x6F, 0x72, 0x63, 0x68, 0x61, 0x6E, 0x67, 0x65, 0x64, 0x20, 0x74, 0x68, 0x65, 0x75, 0x73, 0x75, 0x61, 0x6C,
        0x6C, 0x79, 0x20, 0x74, 0x68, 0x65, 0x70, 0x6C, 0x61, 0x63, 0x65, 0x20, 0x77, 0x68, 0x65, 0x72, 0x65, 0x77, 0x68, 0x65, 0x72, 0x65, 0x61, 0x73, 0x20, 0x74, 0x68, 0x65, 0x3E, 0x20, 0x3C, 0x61,
        0x20, 0x68, 0x72, 0x65, 0x66, 0x3D, 0x22, 0x22, 0x3E, 0x3C, 0x61, 0x20, 0x68, 0x72, 0x65, 0x66, 0x3D, 0x22, 0x74, 0x68, 0x65, 0x6D, 0x73, 0x65, 0x6C, 0x76, 0x65, 0x73, 0x2C, 0x61, 0x6C, 0x74,
        0x68, 0x6F, 0x75, 0x67, 0x68, 0x20, 0x68, 0x65, 0x74, 0x68, 0x61, 0x74, 0x20, 0x63, 0x61, 0x6E, 0x20, 0x62, 0x65, 0x74, 0x72, 0x61, 0x64, 0x69, 0x74, 0x69, 0x6F, 0x6E, 0x61, 0x6C, 0x72, 0x6F,
        0x6C, 0x65, 0x20, 0x6F, 0x66, 0x20, 0x74, 0x68, 0x65, 0x61, 0x73, 0x20, 0x61, 0x20, 0x72, 0x65, 0x73, 0x75, 0x6C, 0x74, 0x72, 0x65, 0x6D, 0x6F, 0x76, 0x65, 0x43, 0x68, 0x69, 0x6C, 0x64, 0x64,
        0x65, 0x73, 0x69, 0x67, 0x6E, 0x65, 0x64, 0x20, 0x62, 0x79, 0x77, 0x65, 0x73, 0x74, 0x20, 0x6F, 0x66, 0x20, 0x74, 0x68, 0x65, 0x53, 0x6F, 0x6D, 0x65, 0x20, 0x70, 0x65, 0x6F, 0x70, 0x6C, 0x65,
        0x70, 0x72, 0x6F, 0x64, 0x75, 0x63, 0x74, 0x69, 0x6F, 0x6E, 0x2C, 0x73, 0x69, 0x64, 0x65, 0x20, 0x6F, 0x66, 0x20, 0x74, 0x68, 0x65, 0x6E, 0x65, 0x77, 0x73, 0x6C, 0x65, 0x74, 0x74, 0x65, 0x72,
        0x73, 0x75, 0x73, 0x65, 0x64, 0x20, 0x62, 0x79, 0x20, 0x74, 0x68, 0x65, 0x64, 0x6F, 0x77, 0x6E, 0x20, 0x74, 0x6F, 0x20, 0x74, 0x68, 0x65, 0x61, 0x63, 0x63, 0x65, 0x70, 0x74, 0x65, 0x64, 0x20,
        0x62, 0x79, 0x6C, 0x69, 0x76, 0x65, 0x20, 0x69, 0x6E, 0x20, 0x74, 0x68, 0x65, 0x61, 0x74, 0x74, 0x65, 0x6D, 0x70, 0x74, 0x73, 0x20, 0x74, 0x6F, 0x6F, 0x75, 0x74, 0x73, 0x69, 0x64, 0x65, 0x20,
        0x74, 0x68, 0x65, 0x66, 0x72, 0x65, 0x71, 0x75, 0x65, 0x6E, 0x63, 0x69, 0x65, 0x73, 0x48, 0x6F, 0x77, 0x65, 0x76, 0x65, 0x72, 0x2C, 0x20, 0x69, 0x6E, 0x70, 0x72, 0x6F, 0x67, 0x72, 0x61, 0x6D,
        0x6D, 0x65, 0x72, 0x73, 0x61, 0x74, 0x20, 0x6C, 0x65, 0x61, 0x73, 0x74, 0x20, 0x69, 0x6E, 0x61, 0x70, 0x70, 0x72, 0x6F, 0x78, 0x69, 0x6D, 0x61, 0x74, 0x65, 0x61, 0x6C, 0x74, 0x68, 0x6F, 0x75,
        0x67, 0x68, 0x20, 0x69, 0x74, 0x77, 0x61, 0x73, 0x20, 0x70, 0x61, 0x72, 0x74, 0x20, 0x6F, 0x66, 0x61, 0x6E, 0x64, 0x20, 0x76, 0x61, 0x72, 0x69, 0x6F, 0x75, 0x73, 0x47, 0x6F, 0x76, 0x65, 0x72,
        0x6E, 0x6F, 0x72, 0x20, 0x6F, 0x66, 0x74, 0x68, 0x65, 0x20, 0x61, 0x72, 0x74, 0x69, 0x63, 0x6C, 0x65, 0x74, 0x75, 0x72, 0x6E, 0x65, 0x64, 0x20, 0x69, 0x6E, 0x74, 0x6F, 0x3E, 0x3C, 0x61, 0x20,
        0x68, 0x72, 0x65, 0x66, 0x3D, 0x22, 0x2F, 0x74, 0x68, 0x65, 0x20, 0x65, 0x63, 0x6F, 0x6E, 0x6F, 0x6D, 0x79, 0x69, 0x73, 0x20, 0x74, 0x68, 0x65, 0x20, 0x6D, 0x6F, 0x73, 0x74, 0x6D, 0x6F, 0x73,
        0x74, 0x20, 0x77, 0x69, 0x64, 0x65, 0x6C, 0x79, 0x77, 0x6F, 0x75, 0x6C, 0x64, 0x20, 0x6C, 0x61, 0x74, 0x65, 0x72, 0x61, 0x6E, 0x64, 0x20, 0x70, 0x65, 0x72, 0x68, 0x61, 0x70, 0x73, 0x72, 0x69,
        0x73, 0x65, 0x20, 0x74, 0x6F, 0x20, 0x74, 0x68, 0x65, 0x6F, 0x63, 0x63, 0x75, 0x72, 0x73, 0x20, 0x77, 0x68, 0x65, 0x6E, 0x75, 0x6E, 0x64, 0x65, 0x72, 0x20, 0x77, 0x68, 0x69, 0x63, 0x68, 0x63,
        0x6F, 0x6E, 0x64, 0x69, 0x74, 0x69, 0x6F, 0x6E, 0x73, 0x2E, 0x74, 0x68, 0x65, 0x20, 0x77, 0x65, 0x73, 0x74, 0x65, 0x72, 0x6E, 0x74, 0x68, 0x65, 0x6F, 0x72, 0x79, 0x20, 0x74, 0x68, 0x61, 0x74,
        0x69, 0x73, 0x20, 0x70, 0x72, 0x6F, 0x64, 0x75, 0x63, 0x65, 0x64, 0x74, 0x68, 0x65, 0x20, 0x63, 0x69, 0x74, 0x79, 0x20, 0x6F, 0x66, 0x69, 0x6E, 0x20, 0x77, 0x68, 0x69, 0x63, 0x68, 0x20, 0x68,
        0x65, 0x73, 0x65, 0x65, 0x6E, 0x20, 0x69, 0x6E, 0x20, 0x74, 0x68, 0x65, 0x74, 0x68, 0x65, 0x20, 0x63, 0x65, 0x6E, 0x74, 0x72, 0x61, 0x6C, 0x62, 0x75, 0x69, 0x6C, 0x64, 0x69, 0x6E, 0x67, 0x20,
        0x6F, 0x66, 0x6D, 0x61, 0x6E, 0x79, 0x20, 0x6F, 0x66, 0x20, 0x68, 0x69, 0x73, 0x61, 0x72, 0x65, 0x61, 0x20, 0x6F, 0x66, 0x20, 0x74, 0x68, 0x65, 0x69, 0x73, 0x20, 0x74, 0x68, 0x65, 0x20, 0x6F,
        0x6E, 0x6C, 0x79, 0x6D, 0x6F, 0x73, 0x74, 0x20, 0x6F, 0x66, 0x20, 0x74, 0x68, 0x65, 0x6D, 0x61, 0x6E, 0x79, 0x20, 0x6F, 0x66, 0x20, 0x74, 0x68, 0x65, 0x74, 0x68, 0x65, 0x20, 0x57, 0x65, 0x73,
        0x74, 0x65, 0x72, 0x6E, 0x54, 0x68, 0x65, 0x72, 0x65, 0x20, 0x69, 0x73, 0x20, 0x6E, 0x6F, 0x65, 0x78, 0x74, 0x65, 0x6E, 0x64, 0x65, 0x64, 0x20, 0x74, 0x6F, 0x53, 0x74, 0x61, 0x74, 0x69, 0x73,
        0x74, 0x69, 0x63, 0x61, 0x6C, 0x63, 0x6F, 0x6C, 0x73, 0x70, 0x61, 0x6E, 0x3D, 0x32, 0x20, 0x7C, 0x73, 0x68, 0x6F, 0x72, 0x74, 0x20, 0x73, 0x74, 0x6F, 0x72, 0x79, 0x70, 0x6F, 0x73, 0x73, 0x69,
        0x62, 0x6C, 0x65, 0x20, 0x74, 0x6F, 0x74, 0x6F, 0x70, 0x6F, 0x6C, 0x6F, 0x67, 0x69, 0x63, 0x61, 0x6C, 0x63, 0x72, 0x69, 0x74, 0x69, 0x63, 0x61, 0x6C, 0x20, 0x6F, 0x66, 0x72, 0x65, 0x70, 0x6F,
        0x72, 0x74, 0x65, 0x64, 0x20, 0x74, 0x6F, 0x61, 0x20, 0x43, 0x68, 0x72, 0x69, 0x73, 0x74, 0x69, 0x61, 0x6E, 0x64, 0x65, 0x63, 0x69, 0x73, 0x69, 0x6F, 0x6E, 0x20, 0x74, 0x6F, 0x69, 0x73, 0x20,
        0x65, 0x71, 0x75, 0x61, 0x6C, 0x20, 0x74, 0x6F, 0x70, 0x72, 0x6F, 0x62, 0x6C, 0x65, 0x6D, 0x73, 0x20, 0x6F, 0x66, 0x54, 0x68, 0x69, 0x73, 0x20, 0x63, 0x61, 0x6E, 0x20, 0x62, 0x65, 0x6D, 0x65,
        0x72, 0x63, 0x68, 0x61, 0x6E, 0x64, 0x69, 0x73, 0x65, 0x66, 0x6F, 0x72, 0x20, 0x6D, 0x6F, 0x73, 0x74, 0x20, 0x6F, 0x66, 0x6E, 0x6F, 0x20, 0x65, 0x76, 0x69, 0x64, 0x65, 0x6E, 0x63, 0x65, 0x65,
        0x64, 0x69, 0x74, 0x69, 0x6F, 0x6E, 0x73, 0x20, 0x6F, 0x66, 0x65, 0x6C, 0x65, 0x6D, 0x65, 0x6E, 0x74, 0x73, 0x20, 0x69, 0x6E, 0x26, 0x71, 0x75, 0x6F, 0x74, 0x3B, 0x2E, 0x20, 0x54, 0x68, 0x65,
        0x63, 0x6F, 0x6D, 0x2F, 0x69, 0x6D, 0x61, 0x67, 0x65, 0x73, 0x2F, 0x77, 0x68, 0x69, 0x63, 0x68, 0x20, 0x6D, 0x61, 0x6B, 0x65, 0x73, 0x74, 0x68, 0x65, 0x20, 0x70, 0x72, 0x6F, 0x63, 0x65, 0x73,
        0x73, 0x72, 0x65, 0x6D, 0x61, 0x69, 0x6E, 0x73, 0x20, 0x74, 0x68, 0x65, 0x6C, 0x69, 0x74, 0x65, 0x72, 0x61, 0x74, 0x75, 0x72, 0x65, 0x2C, 0x69, 0x73, 0x20, 0x61, 0x20, 0x6D, 0x65, 0x6D, 0x62,
        0x65, 0x72, 0x74, 0x68, 0x65, 0x20, 0x70, 0x6F, 0x70, 0x75, 0x6C, 0x61, 0x72, 0x74, 0x68, 0x65, 0x20, 0x61, 0x6E, 0x63, 0x69, 0x65, 0x6E, 0x74, 0x70, 0x72, 0x6F, 0x62, 0x6C, 0x65, 0x6D, 0x73,
        0x20, 0x69, 0x6E, 0x74, 0x69, 0x6D, 0x65, 0x20, 0x6F, 0x66, 0x20, 0x74, 0x68, 0x65, 0x64, 0x65, 0x66, 0x65, 0x61, 0x74, 0x65, 0x64, 0x20, 0x62, 0x79, 0x62, 0x6F, 0x64, 0x79, 0x20, 0x6F, 0x66,
        0x20, 0x74, 0x68, 0x65, 0x61, 0x20, 0x66, 0x65, 0x77, 0x20, 0x79, 0x65, 0x61, 0x72, 0x73, 0x6D, 0x75, 0x63, 0x68, 0x20, 0x6F, 0x66, 0x20, 0x74, 0x68, 0x65, 0x74, 0x68, 0x65, 0x20, 0x77, 0x6F,
        0x72, 0x6B, 0x20, 0x6F, 0x66, 0x43, 0x61, 0x6C, 0x69, 0x66, 0x6F, 0x72, 0x6E, 0x69, 0x61, 0x2C, 0x73, 0x65, 0x72, 0x76, 0x65, 0x64, 0x20, 0x61, 0x73, 0x20, 0x61, 0x67, 0x6F, 0x76, 0x65, 0x72,
        0x6E, 0x6D, 0x65, 0x6E, 0x74, 0x2E, 0x63, 0x6F, 0x6E, 0x63, 0x65, 0x70, 0x74, 0x73, 0x20, 0x6F, 0x66, 0x6D, 0x6F, 0x76, 0x65, 0x6D, 0x65, 0x6E, 0x74, 0x20, 0x69, 0x6E, 0x09, 0x09, 0x3C, 0x64,
        0x69, 0x76, 0x20, 0x69, 0x64, 0x3D, 0x22, 0x69, 0x74, 0x22, 0x20, 0x76, 0x61, 0x6C, 0x75, 0x65, 0x3D, 0x22, 0x6C, 0x61, 0x6E, 0x67, 0x75, 0x61, 0x67, 0x65, 0x20, 0x6F, 0x66, 0x61, 0x73, 0x20,
        0x74, 0x68, 0x65, 0x79, 0x20, 0x61, 0x72, 0x65, 0x70, 0x72, 0x6F, 0x64, 0x75, 0x63, 0x65, 0x64, 0x20, 0x69, 0x6E, 0x69, 0x73, 0x20, 0x74, 0x68, 0x61, 0x74, 0x20, 0x74, 0x68, 0x65, 0x65, 0x78,
        0x70, 0x6C, 0x61, 0x69, 0x6E, 0x20, 0x74, 0x68, 0x65, 0x64, 0x69, 0x76, 0x3E, 0x3C, 0x2F, 0x64, 0x69, 0x76, 0x3E, 0x0A, 0x48, 0x6F, 0x77, 0x65, 0x76, 0x65, 0x72, 0x20, 0x74, 0x68, 0x65, 0x6C,
        0x65, 0x61, 0x64, 0x20, 0x74, 0x6F, 0x20, 0x74, 0x68, 0x65, 0x09, 0x3C, 0x61, 0x20, 0x68, 0x72, 0x65, 0x66, 0x3D, 0x22, 0x2F, 0x77, 0x61, 0x73, 0x20, 0x67, 0x72, 0x61, 0x6E, 0x74, 0x65, 0x64,
        0x70, 0x65, 0x6F, 0x70, 0x6C, 0x65, 0x20, 0x68, 0x61, 0x76, 0x65, 0x63, 0x6F, 0x6E, 0x74, 0x69, 0x6E, 0x75, 0x61, 0x6C, 0x6C, 0x79, 0x77, 0x61, 0x73, 0x20, 0x73, 0x65, 0x65, 0x6E, 0x20, 0x61,
        0x73, 0x61, 0x6E, 0x64, 0x20, 0x72, 0x65, 0x6C, 0x61, 0x74, 0x65, 0x64, 0x74, 0x68, 0x65, 0x20, 0x72, 0x6F, 0x6C, 0x65, 0x20, 0x6F, 0x66, 0x70, 0x72, 0x6F, 0x70, 0x6F, 0x73, 0x65, 0x64, 0x20,
        0x62, 0x79, 0x6F, 0x66, 0x20, 0x74, 0x68, 0x65, 0x20, 0x62, 0x65, 0x73, 0x74, 0x65, 0x61, 0x63, 0x68, 0x20, 0x6F, 0x74, 0x68, 0x65, 0x72, 0x2E, 0x43, 0x6F, 0x6E, 0x73, 0x74, 0x61, 0x6E, 0x74,
        0x69, 0x6E, 0x65, 0x70, 0x65, 0x6F, 0x70, 0x6C, 0x65, 0x20, 0x66, 0x72, 0x6F, 0x6D, 0x64, 0x69, 0x61, 0x6C, 0x65, 0x63, 0x74, 0x73, 0x20, 0x6F, 0x66, 0x74, 0x6F, 0x20, 0x72, 0x65, 0x76, 0x69,
        0x73, 0x69, 0x6F, 0x6E, 0x77, 0x61, 0x73, 0x20, 0x72, 0x65, 0x6E, 0x61, 0x6D, 0x65, 0x64, 0x61, 0x20, 0x73, 0x6F, 0x75, 0x72, 0x63, 0x65, 0x20, 0x6F, 0x66, 0x74, 0x68, 0x65, 0x20, 0x69, 0x6E,
        0x69, 0x74, 0x69, 0x61, 0x6C, 0x6C, 0x61, 0x75, 0x6E, 0x63, 0x68, 0x65, 0x64, 0x20, 0x69, 0x6E, 0x70, 0x72, 0x6F, 0x76, 0x69, 0x64, 0x65, 0x20, 0x74, 0x68, 0x65, 0x74, 0x6F, 0x20, 0x74, 0x68,
        0x65, 0x20, 0x77, 0x65, 0x73, 0x74, 0x77, 0x68, 0x65, 0x72, 0x65, 0x20, 0x74, 0x68, 0x65, 0x72, 0x65, 0x61, 0x6E, 0x64, 0x20, 0x73, 0x69, 0x6D, 0x69, 0x6C, 0x61, 0x72, 0x62, 0x65, 0x74, 0x77,
        0x65, 0x65, 0x6E, 0x20, 0x74, 0x77, 0x6F, 0x69, 0x73, 0x20, 0x61, 0x6C, 0x73, 0x6F, 0x20, 0x74, 0x68, 0x65, 0x45, 0x6E, 0x67, 0x6C, 0x69, 0x73, 0x68, 0x20, 0x61, 0x6E, 0x64, 0x63, 0x6F, 0x6E,
        0x64, 0x69, 0x74, 0x69, 0x6F, 0x6E, 0x73, 0x2C, 0x74, 0x68, 0x61, 0x74, 0x20, 0x69, 0x74, 0x20, 0x77, 0x61, 0x73, 0x65, 0x6E, 0x74, 0x69, 0x74, 0x6C, 0x65, 0x64, 0x20, 0x74, 0x6F, 0x74, 0x68,
        0x65, 0x6D, 0x73, 0x65, 0x6C, 0x76, 0x65, 0x73, 0x2E, 0x71, 0x75, 0x61, 0x6E, 0x74, 0x69, 0x74, 0x79, 0x20, 0x6F, 0x66, 0x72, 0x61, 0x6E, 0x73, 0x70, 0x61, 0x72, 0x65, 0x6E, 0x63, 0x79, 0x74,
        0x68, 0x65, 0x20, 0x73, 0x61, 0x6D, 0x65, 0x20, 0x61, 0x73, 0x74, 0x6F, 0x20, 0x6A, 0x6F, 0x69, 0x6E, 0x20, 0x74, 0x68, 0x65, 0x63, 0x6F, 0x75, 0x6E, 0x74, 0x72, 0x79, 0x20, 0x61, 0x6E, 0x64,
        0x74, 0x68, 0x69, 0x73, 0x20, 0x69, 0x73, 0x20, 0x74, 0x68, 0x65, 0x54, 0x68, 0x69, 0x73, 0x20, 0x6C, 0x65, 0x64, 0x20, 0x74, 0x6F, 0x61, 0x20, 0x73, 0x74, 0x61, 0x74, 0x65, 0x6D, 0x65, 0x6E,
        0x74, 0x63, 0x6F, 0x6E, 0x74, 0x72, 0x61, 0x73, 0x74, 0x20, 0x74, 0x6F, 0x6C, 0x61, 0x73, 0x74, 0x49, 0x6E, 0x64, 0x65, 0x78, 0x4F, 0x66, 0x74, 0x68, 0x72, 0x6F, 0x75, 0x67, 0x68, 0x20, 0x68,
        0x69, 0x73, 0x69, 0x73, 0x20, 0x64, 0x65, 0x73, 0x69, 0x67, 0x6E, 0x65, 0x64, 0x74, 0x68, 0x65, 0x20, 0x74, 0x65, 0x72, 0x6D, 0x20, 0x69, 0x73, 0x69, 0x73, 0x20, 0x70, 0x72, 0x6F, 0x76, 0x69,
        0x64, 0x65, 0x64, 0x70, 0x72, 0x6F, 0x74, 0x65, 0x63, 0x74, 0x20, 0x74, 0x68, 0x65, 0x6E, 0x67, 0x3C, 0x2F, 0x61, 0x3E, 0x3C, 0x2F, 0x6C, 0x69, 0x3E, 0x54, 0x68, 0x65, 0x20, 0x63, 0x75, 0x72,
        0x72, 0x65, 0x6E, 0x74, 0x74, 0x68, 0x65, 0x20, 0x73, 0x69, 0x74, 0x65, 0x20, 0x6F, 0x66, 0x73, 0x75, 0x62, 0x73, 0x74, 0x61, 0x6E, 0x74, 0x69, 0x61, 0x6C, 0x65, 0x78, 0x70, 0x65, 0x72, 0x69,
        0x65, 0x6E, 0x63, 0x65, 0x2C, 0x69, 0x6E, 0x20, 0x74, 0x68, 0x65, 0x20, 0x57, 0x65, 0x73, 0x74, 0x74, 0x68, 0x65, 0x79, 0x20, 0x73, 0x68, 0x6F, 0x75, 0x6C, 0x64, 0x73, 0x6C, 0x6F, 0x76, 0x65,
        0x6E, 0xC4, 0x8D, 0x69, 0x6E, 0x61, 0x63, 0x6F, 0x6D, 0x65, 0x6E, 0x74, 0x61, 0x72, 0x69, 0x6F, 0x73, 0x75, 0x6E, 0x69, 0x76, 0x65, 0x72, 0x73, 0x69, 0x64, 0x61, 0x64, 0x63, 0x6F, 0x6E, 0x64,
        0x69, 0x63, 0x69, 0x6F, 0x6E, 0x65, 0x73, 0x61, 0x63, 0x74, 0x69, 0x76, 0x69, 0x64, 0x61, 0x64, 0x65, 0x73, 0x65, 0x78, 0x70, 0x65, 0x72, 0x69, 0x65, 0x6E, 0x63, 0x69, 0x61, 0x74, 0x65, 0x63,
        0x6E, 0x6F, 0x6C, 0x6F, 0x67, 0xC3, 0xAD, 0x61, 0x70, 0x72, 0x6F, 0x64, 0x75, 0x63, 0x63, 0x69, 0xC3, 0xB3, 0x6E, 0x70, 0x75, 0x6E, 0x74, 0x75, 0x61, 0x63, 0x69, 0xC3, 0xB3, 0x6E, 0x61, 0x70,
        0x6C, 0x69, 0x63, 0x61, 0x63, 0x69, 0xC3, 0xB3, 0x6E, 0x63, 0x6F, 0x6E, 0x74, 0x72, 0x61, 0x73, 0x65, 0xC3, 0xB1, 0x61, 0x63, 0x61, 0x74, 0x65, 0x67, 0x6F, 0x72, 0xC3, 0xAD, 0x61, 0x73, 0x72,
        0x65, 0x67, 0x69, 0x73, 0x74, 0x72, 0x61, 0x72, 0x73, 0x65, 0x70, 0x72, 0x6F, 0x66, 0x65, 0x73, 0x69, 0x6F, 0x6E, 0x61, 0x6C, 0x74, 0x72, 0x61, 0x74, 0x61, 0x6D, 0x69, 0x65, 0x6E, 0x74, 0x6F,
        0x72, 0x65, 0x67, 0xC3, 0xAD, 0x73, 0x74, 0x72, 0x61, 0x74, 0x65, 0x73, 0x65, 0x63, 0x72, 0x65, 0x74, 0x61, 0x72, 0xC3, 0xAD, 0x61, 0x70, 0x72, 0x69, 0x6E, 0x63, 0x69, 0x70, 0x61, 0x6C, 0x65,
        0x73, 0x70, 0x72, 0x6F, 0x74, 0x65, 0x63, 0x63, 0x69, 0xC3, 0xB3, 0x6E, 0x69, 0x6D, 0x70, 0x6F, 0x72, 0x74, 0x61, 0x6E, 0x74, 0x65, 0x73, 0x69, 0x6D, 0x70, 0x6F, 0x72, 0x74, 0x61, 0x6E, 0x63,
        0x69, 0x61, 0x70, 0x6F, 0x73, 0x69, 0x62, 0x69, 0x6C, 0x69, 0x64, 0x61, 0x64, 0x69, 0x6E, 0x74, 0x65, 0x72, 0x65, 0x73, 0x61, 0x6E, 0x74, 0x65, 0x63, 0x72, 0x65, 0x63, 0x69, 0x6D, 0x69, 0x65,
        0x6E, 0x74, 0x6F, 0x6E, 0x65, 0x63, 0x65, 0x73, 0x69, 0x64, 0x61, 0x64, 0x65, 0x73, 0x73, 0x75, 0x73, 0x63, 0x72, 0x69, 0x62, 0x69, 0x72, 0x73, 0x65, 0x61, 0x73, 0x6F, 0x63, 0x69, 0x61, 0x63,
        0x69, 0xC3, 0xB3, 0x6E, 0x64, 0x69, 0x73, 0x70, 0x6F, 0x6E, 0x69, 0x62, 0x6C, 0x65, 0x73, 0x65, 0x76, 0x61, 0x6C, 0x75, 0x61, 0x63, 0x69, 0xC3, 0xB3, 0x6E, 0x65, 0x73, 0x74, 0x75, 0x64, 0x69,
        0x61, 0x6E, 0x74, 0x65, 0x73, 0x72, 0x65, 0x73, 0x70, 0x6F, 0x6E, 0x73, 0x61, 0x62, 0x6C, 0x65, 0x72, 0x65, 0x73, 0x6F, 0x6C, 0x75, 0x63, 0x69, 0xC3, 0xB3, 0x6E, 0x67, 0x75, 0x61, 0x64, 0x61,
        0x6C, 0x61, 0x6A, 0x61, 0x72, 0x61, 0x72, 0x65, 0x67, 0x69, 0x73, 0x74, 0x72, 0x61, 0x64, 0x6F, 0x73, 0x6F, 0x70, 0x6F, 0x72, 0x74, 0x75, 0x6E, 0x69, 0x64, 0x61, 0x64, 0x63, 0x6F, 0x6D, 0x65,
        0x72, 0x63, 0x69, 0x61, 0x6C, 0x65, 0x73, 0x66, 0x6F, 0x74, 0x6F, 0x67, 0x72, 0x61, 0x66, 0xC3, 0xAD, 0x61, 0x61, 0x75, 0x74, 0x6F, 0x72, 0x69, 0x64, 0x61, 0x64, 0x65, 0x73, 0x69, 0x6E, 0x67,
        0x65, 0x6E, 0x69, 0x65, 0x72, 0xC3, 0xAD, 0x61, 0x74, 0x65, 0x6C, 0x65, 0x76, 0x69, 0x73, 0x69, 0xC3, 0xB3, 0x6E, 0x63, 0x6F, 0x6D, 0x70, 0x65, 0x74, 0x65, 0x6E, 0x63, 0x69, 0x61, 0x6F, 0x70,
        0x65, 0x72, 0x61, 0x63, 0x69, 0x6F, 0x6E, 0x65, 0x73, 0x65, 0x73, 0x74, 0x61, 0x62, 0x6C, 0x65, 0x63, 0x69, 0x64, 0x6F, 0x73, 0x69, 0x6D, 0x70, 0x6C, 0x65, 0x6D, 0x65, 0x6E, 0x74, 0x65, 0x61,
        0x63, 0x74, 0x75, 0x61, 0x6C, 0x6D, 0x65, 0x6E, 0x74, 0x65, 0x6E, 0x61, 0x76, 0x65, 0x67, 0x61, 0x63, 0x69, 0xC3, 0xB3, 0x6E, 0x63, 0x6F, 0x6E, 0x66, 0x6F, 0x72, 0x6D, 0x69, 0x64, 0x61, 0x64,
        0x6C, 0x69, 0x6E, 0x65, 0x2D, 0x68, 0x65, 0x69, 0x67, 0x68, 0x74, 0x3A, 0x66, 0x6F, 0x6E, 0x74, 0x2D, 0x66, 0x61, 0x6D, 0x69, 0x6C, 0x79, 0x3A, 0x22, 0x20, 0x3A, 0x20, 0x22, 0x68, 0x74, 0x74,
        0x70, 0x3A, 0x2F, 0x2F, 0x61, 0x70, 0x70, 0x6C, 0x69, 0x63, 0x61, 0x74, 0x69, 0x6F, 0x6E, 0x73, 0x6C, 0x69, 0x6E, 0x6B, 0x22, 0x20, 0x68, 0x72, 0x65, 0x66, 0x3D, 0x22, 0x73, 0x70, 0x65, 0x63,
        0x69, 0x66, 0x69, 0x63, 0x61, 0x6C, 0x6C, 0x79, 0x2F, 0x2F, 0x3C, 0x21, 0x5B, 0x43, 0x44, 0x41, 0x54, 0x41, 0x5B, 0x0A, 0x4F, 0x72, 0x67, 0x61, 0x6E, 0x69, 0x7A, 0x61, 0x74, 0x69, 0x6F, 0x6E,
        0x64, 0x69, 0x73, 0x74, 0x72, 0x69, 0x62, 0x75, 0x74, 0x69, 0x6F, 0x6E, 0x30, 0x70, 0x78, 0x3B, 0x20, 0x68, 0x65, 0x69, 0x67, 0x68, 0x74, 0x3A, 0x72, 0x65, 0x6C, 0x61, 0x74, 0x69, 0x6F, 0x6E,
        0x73, 0x68, 0x69, 0x70, 0x64, 0x65, 0x76, 0x69, 0x63, 0x65, 0x2D, 0x77, 0x69, 0x64, 0x74, 0x68, 0x3C, 0x64, 0x69, 0x76, 0x20, 0x63, 0x6C, 0x61, 0x73, 0x73, 0x3D, 0x22, 0x3C, 0x6C, 0x61, 0x62,
        0x65, 0x6C, 0x20, 0x66, 0x6F, 0x72, 0x3D, 0x22, 0x72, 0x65, 0x67, 0x69, 0x73, 0x74, 0x72, 0x61, 0x74, 0x69, 0x6F, 0x6E, 0x3C, 0x2F, 0x6E, 0x6F, 0x73, 0x63, 0x72, 0x69, 0x70, 0x74, 0x3E, 0x0A,
        0x2F, 0x69, 0x6E, 0x64, 0x65, 0x78, 0x2E, 0x68, 0x74, 0x6D, 0x6C, 0x22, 0x77, 0x69, 0x6E, 0x64, 0x6F, 0x77, 0x2E, 0x6F, 0x70, 0x65, 0x6E, 0x28, 0x20, 0x21, 0x69, 0x6D, 0x70, 0x6F, 0x72, 0x74,
        0x61, 0x6E, 0x74, 0x3B, 0x61, 0x70, 0x70, 0x6C, 0x69, 0x63, 0x61, 0x74, 0x69, 0x6F, 0x6E, 0x2F, 0x69, 0x6E, 0x64, 0x65, 0x70, 0x65, 0x6E, 0x64, 0x65, 0x6E, 0x63, 0x65, 0x2F, 0x2F, 0x77, 0x77,
        0x77, 0x2E, 0x67, 0x6F, 0x6F, 0x67, 0x6C, 0x65, 0x6F, 0x72, 0x67, 0x61, 0x6E, 0x69, 0x7A, 0x61, 0x74, 0x69, 0x6F, 0x6E, 0x61, 0x75, 0x74, 0x6F, 0x63, 0x6F, 0x6D, 0x70, 0x6C, 0x65, 0x74, 0x65,
        0x72, 0x65, 0x71, 0x75, 0x69, 0x72, 0x65, 0x6D, 0x65, 0x6E, 0x74, 0x73, 0x63, 0x6F, 0x6E, 0x73, 0x65, 0x72, 0x76, 0x61, 0x74, 0x69, 0x76, 0x65, 0x3C, 0x66, 0x6F, 0x72, 0x6D, 0x20, 0x6E, 0x61,
        0x6D, 0x65, 0x3D, 0x22, 0x69, 0x6E, 0x74, 0x65, 0x6C, 0x6C, 0x65, 0x63, 0x74, 0x75, 0x61, 0x6C, 0x6D, 0x61, 0x72, 0x67, 0x69, 0x6E, 0x2D, 0x6C, 0x65, 0x66, 0x74, 0x3A, 0x31, 0x38, 0x74, 0x68,
        0x20, 0x63, 0x65, 0x6E, 0x74, 0x75, 0x72, 0x79, 0x61, 0x6E, 0x20, 0x69, 0x6D, 0x70, 0x6F, 0x72, 0x74, 0x61, 0x6E, 0x74, 0x69, 0x6E, 0x73, 0x74, 0x69, 0x74, 0x75, 0x74, 0x69, 0x6F, 0x6E, 0x73,
        0x61, 0x62, 0x62, 0x72, 0x65, 0x76, 0x69, 0x61, 0x74, 0x69, 0x6F, 0x6E, 0x3C, 0x69, 0x6D, 0x67, 0x20, 0x63, 0x6C, 0x61, 0x73, 0x73, 0x3D, 0x22, 0x6F, 0x72, 0x67, 0x61, 0x6E, 0x69, 0x73, 0x61,
        0x74, 0x69, 0x6F, 0x6E, 0x63, 0x69, 0x76, 0x69, 0x6C, 0x69, 0x7A, 0x61, 0x74, 0x69, 0x6F, 0x6E, 0x31, 0x39, 0x74, 0x68, 0x20, 0x63, 0x65, 0x6E, 0x74, 0x75, 0x72, 0x79, 0x61, 0x72, 0x63, 0x68,
        0x69, 0x74, 0x65, 0x63, 0x74, 0x75, 0x72, 0x65, 0x69, 0x6E, 0x63, 0x6F, 0x72, 0x70, 0x6F, 0x72, 0x61, 0x74, 0x65, 0x64, 0x32, 0x30, 0x74, 0x68, 0x20, 0x63, 0x65, 0x6E, 0x74, 0x75, 0x72, 0x79,
        0x2D, 0x63, 0x6F, 0x6E, 0x74, 0x61, 0x69, 0x6E, 0x65, 0x72, 0x22, 0x3E, 0x6D, 0x6F, 0x73, 0x74, 0x20, 0x6E, 0x6F, 0x74, 0x61, 0x62, 0x6C, 0x79, 0x2F, 0x3E, 0x3C, 0x2F, 0x61, 0x3E, 0x3C, 0x2F,
        0x64, 0x69, 0x76, 0x3E, 0x6E, 0x6F, 0x74, 0x69, 0x66, 0x69, 0x63, 0x61, 0x74, 0x69, 0x6F, 0x6E, 0x27, 0x75, 0x6E, 0x64, 0x65, 0x66, 0x69, 0x6E, 0x65, 0x64, 0x27, 0x29, 0x46, 0x75, 0x72, 0x74,
        0x68, 0x65, 0x72, 0x6D, 0x6F, 0x72, 0x65, 0x2C, 0x62, 0x65, 0x6C, 0x69, 0x65, 0x76, 0x65, 0x20, 0x74, 0x68, 0x61, 0x74, 0x69, 0x6E, 0x6E, 0x65, 0x72, 0x48, 0x54, 0x4D, 0x4C, 0x20, 0x3D, 0x20,
        0x70, 0x72, 0x69, 0x6F, 0x72, 0x20, 0x74, 0x6F, 0x20, 0x74, 0x68, 0x65, 0x64, 0x72, 0x61, 0x6D, 0x61, 0x74, 0x69, 0x63, 0x61, 0x6C, 0x6C, 0x79, 0x72, 0x65, 0x66, 0x65, 0x72, 0x72, 0x69, 0x6E,
        0x67, 0x20, 0x74, 0x6F, 0x6E, 0x65, 0x67, 0x6F, 0x74, 0x69, 0x61, 0x74, 0x69, 0x6F, 0x6E, 0x73, 0x68, 0x65, 0x61, 0x64, 0x71, 0x75, 0x61, 0x72, 0x74, 0x65, 0x72, 0x73, 0x53, 0x6F, 0x75, 0x74,
        0x68, 0x20, 0x41, 0x66, 0x72, 0x69, 0x63, 0x61, 0x75, 0x6E, 0x73, 0x75, 0x63, 0x63, 0x65, 0x73, 0x73, 0x66, 0x75, 0x6C, 0x50, 0x65, 0x6E, 0x6E, 0x73, 0x79, 0x6C, 0x76, 0x61, 0x6E, 0x69, 0x61,
        0x41, 0x73, 0x20, 0x61, 0x20, 0x72, 0x65, 0x73, 0x75, 0x6C, 0x74, 0x2C, 0x3C, 0x68, 0x74, 0x6D, 0x6C, 0x20, 0x6C, 0x61, 0x6E, 0x67, 0x3D, 0x22, 0x26, 0x6C, 0x74, 0x3B, 0x2F, 0x73, 0x75, 0x70,
        0x26, 0x67, 0x74, 0x3B, 0x64, 0x65, 0x61, 0x6C, 0x69, 0x6E, 0x67, 0x20, 0x77, 0x69, 0x74, 0x68, 0x70, 0x68, 0x69, 0x6C, 0x61, 0x64, 0x65, 0x6C, 0x70, 0x68, 0x69, 0x61, 0x68, 0x69, 0x73, 0x74,
        0x6F, 0x72, 0x69, 0x63, 0x61, 0x6C, 0x6C, 0x79, 0x29, 0x3B, 0x3C, 0x2F, 0x73, 0x63, 0x72, 0x69, 0x70, 0x74, 0x3E, 0x0A, 0x70, 0x61, 0x64, 0x64, 0x69, 0x6E, 0x67, 0x2D, 0x74, 0x6F, 0x70, 0x3A,
        0x65, 0x78, 0x70, 0x65, 0x72, 0x69, 0x6D, 0x65, 0x6E, 0x74, 0x61, 0x6C, 0x67, 0x65, 0x74, 0x41, 0x74, 0x74, 0x72, 0x69, 0x62, 0x75, 0x74, 0x65, 0x69, 0x6E, 0x73, 0x74, 0x72, 0x75, 0x63, 0x74,
        0x69, 0x6F, 0x6E, 0x73, 0x74, 0x65, 0x63, 0x68, 0x6E, 0x6F, 0x6C, 0x6F, 0x67, 0x69, 0x65, 0x73, 0x70, 0x61, 0x72, 0x74, 0x20, 0x6F, 0x66, 0x20, 0x74, 0x68, 0x65, 0x20, 0x3D, 0x66, 0x75, 0x6E,
        0x63, 0x74, 0x69, 0x6F, 0x6E, 0x28, 0x29, 0x7B, 0x73, 0x75, 0x62, 0x73, 0x63, 0x72, 0x69, 0x70, 0x74, 0x69, 0x6F, 0x6E, 0x6C, 0x2E, 0x64, 0x74, 0x64, 0x22, 0x3E, 0x0D, 0x0A, 0x3C, 0x68, 0x74,
        0x67, 0x65, 0x6F, 0x67, 0x72, 0x61, 0x70, 0x68, 0x69, 0x63, 0x61, 0x6C, 0x43, 0x6F, 0x6E, 0x73, 0x74, 0x69, 0x74, 0x75, 0x74, 0x69, 0x6F, 0x6E, 0x27, 0x2C, 0x20, 0x66, 0x75, 0x6E, 0x63, 0x74,
        0x69, 0x6F, 0x6E, 0x28, 0x73, 0x75, 0x70, 0x70, 0x6F, 0x72, 0x74, 0x65, 0x64, 0x20, 0x62, 0x79, 0x61, 0x67, 0x72, 0x69, 0x63, 0x75, 0x6C, 0x74, 0x75, 0x72, 0x61, 0x6C, 0x63, 0x6F, 0x6E, 0x73,
        0x74, 0x72, 0x75, 0x63, 0x74, 0x69, 0x6F, 0x6E, 0x70, 0x75, 0x62, 0x6C, 0x69, 0x63, 0x61, 0x74, 0x69, 0x6F, 0x6E, 0x73, 0x66, 0x6F, 0x6E, 0x74, 0x2D, 0x73, 0x69, 0x7A, 0x65, 0x3A, 0x20, 0x31,
        0x61, 0x20, 0x76, 0x61, 0x72, 0x69, 0x65, 0x74, 0x79, 0x20, 0x6F, 0x66, 0x3C, 0x64, 0x69, 0x76, 0x20, 0x73, 0x74, 0x79, 0x6C, 0x65, 0x3D, 0x22, 0x45, 0x6E, 0x63, 0x79, 0x63, 0x6C, 0x6F, 0x70,
        0x65, 0x64, 0x69, 0x61, 0x69, 0x66, 0x72, 0x61, 0x6D, 0x65, 0x20, 0x73, 0x72, 0x63, 0x3D, 0x22, 0x64, 0x65, 0x6D, 0x6F, 0x6E, 0x73, 0x74, 0x72, 0x61, 0x74, 0x65, 0x64, 0x61, 0x63, 0x63, 0x6F,
        0x6D, 0x70, 0x6C, 0x69, 0x73, 0x68, 0x65, 0x64, 0x75, 0x6E, 0x69, 0x76, 0x65, 0x72, 0x73, 0x69, 0x74, 0x69, 0x65, 0x73, 0x44, 0x65, 0x6D, 0x6F, 0x67, 0x72, 0x61, 0x70, 0x68, 0x69, 0x63, 0x73,
        0x29, 0x3B, 0x3C, 0x2F, 0x73, 0x63, 0x72, 0x69, 0x70, 0x74, 0x3E, 0x3C, 0x64, 0x65, 0x64, 0x69, 0x63, 0x61, 0x74, 0x65, 0x64, 0x20, 0x74, 0x6F, 0x6B, 0x6E, 0x6F, 0x77, 0x6C, 0x65, 0x64, 0x67,
        0x65, 0x20, 0x6F, 0x66, 0x73, 0x61, 0x74, 0x69, 0x73, 0x66, 0x61, 0x63, 0x74, 0x69, 0x6F, 0x6E, 0x70, 0x61, 0x72, 0x74, 0x69, 0x63, 0x75, 0x6C, 0x61, 0x72, 0x6C, 0x79, 0x3C, 0x2F, 0x64, 0x69,
        0x76, 0x3E, 0x3C, 0x2F, 0x64, 0x69, 0x76, 0x3E, 0x45, 0x6E, 0x67, 0x6C, 0x69, 0x73, 0x68, 0x20, 0x28, 0x55, 0x53, 0x29, 0x61, 0x70, 0x70, 0x65, 0x6E, 0x64, 0x43, 0x68, 0x69, 0x6C, 0x64, 0x28,
        0x74, 0x72, 0x61, 0x6E, 0x73, 0x6D, 0x69, 0x73, 0x73, 0x69, 0x6F, 0x6E, 0x73, 0x2E, 0x20, 0x48, 0x6F, 0x77, 0x65, 0x76, 0x65, 0x72, 0x2C, 0x20, 0x69, 0x6E, 0x74, 0x65, 0x6C, 0x6C, 0x69, 0x67,
        0x65, 0x6E, 0x63, 0x65, 0x22, 0x20, 0x74, 0x61, 0x62, 0x69, 0x6E, 0x64, 0x65, 0x78, 0x3D, 0x22, 0x66, 0x6C, 0x6F, 0x61, 0x74, 0x3A, 0x72, 0x69, 0x67, 0x68, 0x74, 0x3B, 0x43, 0x6F, 0x6D, 0x6D,
        0x6F, 0x6E, 0x77, 0x65, 0x61, 0x6C, 0x74, 0x68, 0x72, 0x61, 0x6E, 0x67, 0x69, 0x6E, 0x67, 0x20, 0x66, 0x72, 0x6F, 0x6D, 0x69, 0x6E, 0x20, 0x77, 0x68, 0x69, 0x63, 0x68, 0x20, 0x74, 0x68, 0x65,
        0x61, 0x74, 0x20, 0x6C, 0x65, 0x61, 0x73, 0x74, 0x20, 0x6F, 0x6E, 0x65, 0x72, 0x65, 0x70, 0x72, 0x6F, 0x64, 0x75, 0x63, 0x74, 0x69, 0x6F, 0x6E, 0x65, 0x6E, 0x63, 0x79, 0x63, 0x6C, 0x6F, 0x70,
        0x65, 0x64, 0x69, 0x61, 0x3B, 0x66, 0x6F, 0x6E, 0x74, 0x2D, 0x73, 0x69, 0x7A, 0x65, 0x3A, 0x31, 0x6A, 0x75, 0x72, 0x69, 0x73, 0x64, 0x69, 0x63, 0x74, 0x69, 0x6F, 0x6E, 0x61, 0x74, 0x20, 0x74,
        0x68, 0x61, 0x74, 0x20, 0x74, 0x69, 0x6D, 0x65, 0x22, 0x3E, 0x3C, 0x61, 0x20, 0x63, 0x6C, 0x61, 0x73, 0x73, 0x3D, 0x22, 0x49, 0x6E, 0x20, 0x61, 0x64, 0x64, 0x69, 0x74, 0x69, 0x6F, 0x6E, 0x2C,
        0x64, 0x65, 0x73, 0x63, 0x72, 0x69, 0x70, 0x74, 0x69, 0x6F, 0x6E, 0x2B, 0x63, 0x6F, 0x6E, 0x76, 0x65, 0x72, 0x73, 0x61, 0x74, 0x69, 0x6F, 0x6E, 0x63, 0x6F, 0x6E, 0x74, 0x61, 0x63, 0x74, 0x20,
        0x77, 0x69, 0x74, 0x68, 0x69, 0x73, 0x20, 0x67, 0x65, 0x6E, 0x65, 0x72, 0x61, 0x6C, 0x6C, 0x79, 0x72, 0x22, 0x20, 0x63, 0x6F, 0x6E, 0x74, 0x65, 0x6E, 0x74, 0x3D, 0x22, 0x72, 0x65, 0x70, 0x72,
        0x65, 0x73, 0x65, 0x6E, 0x74, 0x69, 0x6E, 0x67, 0x26, 0x6C, 0x74, 0x3B, 0x6D, 0x61, 0x74, 0x68, 0x26, 0x67, 0x74, 0x3B, 0x70, 0x72, 0x65, 0x73, 0x65, 0x6E, 0x74, 0x61, 0x74, 0x69, 0x6F, 0x6E,
        0x6F, 0x63, 0x63, 0x61, 0x73, 0x69, 0x6F, 0x6E, 0x61, 0x6C, 0x6C, 0x79, 0x3C, 0x69, 0x6D, 0x67, 0x20, 0x77, 0x69, 0x64, 0x74, 0x68, 0x3D, 0x22, 0x6E, 0x61, 0x76, 0x69, 0x67, 0x61, 0x74, 0x69,
        0x6F, 0x6E, 0x22, 0x3E, 0x63, 0x6F, 0x6D, 0x70, 0x65, 0x6E, 0x73, 0x61, 0x74, 0x69, 0x6F, 0x6E, 0x63, 0x68, 0x61, 0x6D, 0x70, 0x69, 0x6F, 0x6E, 0x73, 0x68, 0x69, 0x70, 0x6D, 0x65, 0x64, 0x69,
        0x61, 0x3D, 0x22, 0x61, 0x6C, 0x6C, 0x22, 0x20, 0x76, 0x69, 0x6F, 0x6C, 0x61, 0x74, 0x69, 0x6F, 0x6E, 0x20, 0x6F, 0x66, 0x72, 0x65, 0x66, 0x65, 0x72, 0x65, 0x6E, 0x63, 0x65, 0x20, 0x74, 0x6F,
        0x72, 0x65, 0x74, 0x75, 0x72, 0x6E, 0x20, 0x74, 0x72, 0x75, 0x65, 0x3B, 0x53, 0x74, 0x72, 0x69, 0x63, 0x74, 0x2F, 0x2F, 0x45, 0x4E, 0x22, 0x20, 0x74, 0x72, 0x61, 0x6E, 0x73, 0x61, 0x63, 0x74,
        0x69, 0x6F, 0x6E, 0x73, 0x69, 0x6E, 0x74, 0x65, 0x72, 0x76, 0x65, 0x6E, 0x74, 0x69, 0x6F, 0x6E, 0x76, 0x65, 0x72, 0x69, 0x66, 0x69, 0x63, 0x61, 0x74, 0x69, 0x6F, 0x6E, 0x49, 0x6E, 0x66, 0x6F,
        0x72, 0x6D, 0x61, 0x74, 0x69, 0x6F, 0x6E, 0x20, 0x64, 0x69, 0x66, 0x66, 0x69, 0x63, 0x75, 0x6C, 0x74, 0x69, 0x65, 0x73, 0x43, 0x68, 0x61, 0x6D, 0x70, 0x69, 0x6F, 0x6E, 0x73, 0x68, 0x69, 0x70,
        0x63, 0x61, 0x70, 0x61, 0x62, 0x69, 0x6C, 0x69, 0x74, 0x69, 0x65, 0x73, 0x3C, 0x21, 0x5B, 0x65, 0x6E, 0x64, 0x69, 0x66, 0x5D, 0x2D, 0x2D, 0x3E, 0x7D, 0x0A, 0x3C, 0x2F, 0x73, 0x63, 0x72, 0x69,
        0x70, 0x74, 0x3E, 0x0A, 0x43, 0x68, 0x72, 0x69, 0x73, 0x74, 0x69, 0x61, 0x6E, 0x69, 0x74, 0x79, 0x66, 0x6F, 0x72, 0x20, 0x65, 0x78, 0x61, 0x6D, 0x70, 0x6C, 0x65, 0x2C, 0x50, 0x72, 0x6F, 0x66,
        0x65, 0x73, 0x73, 0x69, 0x6F, 0x6E, 0x61, 0x6C, 0x72, 0x65, 0x73, 0x74, 0x72, 0x69, 0x63, 0x74, 0x69, 0x6F, 0x6E, 0x73, 0x73, 0x75, 0x67, 0x67, 0x65, 0x73, 0x74, 0x20, 0x74, 0x68, 0x61, 0x74,
        0x77, 0x61, 0x73, 0x20, 0x72, 0x65, 0x6C, 0x65, 0x61, 0x73, 0x65, 0x64, 0x28, 0x73, 0x75, 0x63, 0x68, 0x20, 0x61, 0x73, 0x20, 0x74, 0x68, 0x65, 0x72, 0x65, 0x6D, 0x6F, 0x76, 0x65, 0x43, 0x6C,
        0x61, 0x73, 0x73, 0x28, 0x75, 0x6E, 0x65, 0x6D, 0x70, 0x6C, 0x6F, 0x79, 0x6D, 0x65, 0x6E, 0x74, 0x74, 0x68, 0x65, 0x20, 0x41, 0x6D, 0x65, 0x72, 0x69, 0x63, 0x61, 0x6E, 0x73, 0x74, 0x72, 0x75,
        0x63, 0x74, 0x75, 0x72, 0x65, 0x20, 0x6F, 0x66, 0x2F, 0x69, 0x6E, 0x64, 0x65, 0x78, 0x2E, 0x68, 0x74, 0x6D, 0x6C, 0x20, 0x70, 0x75, 0x62, 0x6C, 0x69, 0x73, 0x68, 0x65, 0x64, 0x20, 0x69, 0x6E,
        0x73, 0x70, 0x61, 0x6E, 0x20, 0x63, 0x6C, 0x61, 0x73, 0x73, 0x3D, 0x22, 0x22, 0x3E, 0x3C, 0x61, 0x20, 0x68, 0x72, 0x65, 0x66, 0x3D, 0x22, 0x2F, 0x69, 0x6E, 0x74, 0x72, 0x6F, 0x64, 0x75, 0x63,
        0x74, 0x69, 0x6F, 0x6E, 0x62, 0x65, 0x6C, 0x6F, 0x6E, 0x67, 0x69, 0x6E, 0x67, 0x20, 0x74, 0x6F, 0x63, 0x6C, 0x61, 0x69, 0x6D, 0x65, 0x64, 0x20, 0x74, 0x68, 0x61, 0x74, 0x63, 0x6F, 0x6E, 0x73,
        0x65, 0x71, 0x75, 0x65, 0x6E, 0x63, 0x65, 0x73, 0x3C, 0x6D, 0x65, 0x74, 0x61, 0x20, 0x6E, 0x61, 0x6D, 0x65, 0x3D, 0x22, 0x47, 0x75, 0x69, 0x64, 0x65, 0x20, 0x74, 0x6F, 0x20, 0x74, 0x68, 0x65,
        0x6F, 0x76, 0x65, 0x72, 0x77, 0x68, 0x65, 0x6C, 0x6D, 0x69, 0x6E, 0x67, 0x61, 0x67, 0x61, 0x69, 0x6E, 0x73, 0x74, 0x20, 0x74, 0x68, 0x65, 0x20, 0x63, 0x6F, 0x6E, 0x63, 0x65, 0x6E, 0x74, 0x72,
        0x61, 0x74, 0x65, 0x64, 0x2C, 0x0A, 0x2E, 0x6E, 0x6F, 0x6E, 0x74, 0x6F, 0x75, 0x63, 0x68, 0x20, 0x6F, 0x62, 0x73, 0x65, 0x72, 0x76, 0x61, 0x74, 0x69, 0x6F, 0x6E, 0x73, 0x3C, 0x2F, 0x61, 0x3E,
        0x0A, 0x3C, 0x2F, 0x64, 0x69, 0x76, 0x3E, 0x0A, 0x66, 0x20, 0x28, 0x64, 0x6F, 0x63, 0x75, 0x6D, 0x65, 0x6E, 0x74, 0x2E, 0x62, 0x6F, 0x72, 0x64, 0x65, 0x72, 0x3A, 0x20, 0x31, 0x70, 0x78, 0x20,
        0x7B, 0x66, 0x6F, 0x6E, 0x74, 0x2D, 0x73, 0x69, 0x7A, 0x65, 0x3A, 0x31, 0x74, 0x72, 0x65, 0x61, 0x74, 0x6D, 0x65, 0x6E, 0x74, 0x20, 0x6F, 0x66, 0x30, 0x22, 0x20, 0x68, 0x65, 0x69, 0x67, 0x68,
        0x74, 0x3D, 0x22, 0x31, 0x6D, 0x6F, 0x64, 0x69, 0x66, 0x69, 0x63, 0x61, 0x74, 0x69, 0x6F, 0x6E, 0x49, 0x6E, 0x64, 0x65, 0x70, 0x65, 0x6E, 0x64, 0x65, 0x6E, 0x63, 0x65, 0x64, 0x69, 0x76, 0x69,
        0x64, 0x65, 0x64, 0x20, 0x69, 0x6E, 0x74, 0x6F, 0x67, 0x72, 0x65, 0x61, 0x74, 0x65, 0x72, 0x20, 0x74, 0x68, 0x61, 0x6E, 0x61, 0x63, 0x68, 0x69, 0x65, 0x76, 0x65, 0x6D, 0x65, 0x6E, 0x74, 0x73,
        0x65, 0x73, 0x74, 0x61, 0x62, 0x6C, 0x69, 0x73, 0x68, 0x69, 0x6E, 0x67, 0x4A, 0x61, 0x76, 0x61, 0x53, 0x63, 0x72, 0x69, 0x70, 0x74, 0x22, 0x20, 0x6E, 0x65, 0x76, 0x65, 0x72, 0x74, 0x68, 0x65,
        0x6C, 0x65, 0x73, 0x73, 0x73, 0x69, 0x67, 0x6E, 0x69, 0x66, 0x69, 0x63, 0x61, 0x6E, 0x63, 0x65, 0x42, 0x72, 0x6F, 0x61, 0x64, 0x63, 0x61, 0x73, 0x74, 0x69, 0x6E, 0x67, 0x3E, 0x26, 0x6E, 0x62,
        0x73, 0x70, 0x3B, 0x3C, 0x2F, 0x74, 0x64, 0x3E, 0x63, 0x6F, 0x6E, 0x74, 0x61, 0x69, 0x6E, 0x65, 0x72, 0x22, 0x3E, 0x0A, 0x73, 0x75, 0x63, 0x68, 0x20, 0x61, 0x73, 0x20, 0x74, 0x68, 0x65, 0x20,
        0x69, 0x6E, 0x66, 0x6C, 0x75, 0x65, 0x6E, 0x63, 0x65, 0x20, 0x6F, 0x66, 0x61, 0x20, 0x70, 0x61, 0x72, 0x74, 0x69, 0x63, 0x75, 0x6C, 0x61, 0x72, 0x73, 0x72, 0x63, 0x3D, 0x27, 0x68, 0x74, 0x74,
        0x70, 0x3A, 0x2F, 0x2F, 0x6E, 0x61, 0x76, 0x69, 0x67, 0x61, 0x74, 0x69, 0x6F, 0x6E, 0x22, 0x20, 0x68, 0x61, 0x6C, 0x66, 0x20, 0x6F, 0x66, 0x20, 0x74, 0x68, 0x65, 0x20, 0x73, 0x75, 0x62, 0x73,
        0x74, 0x61, 0x6E, 0x74, 0x69, 0x61, 0x6C, 0x20, 0x26, 0x6E, 0x62, 0x73, 0x70, 0x3B, 0x3C, 0x2F, 0x64, 0x69, 0x76, 0x3E, 0x61, 0x64, 0x76, 0x61, 0x6E, 0x74, 0x61, 0x67, 0x65, 0x20, 0x6F, 0x66,
        0x64, 0x69, 0x73, 0x63, 0x6F, 0x76, 0x65, 0x72, 0x79, 0x20, 0x6F, 0x66, 0x66, 0x75, 0x6E, 0x64, 0x61, 0x6D, 0x65, 0x6E, 0x74, 0x61, 0x6C, 0x20, 0x6D, 0x65, 0x74, 0x72, 0x6F, 0x70, 0x6F, 0x6C,
        0x69, 0x74, 0x61, 0x6E, 0x74, 0x68, 0x65, 0x20, 0x6F, 0x70, 0x70, 0x6F, 0x73, 0x69, 0x74, 0x65, 0x22, 0x20, 0x78, 0x6D, 0x6C, 0x3A, 0x6C, 0x61, 0x6E, 0x67, 0x3D, 0x22, 0x64, 0x65, 0x6C, 0x69,
        0x62, 0x65, 0x72, 0x61, 0x74, 0x65, 0x6C, 0x79, 0x61, 0x6C, 0x69, 0x67, 0x6E, 0x3D, 0x63, 0x65, 0x6E, 0x74, 0x65, 0x72, 0x65, 0x76, 0x6F, 0x6C, 0x75, 0x74, 0x69, 0x6F, 0x6E, 0x20, 0x6F, 0x66,
        0x70, 0x72, 0x65, 0x73, 0x65, 0x72, 0x76, 0x61, 0x74, 0x69, 0x6F, 0x6E, 0x69, 0x6D, 0x70, 0x72, 0x6F, 0x76, 0x65, 0x6D, 0x65, 0x6E, 0x74, 0x73, 0x62, 0x65, 0x67, 0x69, 0x6E, 0x6E, 0x69, 0x6E,
        0x67, 0x20, 0x69, 0x6E, 0x4A, 0x65, 0x73, 0x75, 0x73, 0x20, 0x43, 0x68, 0x72, 0x69, 0x73, 0x74, 0x50, 0x75, 0x62, 0x6C, 0x69, 0x63, 0x61, 0x74, 0x69, 0x6F, 0x6E, 0x73, 0x64, 0x69, 0x73, 0x61,
        0x67, 0x72, 0x65, 0x65, 0x6D, 0x65, 0x6E, 0x74, 0x74, 0x65, 0x78, 0x74, 0x2D, 0x61, 0x6C, 0x69, 0x67, 0x6E, 0x3A, 0x72, 0x2C, 0x20, 0x66, 0x75, 0x6E, 0x63, 0x74, 0x69, 0x6F, 0x6E, 0x28, 0x29,
        0x73, 0x69, 0x6D, 0x69, 0x6C, 0x61, 0x72, 0x69, 0x74, 0x69, 0x65, 0x73, 0x62, 0x6F, 0x64, 0x79, 0x3E, 0x3C, 0x2F, 0x68, 0x74, 0x6D, 0x6C, 0x3E, 0x69, 0x73, 0x20, 0x63, 0x75, 0x72, 0x72, 0x65,
        0x6E, 0x74, 0x6C, 0x79, 0x61, 0x6C, 0x70, 0x68, 0x61, 0x62, 0x65, 0x74, 0x69, 0x63, 0x61, 0x6C, 0x69, 0x73, 0x20, 0x73, 0x6F, 0x6D, 0x65, 0x74, 0x69, 0x6D, 0x65, 0x73, 0x74, 0x79, 0x70, 0x65,
        0x3D, 0x22, 0x69, 0x6D, 0x61, 0x67, 0x65, 0x2F, 0x6D, 0x61, 0x6E, 0x79, 0x20, 0x6F, 0x66, 0x20, 0x74, 0x68, 0x65, 0x20, 0x66, 0x6C, 0x6F, 0x77, 0x3A, 0x68, 0x69, 0x64, 0x64, 0x65, 0x6E, 0x3B,
        0x61, 0x76, 0x61, 0x69, 0x6C, 0x61, 0x62, 0x6C, 0x65, 0x20, 0x69, 0x6E, 0x64, 0x65, 0x73, 0x63, 0x72, 0x69, 0x62, 0x65, 0x20, 0x74, 0x68, 0x65, 0x65, 0x78, 0x69, 0x73, 0x74, 0x65, 0x6E, 0x63,
        0x65, 0x20, 0x6F, 0x66, 0x61, 0x6C, 0x6C, 0x20, 0x6F, 0x76, 0x65, 0x72, 0x20, 0x74, 0x68, 0x65, 0x74, 0x68, 0x65, 0x20, 0x49, 0x6E, 0x74, 0x65, 0x72, 0x6E, 0x65, 0x74, 0x09, 0x3C, 0x75, 0x6C,
        0x20, 0x63, 0x6C, 0x61, 0x73, 0x73, 0x3D, 0x22, 0x69, 0x6E, 0x73, 0x74, 0x61, 0x6C, 0x6C, 0x61, 0x74, 0x69, 0x6F, 0x6E, 0x6E, 0x65, 0x69, 0x67, 0x68, 0x62, 0x6F, 0x72, 0x68, 0x6F, 0x6F, 0x64,
        0x61, 0x72, 0x6D, 0x65, 0x64, 0x20, 0x66, 0x6F, 0x72, 0x63, 0x65, 0x73, 0x72, 0x65, 0x64, 0x75, 0x63, 0x69, 0x6E, 0x67, 0x20, 0x74, 0x68, 0x65, 0x63, 0x6F, 0x6E, 0x74, 0x69, 0x6E, 0x75, 0x65,
        0x73, 0x20, 0x74, 0x6F, 0x4E, 0x6F, 0x6E, 0x65, 0x74, 0x68, 0x65, 0x6C, 0x65, 0x73, 0x73, 0x2C, 0x74, 0x65, 0x6D, 0x70, 0x65, 0x72, 0x61, 0x74, 0x75, 0x72, 0x65, 0x73, 0x0A, 0x09, 0x09, 0x3C,
        0x61, 0x20, 0x68, 0x72, 0x65, 0x66, 0x3D, 0x22, 0x63, 0x6C, 0x6F, 0x73, 0x65, 0x20, 0x74, 0x6F, 0x20, 0x74, 0x68, 0x65, 0x65, 0x78, 0x61, 0x6D, 0x70, 0x6C, 0x65, 0x73, 0x20, 0x6F, 0x66, 0x20,
        0x69, 0x73, 0x20, 0x61, 0x62, 0x6F, 0x75, 0x74, 0x20, 0x74, 0x68, 0x65, 0x28, 0x73, 0x65, 0x65, 0x20, 0x62, 0x65, 0x6C, 0x6F, 0x77, 0x29, 0x2E, 0x22, 0x20, 0x69, 0x64, 0x3D, 0x22, 0x73, 0x65,
        0x61, 0x72, 0x63, 0x68, 0x70, 0x72, 0x6F, 0x66, 0x65, 0x73, 0x73, 0x69, 0x6F, 0x6E, 0x61, 0x6C, 0x69, 0x73, 0x20, 0x61, 0x76, 0x61, 0x69, 0x6C, 0x61, 0x62, 0x6C, 0x65, 0x74, 0x68, 0x65, 0x20,
        0x6F, 0x66, 0x66, 0x69, 0x63, 0x69, 0x61, 0x6C, 0x09, 0x09, 0x3C, 0x2F, 0x73, 0x63, 0x72, 0x69, 0x70, 0x74, 0x3E, 0x0A, 0x0A, 0x09, 0x09, 0x3C, 0x64, 0x69, 0x76, 0x20, 0x69, 0x64, 0x3D, 0x22,
        0x61, 0x63, 0x63, 0x65, 0x6C, 0x65, 0x72, 0x61, 0x74, 0x69, 0x6F, 0x6E, 0x74, 0x68, 0x72, 0x6F, 0x75, 0x67, 0x68, 0x20, 0x74, 0x68, 0x65, 0x20, 0x48, 0x61, 0x6C, 0x6C, 0x20, 0x6F, 0x66, 0x20,
        0x46, 0x61, 0x6D, 0x65, 0x64, 0x65, 0x73, 0x63, 0x72, 0x69, 0x70, 0x74, 0x69, 0x6F, 0x6E, 0x73, 0x74, 0x72, 0x61, 0x6E, 0x73, 0x6C, 0x61, 0x74, 0x69, 0x6F, 0x6E, 0x73, 0x69, 0x6E, 0x74, 0x65,
        0x72, 0x66, 0x65, 0x72, 0x65, 0x6E, 0x63, 0x65, 0x20, 0x74, 0x79, 0x70, 0x65, 0x3D, 0x27, 0x74, 0x65, 0x78, 0x74, 0x2F, 0x72, 0x65, 0x63, 0x65, 0x6E, 0x74, 0x20, 0x79, 0x65, 0x61, 0x72, 0x73,
        0x69, 0x6E, 0x20, 0x74, 0x68, 0x65, 0x20, 0x77, 0x6F, 0x72, 0x6C, 0x64, 0x76, 0x65, 0x72, 0x79, 0x20, 0x70, 0x6F, 0x70, 0x75, 0x6C, 0x61, 0x72, 0x7B, 0x62, 0x61, 0x63, 0x6B, 0x67, 0x72, 0x6F,
        0x75, 0x6E, 0x64, 0x3A, 0x74, 0x72, 0x61, 0x64, 0x69, 0x74, 0x69, 0x6F, 0x6E, 0x61, 0x6C, 0x20, 0x73, 0x6F, 0x6D, 0x65, 0x20, 0x6F, 0x66, 0x20, 0x74, 0x68, 0x65, 0x20, 0x63, 0x6F, 0x6E, 0x6E,
        0x65, 0x63, 0x74, 0x65, 0x64, 0x20, 0x74, 0x6F, 0x65, 0x78, 0x70, 0x6C, 0x6F, 0x69, 0x74, 0x61, 0x74, 0x69, 0x6F, 0x6E, 0x65, 0x6D, 0x65, 0x72, 0x67, 0x65, 0x6E, 0x63, 0x65, 0x20, 0x6F, 0x66,
        0x63, 0x6F, 0x6E, 0x73, 0x74, 0x69, 0x74, 0x75, 0x74, 0x69, 0x6F, 0x6E, 0x41, 0x20, 0x48, 0x69, 0x73, 0x74, 0x6F, 0x72, 0x79, 0x20, 0x6F, 0x66, 0x73, 0x69, 0x67, 0x6E, 0x69, 0x66, 0x69, 0x63,
        0x61, 0x6E, 0x74, 0x20, 0x6D, 0x61, 0x6E, 0x75, 0x66, 0x61, 0x63, 0x74, 0x75, 0x72, 0x65, 0x64, 0x65, 0x78, 0x70, 0x65, 0x63, 0x74, 0x61, 0x74, 0x69, 0x6F, 0x6E, 0x73, 0x3E, 0x3C, 0x6E, 0x6F,
        0x73, 0x63, 0x72, 0x69, 0x70, 0x74, 0x3E, 0x3C, 0x63, 0x61, 0x6E, 0x20, 0x62, 0x65, 0x20, 0x66, 0x6F, 0x75, 0x6E, 0x64, 0x62, 0x65, 0x63, 0x61, 0x75, 0x73, 0x65, 0x20, 0x74, 0x68, 0x65, 0x20,
        0x68, 0x61, 0x73, 0x20, 0x6E, 0x6F, 0x74, 0x20, 0x62, 0x65, 0x65, 0x6E, 0x6E, 0x65, 0x69, 0x67, 0x68, 0x62, 0x6F, 0x75, 0x72, 0x69, 0x6E, 0x67, 0x77, 0x69, 0x74, 0x68, 0x6F, 0x75, 0x74, 0x20,
        0x74, 0x68, 0x65, 0x20, 0x61, 0x64, 0x64, 0x65, 0x64, 0x20, 0x74, 0x6F, 0x20, 0x74, 0x68, 0x65, 0x09, 0x3C, 0x6C, 0x69, 0x20, 0x63, 0x6C, 0x61, 0x73, 0x73, 0x3D, 0x22, 0x69, 0x6E, 0x73, 0x74,
        0x72, 0x75, 0x6D, 0x65, 0x6E, 0x74, 0x61, 0x6C, 0x53, 0x6F, 0x76, 0x69, 0x65, 0x74, 0x20, 0x55, 0x6E, 0x69, 0x6F, 0x6E, 0x61, 0x63, 0x6B, 0x6E, 0x6F, 0x77, 0x6C, 0x65, 0x64, 0x67, 0x65, 0x64,
        0x77, 0x68, 0x69, 0x63, 0x68, 0x20, 0x63, 0x61, 0x6E, 0x20, 0x62, 0x65, 0x6E, 0x61, 0x6D, 0x65, 0x20, 0x66, 0x6F, 0x72, 0x20, 0x74, 0x68, 0x65, 0x61, 0x74, 0x74, 0x65, 0x6E, 0x74, 0x69, 0x6F,
        0x6E, 0x20, 0x74, 0x6F, 0x61, 0x74, 0x74, 0x65, 0x6D, 0x70, 0x74, 0x73, 0x20, 0x74, 0x6F, 0x20, 0x64, 0x65, 0x76, 0x65, 0x6C, 0x6F, 0x70, 0x6D, 0x65, 0x6E, 0x74, 0x73, 0x49, 0x6E, 0x20, 0x66,
        0x61, 0x63, 0x74, 0x2C, 0x20, 0x74, 0x68, 0x65, 0x3C, 0x6C, 0x69, 0x20, 0x63, 0x6C, 0x61, 0x73, 0x73, 0x3D, 0x22, 0x61, 0x69, 0x6D, 0x70, 0x6C, 0x69, 0x63, 0x61, 0x74, 0x69, 0x6F, 0x6E, 0x73,
        0x73, 0x75, 0x69, 0x74, 0x61, 0x62, 0x6C, 0x65, 0x20, 0x66, 0x6F, 0x72, 0x6D, 0x75, 0x63, 0x68, 0x20, 0x6F, 0x66, 0x20, 0x74, 0x68, 0x65, 0x20, 0x63, 0x6F, 0x6C, 0x6F, 0x6E, 0x69, 0x7A, 0x61,
        0x74, 0x69, 0x6F, 0x6E, 0x70, 0x72, 0x65, 0x73, 0x69, 0x64, 0x65, 0x6E, 0x74, 0x69, 0x61, 0x6C, 0x63, 0x61, 0x6E, 0x63, 0x65, 0x6C, 0x42, 0x75, 0x62, 0x62, 0x6C, 0x65, 0x20, 0x49, 0x6E, 0x66,
        0x6F, 0x72, 0x6D, 0x61, 0x74, 0x69, 0x6F, 0x6E, 0x6D, 0x6F, 0x73, 0x74, 0x20, 0x6F, 0x66, 0x20, 0x74, 0x68, 0x65, 0x20, 0x69, 0x73, 0x20, 0x64, 0x65, 0x73, 0x63, 0x72, 0x69, 0x62, 0x65, 0x64,
        0x72, 0x65, 0x73, 0x74, 0x20, 0x6F, 0x66, 0x20, 0x74, 0x68, 0x65, 0x20, 0x6D, 0x6F, 0x72, 0x65, 0x20, 0x6F, 0x72, 0x20, 0x6C, 0x65, 0x73, 0x73, 0x69, 0x6E, 0x20, 0x53, 0x65, 0x70, 0x74, 0x65,
        0x6D, 0x62, 0x65, 0x72, 0x49, 0x6E, 0x74, 0x65, 0x6C, 0x6C, 0x69, 0x67, 0x65, 0x6E, 0x63, 0x65, 0x73, 0x72, 0x63, 0x3D, 0x22, 0x68, 0x74, 0x74, 0x70, 0x3A, 0x2F, 0x2F, 0x70, 0x78, 0x3B, 0x20,
        0x68, 0x65, 0x69, 0x67, 0x68, 0x74, 0x3A, 0x20, 0x61, 0x76, 0x61, 0x69, 0x6C, 0x61, 0x62, 0x6C, 0x65, 0x20, 0x74, 0x6F, 0x6D, 0x61, 0x6E, 0x75, 0x66, 0x61, 0x63, 0x74, 0x75, 0x72, 0x65, 0x72,
        0x68, 0x75, 0x6D, 0x61, 0x6E, 0x20, 0x72, 0x69, 0x67, 0x68, 0x74, 0x73, 0x6C, 0x69, 0x6E, 0x6B, 0x20, 0x68, 0x72, 0x65, 0x66, 0x3D, 0x22, 0x2F, 0x61, 0x76, 0x61, 0x69, 0x6C, 0x61, 0x62, 0x69,
        0x6C, 0x69, 0x74, 0x79, 0x70, 0x72, 0x6F, 0x70, 0x6F, 0x72, 0x74, 0x69, 0x6F, 0x6E, 0x61, 0x6C, 0x6F, 0x75, 0x74, 0x73, 0x69, 0x64, 0x65, 0x20, 0x74, 0x68, 0x65, 0x20, 0x61, 0x73, 0x74, 0x72,
        0x6F, 0x6E, 0x6F, 0x6D, 0x69, 0x63, 0x61, 0x6C, 0x68, 0x75, 0x6D, 0x61, 0x6E, 0x20, 0x62, 0x65, 0x69, 0x6E, 0x67, 0x73, 0x6E, 0x61, 0x6D, 0x65, 0x20, 0x6F, 0x66, 0x20, 0x74, 0x68, 0x65, 0x20,
        0x61, 0x72, 0x65, 0x20, 0x66, 0x6F, 0x75, 0x6E, 0x64, 0x20, 0x69, 0x6E, 0x61, 0x72, 0x65, 0x20, 0x62, 0x61, 0x73, 0x65, 0x64, 0x20, 0x6F, 0x6E, 0x73, 0x6D, 0x61, 0x6C, 0x6C, 0x65, 0x72, 0x20,
        0x74, 0x68, 0x61, 0x6E, 0x61, 0x20, 0x70, 0x65, 0x72, 0x73, 0x6F, 0x6E, 0x20, 0x77, 0x68, 0x6F, 0x65, 0x78, 0x70, 0x61, 0x6E, 0x73, 0x69, 0x6F, 0x6E, 0x20, 0x6F, 0x66, 0x61, 0x72, 0x67, 0x75,
        0x69, 0x6E, 0x67, 0x20, 0x74, 0x68, 0x61, 0x74, 0x6E, 0x6F, 0x77, 0x20, 0x6B, 0x6E, 0x6F, 0x77, 0x6E, 0x20, 0x61, 0x73, 0x49, 0x6E, 0x20, 0x74, 0x68, 0x65, 0x20, 0x65, 0x61, 0x72, 0x6C, 0x79,
        0x69, 0x6E, 0x74, 0x65, 0x72, 0x6D, 0x65, 0x64, 0x69, 0x61, 0x74, 0x65, 0x64, 0x65, 0x72, 0x69, 0x76, 0x65, 0x64, 0x20, 0x66, 0x72, 0x6F, 0x6D, 0x53, 0x63, 0x61, 0x6E, 0x64, 0x69, 0x6E, 0x61,
        0x76, 0x69, 0x61, 0x6E, 0x3C, 0x2F, 0x61, 0x3E, 0x3C, 0x2F, 0x64, 0x69, 0x76, 0x3E, 0x0D, 0x0A, 0x63, 0x6F, 0x6E, 0x73, 0x69, 0x64, 0x65, 0x72, 0x20, 0x74, 0x68, 0x65, 0x61, 0x6E, 0x20, 0x65,
        0x73, 0x74, 0x69, 0x6D, 0x61, 0x74, 0x65, 0x64, 0x74, 0x68, 0x65, 0x20, 0x4E, 0x61, 0x74, 0x69, 0x6F, 0x6E, 0x61, 0x6C, 0x3C, 0x64, 0x69, 0x76, 0x20, 0x69, 0x64, 0x3D, 0x22, 0x70, 0x61, 0x67,
        0x72, 0x65, 0x73, 0x75, 0x6C, 0x74, 0x69, 0x6E, 0x67, 0x20, 0x69, 0x6E, 0x63, 0x6F, 0x6D, 0x6D, 0x69, 0x73, 0x73, 0x69, 0x6F, 0x6E, 0x65, 0x64, 0x61, 0x6E, 0x61, 0x6C, 0x6F, 0x67, 0x6F, 0x75,
        0x73, 0x20, 0x74, 0x6F, 0x61, 0x72, 0x65, 0x20, 0x72, 0x65, 0x71, 0x75, 0x69, 0x72, 0x65, 0x64, 0x2F, 0x75, 0x6C, 0x3E, 0x0A, 0x3C, 0x2F, 0x64, 0x69, 0x76, 0x3E, 0x0A, 0x77, 0x61, 0x73, 0x20,
        0x62, 0x61, 0x73, 0x65, 0x64, 0x20, 0x6F, 0x6E, 0x61, 0x6E, 0x64, 0x20, 0x62, 0x65, 0x63, 0x61, 0x6D, 0x65, 0x20, 0x61, 0x26, 0x6E, 0x62, 0x73, 0x70, 0x3B, 0x26, 0x6E, 0x62, 0x73, 0x70, 0x3B,
        0x74, 0x22, 0x20, 0x76, 0x61, 0x6C, 0x75, 0x65, 0x3D, 0x22, 0x22, 0x20, 0x77, 0x61, 0x73, 0x20, 0x63, 0x61, 0x70, 0x74, 0x75, 0x72, 0x65, 0x64, 0x6E, 0x6F, 0x20, 0x6D, 0x6F, 0x72, 0x65, 0x20,
        0x74, 0x68, 0x61, 0x6E, 0x72, 0x65, 0x73, 0x70, 0x65, 0x63, 0x74, 0x69, 0x76, 0x65, 0x6C, 0x79, 0x63, 0x6F, 0x6E, 0x74, 0x69, 0x6E, 0x75, 0x65, 0x20, 0x74, 0x6F, 0x20, 0x3E, 0x0D, 0x0A, 0x3C,
        0x68, 0x65, 0x61, 0x64, 0x3E, 0x0D, 0x0A, 0x3C, 0x77, 0x65, 0x72, 0x65, 0x20, 0x63, 0x72, 0x65, 0x61, 0x74, 0x65, 0x64, 0x6D, 0x6F, 0x72, 0x65, 0x20, 0x67, 0x65, 0x6E, 0x65, 0x72, 0x61, 0x6C,
        0x69, 0x6E, 0x66, 0x6F, 0x72, 0x6D, 0x61, 0x74, 0x69, 0x6F, 0x6E, 0x20, 0x75, 0x73, 0x65, 0x64, 0x20, 0x66, 0x6F, 0x72, 0x20, 0x74, 0x68, 0x65, 0x69, 0x6E, 0x64, 0x65, 0x70, 0x65, 0x6E, 0x64,
        0x65, 0x6E, 0x74, 0x20, 0x74, 0x68, 0x65, 0x20, 0x49, 0x6D, 0x70, 0x65, 0x72, 0x69, 0x61, 0x6C, 0x63, 0x6F, 0x6D, 0x70, 0x6F, 0x6E, 0x65, 0x6E, 0x74, 0x20, 0x6F, 0x66, 0x74, 0x6F, 0x20, 0x74,
        0x68, 0x65, 0x20, 0x6E, 0x6F, 0x72, 0x74, 0x68, 0x69, 0x6E, 0x63, 0x6C, 0x75, 0x64, 0x65, 0x20, 0x74, 0x68, 0x65, 0x20, 0x43, 0x6F, 0x6E, 0x73, 0x74, 0x72, 0x75, 0x63, 0x74, 0x69, 0x6F, 0x6E,
        0x73, 0x69, 0x64, 0x65, 0x20, 0x6F, 0x66, 0x20, 0x74, 0x68, 0x65, 0x20, 0x77, 0x6F, 0x75, 0x6C, 0x64, 0x20, 0x6E, 0x6F, 0x74, 0x20, 0x62, 0x65, 0x66, 0x6F, 0x72, 0x20, 0x69, 0x6E, 0x73, 0x74,
        0x61, 0x6E, 0x63, 0x65, 0x69, 0x6E, 0x76, 0x65, 0x6E, 0x74, 0x69, 0x6F, 0x6E, 0x20, 0x6F, 0x66, 0x6D, 0x6F, 0x72, 0x65, 0x20, 0x63, 0x6F, 0x6D, 0x70, 0x6C, 0x65, 0x78, 0x63, 0x6F, 0x6C, 0x6C,
        0x65, 0x63, 0x74, 0x69, 0x76, 0x65, 0x6C, 0x79, 0x62, 0x61, 0x63, 0x6B, 0x67, 0x72, 0x6F, 0x75, 0x6E, 0x64, 0x3A, 0x20, 0x74, 0x65, 0x78, 0x74, 0x2D, 0x61, 0x6C, 0x69, 0x67, 0x6E, 0x3A, 0x20,
        0x69, 0x74, 0x73, 0x20, 0x6F, 0x72, 0x69, 0x67, 0x69, 0x6E, 0x61, 0x6C, 0x69, 0x6E, 0x74, 0x6F, 0x20, 0x61, 0x63, 0x63, 0x6F, 0x75, 0x6E, 0x74, 0x74, 0x68, 0x69, 0x73, 0x20, 0x70, 0x72, 0x6F,
        0x63, 0x65, 0x73, 0x73, 0x61, 0x6E, 0x20, 0x65, 0x78, 0x74, 0x65, 0x6E, 0x73, 0x69, 0x76, 0x65, 0x68, 0x6F, 0x77, 0x65, 0x76, 0x65, 0x72, 0x2C, 0x20, 0x74, 0x68, 0x65, 0x74, 0x68, 0x65, 0x79,
        0x20, 0x61, 0x72, 0x65, 0x20, 0x6E, 0x6F, 0x74, 0x72, 0x65, 0x6A, 0x65, 0x63, 0x74, 0x65, 0x64, 0x20, 0x74, 0x68, 0x65, 0x63, 0x72, 0x69, 0x74, 0x69, 0x63, 0x69, 0x73, 0x6D, 0x20, 0x6F, 0x66,
        0x64, 0x75, 0x72, 0x69, 0x6E, 0x67, 0x20, 0x77, 0x68, 0x69, 0x63, 0x68, 0x70, 0x72, 0x6F, 0x62, 0x61, 0x62, 0x6C, 0x79, 0x20, 0x74, 0x68, 0x65, 0x74, 0x68, 0x69, 0x73, 0x20, 0x61, 0x72, 0x74,
        0x69, 0x63, 0x6C, 0x65, 0x28, 0x66, 0x75, 0x6E, 0x63, 0x74, 0x69, 0x6F, 0x6E, 0x28, 0x29, 0x7B, 0x49, 0x74, 0x20, 0x73, 0x68, 0x6F, 0x75, 0x6C, 0x64, 0x20, 0x62, 0x65, 0x61, 0x6E, 0x20, 0x61,
        0x67, 0x72, 0x65, 0x65, 0x6D, 0x65, 0x6E, 0x74, 0x61, 0x63, 0x63, 0x69, 0x64, 0x65, 0x6E, 0x74, 0x61, 0x6C, 0x6C, 0x79, 0x64, 0x69, 0x66, 0x66, 0x65, 0x72, 0x73, 0x20, 0x66, 0x72, 0x6F, 0x6D,
        0x41, 0x72, 0x63, 0x68, 0x69, 0x74, 0x65, 0x63, 0x74, 0x75, 0x72, 0x65, 0x62, 0x65, 0x74, 0x74, 0x65, 0x72, 0x20, 0x6B, 0x6E, 0x6F, 0x77, 0x6E, 0x61, 0x72, 0x72, 0x61, 0x6E, 0x67, 0x65, 0x6D,
        0x65, 0x6E, 0x74, 0x73, 0x69, 0x6E, 0x66, 0x6C, 0x75, 0x65, 0x6E, 0x63, 0x65, 0x20, 0x6F, 0x6E, 0x61, 0x74, 0x74, 0x65, 0x6E, 0x64, 0x65, 0x64, 0x20, 0x74, 0x68, 0x65, 0x69, 0x64, 0x65, 0x6E,
        0x74, 0x69, 0x63, 0x61, 0x6C, 0x20, 0x74, 0x6F, 0x73, 0x6F, 0x75, 0x74, 0x68, 0x20, 0x6F, 0x66, 0x20, 0x74, 0x68, 0x65, 0x70, 0x61, 0x73, 0x73, 0x20, 0x74, 0x68, 0x72, 0x6F, 0x75, 0x67, 0x68,
        0x78, 0x6D, 0x6C, 0x22, 0x20, 0x74, 0x69, 0x74, 0x6C, 0x65, 0x3D, 0x22, 0x77, 0x65, 0x69, 0x67, 0x68, 0x74, 0x3A, 0x62, 0x6F, 0x6C, 0x64, 0x3B, 0x63, 0x72, 0x65, 0x61, 0x74, 0x69, 0x6E, 0x67,
        0x20, 0x74, 0x68, 0x65, 0x64, 0x69, 0x73, 0x70, 0x6C, 0x61, 0x79, 0x3A, 0x6E, 0x6F, 0x6E, 0x65, 0x72, 0x65, 0x70, 0x6C, 0x61, 0x63, 0x65, 0x64, 0x20, 0x74, 0x68, 0x65, 0x3C, 0x69, 0x6D, 0x67,
        0x20, 0x73, 0x72, 0x63, 0x3D, 0x22, 0x2F, 0x69, 0x68, 0x74, 0x74, 0x70, 0x73, 0x3A, 0x2F, 0x2F, 0x77, 0x77, 0x77, 0x2E, 0x57, 0x6F, 0x72, 0x6C, 0x64, 0x20, 0x57, 0x61, 0x72, 0x20, 0x49, 0x49,
        0x74, 0x65, 0x73, 0x74, 0x69, 0x6D, 0x6F, 0x6E, 0x69, 0x61, 0x6C, 0x73, 0x66, 0x6F, 0x75, 0x6E, 0x64, 0x20, 0x69, 0x6E, 0x20, 0x74, 0x68, 0x65, 0x72, 0x65, 0x71, 0x75, 0x69, 0x72, 0x65, 0x64,
        0x20, 0x74, 0x6F, 0x20, 0x61, 0x6E, 0x64, 0x20, 0x74, 0x68, 0x61, 0x74, 0x20, 0x74, 0x68, 0x65, 0x62, 0x65, 0x74, 0x77, 0x65, 0x65, 0x6E, 0x20, 0x74, 0x68, 0x65, 0x20, 0x77, 0x61, 0x73, 0x20,
        0x64, 0x65, 0x73, 0x69, 0x67, 0x6E, 0x65, 0x64, 0x63, 0x6F, 0x6E, 0x73, 0x69, 0x73, 0x74, 0x73, 0x20, 0x6F, 0x66, 0x20, 0x63, 0x6F, 0x6E, 0x73, 0x69, 0x64, 0x65, 0x72, 0x61, 0x62, 0x6C, 0x79,
        0x70, 0x75, 0x62, 0x6C, 0x69, 0x73, 0x68, 0x65, 0x64, 0x20, 0x62, 0x79, 0x74, 0x68, 0x65, 0x20, 0x6C, 0x61, 0x6E, 0x67, 0x75, 0x61, 0x67, 0x65, 0x43, 0x6F, 0x6E, 0x73, 0x65, 0x72, 0x76, 0x61,
        0x74, 0x69, 0x6F, 0x6E, 0x63, 0x6F, 0x6E, 0x73, 0x69, 0x73, 0x74, 0x65, 0x64, 0x20, 0x6F, 0x66, 0x72, 0x65, 0x66, 0x65, 0x72, 0x20, 0x74, 0x6F, 0x20, 0x74, 0x68, 0x65, 0x62, 0x61, 0x63, 0x6B,
        0x20, 0x74, 0x6F, 0x20, 0x74, 0x68, 0x65, 0x20, 0x63, 0x73, 0x73, 0x22, 0x20, 0x6D, 0x65, 0x64, 0x69, 0x61, 0x3D, 0x22, 0x50, 0x65, 0x6F, 0x70, 0x6C, 0x65, 0x20, 0x66, 0x72, 0x6F, 0x6D, 0x20,
        0x61, 0x76, 0x61, 0x69, 0x6C, 0x61, 0x62, 0x6C, 0x65, 0x20, 0x6F, 0x6E, 0x70, 0x72, 0x6F, 0x76, 0x65, 0x64, 0x20, 0x74, 0x6F, 0x20, 0x62, 0x65, 0x73, 0x75, 0x67, 0x67, 0x65, 0x73, 0x74, 0x69,
        0x6F, 0x6E, 0x73, 0x22, 0x77, 0x61, 0x73, 0x20, 0x6B, 0x6E, 0x6F, 0x77, 0x6E, 0x20, 0x61, 0x73, 0x76, 0x61, 0x72, 0x69, 0x65, 0x74, 0x69, 0x65, 0x73, 0x20, 0x6F, 0x66, 0x6C, 0x69, 0x6B, 0x65,
        0x6C, 0x79, 0x20, 0x74, 0x6F, 0x20, 0x62, 0x65, 0x63, 0x6F, 0x6D, 0x70, 0x72, 0x69, 0x73, 0x65, 0x64, 0x20, 0x6F, 0x66, 0x73, 0x75, 0x70, 0x70, 0x6F, 0x72, 0x74, 0x20, 0x74, 0x68, 0x65, 0x20,
        0x68, 0x61, 0x6E, 0x64, 0x73, 0x20, 0x6F, 0x66, 0x20, 0x74, 0x68, 0x65, 0x63, 0x6F, 0x75, 0x70, 0x6C, 0x65, 0x64, 0x20, 0x77, 0x69, 0x74, 0x68, 0x63, 0x6F, 0x6E, 0x6E, 0x65, 0x63, 0x74, 0x20,
        0x61, 0x6E, 0x64, 0x20, 0x62, 0x6F, 0x72, 0x64, 0x65, 0x72, 0x3A, 0x6E, 0x6F, 0x6E, 0x65, 0x3B, 0x70, 0x65, 0x72, 0x66, 0x6F, 0x72, 0x6D, 0x61, 0x6E, 0x63, 0x65, 0x73, 0x62, 0x65, 0x66, 0x6F,
        0x72, 0x65, 0x20, 0x62, 0x65, 0x69, 0x6E, 0x67, 0x6C, 0x61, 0x74, 0x65, 0x72, 0x20, 0x62, 0x65, 0x63, 0x61, 0x6D, 0x65, 0x63, 0x61, 0x6C, 0x63, 0x75, 0x6C, 0x61, 0x74, 0x69, 0x6F, 0x6E, 0x73,
        0x6F, 0x66, 0x74, 0x65, 0x6E, 0x20, 0x63, 0x61, 0x6C, 0x6C, 0x65, 0x64, 0x72, 0x65, 0x73, 0x69, 0x64, 0x65, 0x6E, 0x74, 0x73, 0x20, 0x6F, 0x66, 0x6D, 0x65, 0x61, 0x6E, 0x69, 0x6E, 0x67, 0x20,
        0x74, 0x68, 0x61, 0x74, 0x3E, 0x3C, 0x6C, 0x69, 0x20, 0x63, 0x6C, 0x61, 0x73, 0x73, 0x3D, 0x22, 0x65, 0x76, 0x69, 0x64, 0x65, 0x6E, 0x63, 0x65, 0x20, 0x66, 0x6F, 0x72, 0x65, 0x78, 0x70, 0x6C,
        0x61, 0x6E, 0x61, 0x74, 0x69, 0x6F, 0x6E, 0x73, 0x65, 0x6E, 0x76, 0x69, 0x72, 0x6F, 0x6E, 0x6D, 0x65, 0x6E, 0x74, 0x73, 0x22, 0x3E, 0x3C, 0x2F, 0x61, 0x3E, 0x3C, 0x2F, 0x64, 0x69, 0x76, 0x3E,
        0x77, 0x68, 0x69, 0x63, 0x68, 0x20, 0x61, 0x6C, 0x6C, 0x6F, 0x77, 0x73, 0x49, 0x6E, 0x74, 0x72, 0x6F, 0x64, 0x75, 0x63, 0x74, 0x69, 0x6F, 0x6E, 0x64, 0x65, 0x76, 0x65, 0x6C, 0x6F, 0x70, 0x65,
        0x64, 0x20, 0x62, 0x79, 0x61, 0x20, 0x77, 0x69, 0x64, 0x65, 0x20, 0x72, 0x61, 0x6E, 0x67, 0x65, 0x6F, 0x6E, 0x20, 0x62, 0x65, 0x68, 0x61, 0x6C, 0x66, 0x20, 0x6F, 0x66, 0x76, 0x61, 0x6C, 0x69,
        0x67, 0x6E, 0x3D, 0x22, 0x74, 0x6F, 0x70, 0x22, 0x70, 0x72, 0x69, 0x6E, 0x63, 0x69, 0x70, 0x6C, 0x65, 0x20, 0x6F, 0x66, 0x61, 0x74, 0x20, 0x74, 0x68, 0x65, 0x20, 0x74, 0x69, 0x6D, 0x65, 0x2C,
        0x3C, 0x2F, 0x6E, 0x6F, 0x73, 0x63, 0x72, 0x69, 0x70, 0x74, 0x3E, 0x0D, 0x73, 0x61, 0x69, 0x64, 0x20, 0x74, 0x6F, 0x20, 0x68, 0x61, 0x76, 0x65, 0x69, 0x6E, 0x20, 0x74, 0x68, 0x65, 0x20, 0x66,
        0x69, 0x72, 0x73, 0x74, 0x77, 0x68, 0x69, 0x6C, 0x65, 0x20, 0x6F, 0x74, 0x68, 0x65, 0x72, 0x73, 0x68, 0x79, 0x70, 0x6F, 0x74, 0x68, 0x65, 0x74, 0x69, 0x63, 0x61, 0x6C, 0x70, 0x68, 0x69, 0x6C,
        0x6F, 0x73, 0x6F, 0x70, 0x68, 0x65, 0x72, 0x73, 0x70, 0x6F, 0x77, 0x65, 0x72, 0x20, 0x6F, 0x66, 0x20, 0x74, 0x68, 0x65, 0x63, 0x6F, 0x6E, 0x74, 0x61, 0x69, 0x6E, 0x65, 0x64, 0x20, 0x69, 0x6E,
        0x70, 0x65, 0x72, 0x66, 0x6F, 0x72, 0x6D, 0x65, 0x64, 0x20, 0x62, 0x79, 0x69, 0x6E, 0x61, 0x62, 0x69, 0x6C, 0x69, 0x74, 0x79, 0x20, 0x74, 0x6F, 0x77, 0x65, 0x72, 0x65, 0x20, 0x77, 0x72, 0x69,
        0x74, 0x74, 0x65, 0x6E, 0x73, 0x70, 0x61, 0x6E, 0x20, 0x73, 0x74, 0x79, 0x6C, 0x65, 0x3D, 0x22, 0x69, 0x6E, 0x70, 0x75, 0x74, 0x20, 0x6E, 0x61, 0x6D, 0x65, 0x3D, 0x22, 0x74, 0x68, 0x65, 0x20,
        0x71, 0x75, 0x65, 0x73, 0x74, 0x69, 0x6F, 0x6E, 0x69, 0x6E, 0x74, 0x65, 0x6E, 0x64, 0x65, 0x64, 0x20, 0x66, 0x6F, 0x72, 0x72, 0x65, 0x6A, 0x65, 0x63, 0x74, 0x69, 0x6F, 0x6E, 0x20, 0x6F, 0x66,
        0x69, 0x6D, 0x70, 0x6C, 0x69, 0x65, 0x73, 0x20, 0x74, 0x68, 0x61, 0x74, 0x69, 0x6E, 0x76, 0x65, 0x6E, 0x74, 0x65, 0x64, 0x20, 0x74, 0x68, 0x65, 0x74, 0x68, 0x65, 0x20, 0x73, 0x74, 0x61, 0x6E,
        0x64, 0x61, 0x72, 0x64, 0x77, 0x61, 0x73, 0x20, 0x70, 0x72, 0x6F, 0x62, 0x61, 0x62, 0x6C, 0x79, 0x6C, 0x69, 0x6E, 0x6B, 0x20, 0x62, 0x65, 0x74, 0x77, 0x65, 0x65, 0x6E, 0x70, 0x72, 0x6F, 0x66,
        0x65, 0x73, 0x73, 0x6F, 0x72, 0x20, 0x6F, 0x66, 0x69, 0x6E, 0x74, 0x65, 0x72, 0x61, 0x63, 0x74, 0x69, 0x6F, 0x6E, 0x73, 0x63, 0x68, 0x61, 0x6E, 0x67, 0x69, 0x6E, 0x67, 0x20, 0x74, 0x68, 0x65,
        0x49, 0x6E, 0x64, 0x69, 0x61, 0x6E, 0x20, 0x4F, 0x63, 0x65, 0x61, 0x6E, 0x20, 0x63, 0x6C, 0x61, 0x73, 0x73, 0x3D, 0x22, 0x6C, 0x61, 0x73, 0x74, 0x77, 0x6F, 0x72, 0x6B, 0x69, 0x6E, 0x67, 0x20,
        0x77, 0x69, 0x74, 0x68, 0x27, 0x68, 0x74, 0x74, 0x70, 0x3A, 0x2F, 0x2F, 0x77, 0x77, 0x77, 0x2E, 0x79, 0x65, 0x61, 0x72, 0x73, 0x20, 0x62, 0x65, 0x66, 0x6F, 0x72, 0x65, 0x54, 0x68, 0x69, 0x73,
        0x20, 0x77, 0x61, 0x73, 0x20, 0x74, 0x68, 0x65, 0x72, 0x65, 0x63, 0x72, 0x65, 0x61, 0x74, 0x69, 0x6F, 0x6E, 0x61, 0x6C, 0x65, 0x6E, 0x74, 0x65, 0x72, 0x69, 0x6E, 0x67, 0x20, 0x74, 0x68, 0x65,
        0x6D, 0x65, 0x61, 0x73, 0x75, 0x72, 0x65, 0x6D, 0x65, 0x6E, 0x74, 0x73, 0x61, 0x6E, 0x20, 0x65, 0x78, 0x74, 0x72, 0x65, 0x6D, 0x65, 0x6C, 0x79, 0x76, 0x61, 0x6C, 0x75, 0x65, 0x20, 0x6F, 0x66,
        0x20, 0x74, 0x68, 0x65, 0x73, 0x74, 0x61, 0x72, 0x74, 0x20, 0x6F, 0x66, 0x20, 0x74, 0x68, 0x65, 0x0A, 0x3C, 0x2F, 0x73, 0x63, 0x72, 0x69, 0x70, 0x74, 0x3E, 0x0A, 0x0A, 0x61, 0x6E, 0x20, 0x65,
        0x66, 0x66, 0x6F, 0x72, 0x74, 0x20, 0x74, 0x6F, 0x69, 0x6E, 0x63, 0x72, 0x65, 0x61, 0x73, 0x65, 0x20, 0x74, 0x68, 0x65, 0x74, 0x6F, 0x20, 0x74, 0x68, 0x65, 0x20, 0x73, 0x6F, 0x75, 0x74, 0x68,
        0x73, 0x70, 0x61, 0x63, 0x69, 0x6E, 0x67, 0x3D, 0x22, 0x30, 0x22, 0x3E, 0x73, 0x75, 0x66, 0x66, 0x69, 0x63, 0x69, 0x65, 0x6E, 0x74, 0x6C, 0x79, 0x74, 0x68, 0x65, 0x20, 0x45, 0x75, 0x72, 0x6F,
        0x70, 0x65, 0x61, 0x6E, 0x63, 0x6F, 0x6E, 0x76, 0x65, 0x72, 0x74, 0x65, 0x64, 0x20, 0x74, 0x6F, 0x63, 0x6C, 0x65, 0x61, 0x72, 0x54, 0x69, 0x6D, 0x65, 0x6F, 0x75, 0x74, 0x64, 0x69, 0x64, 0x20,
        0x6E, 0x6F, 0x74, 0x20, 0x68, 0x61, 0x76, 0x65, 0x63, 0x6F, 0x6E, 0x73, 0x65, 0x71, 0x75, 0x65, 0x6E, 0x74, 0x6C, 0x79, 0x66, 0x6F, 0x72, 0x20, 0x74, 0x68, 0x65, 0x20, 0x6E, 0x65, 0x78, 0x74,
        0x65, 0x78, 0x74, 0x65, 0x6E, 0x73, 0x69, 0x6F, 0x6E, 0x20, 0x6F, 0x66, 0x65, 0x63, 0x6F, 0x6E, 0x6F, 0x6D, 0x69, 0x63, 0x20, 0x61, 0x6E, 0x64, 0x61, 0x6C, 0x74, 0x68, 0x6F, 0x75, 0x67, 0x68,
        0x20, 0x74, 0x68, 0x65, 0x61, 0x72, 0x65, 0x20, 0x70, 0x72, 0x6F, 0x64, 0x75, 0x63, 0x65, 0x64, 0x61, 0x6E, 0x64, 0x20, 0x77, 0x69, 0x74, 0x68, 0x20, 0x74, 0x68, 0x65, 0x69, 0x6E, 0x73, 0x75,
        0x66, 0x66, 0x69, 0x63, 0x69, 0x65, 0x6E, 0x74, 0x67, 0x69, 0x76, 0x65, 0x6E, 0x20, 0x62, 0x79, 0x20, 0x74, 0x68, 0x65, 0x73, 0x74, 0x61, 0x74, 0x69, 0x6E, 0x67, 0x20, 0x74, 0x68, 0x61, 0x74,
        0x65, 0x78, 0x70, 0x65, 0x6E, 0x64, 0x69, 0x74, 0x75, 0x72, 0x65, 0x73, 0x3C, 0x2F, 0x73, 0x70, 0x61, 0x6E, 0x3E, 0x3C, 0x2F, 0x61, 0x3E, 0x0A, 0x74, 0x68, 0x6F, 0x75, 0x67, 0x68, 0x74, 0x20,
        0x74, 0x68, 0x61, 0x74, 0x6F, 0x6E, 0x20, 0x74, 0x68, 0x65, 0x20, 0x62, 0x61, 0x73, 0x69, 0x73, 0x63, 0x65, 0x6C, 0x6C, 0x70, 0x61, 0x64, 0x64, 0x69, 0x6E, 0x67, 0x3D, 0x69, 0x6D, 0x61, 0x67,
        0x65, 0x20, 0x6F, 0x66, 0x20, 0x74, 0x68, 0x65, 0x72, 0x65, 0x74, 0x75, 0x72, 0x6E, 0x69, 0x6E, 0x67, 0x20, 0x74, 0x6F, 0x69, 0x6E, 0x66, 0x6F, 0x72, 0x6D, 0x61, 0x74, 0x69, 0x6F, 0x6E, 0x2C,
        0x73, 0x65, 0x70, 0x61, 0x72, 0x61, 0x74, 0x65, 0x64, 0x20, 0x62, 0x79, 0x61, 0x73, 0x73, 0x61, 0x73, 0x73, 0x69, 0x6E, 0x61, 0x74, 0x65, 0x64, 0x73, 0x22, 0x20, 0x63, 0x6F, 0x6E, 0x74, 0x65,
        0x6E, 0x74, 0x3D, 0x22, 0x61, 0x75, 0x74, 0x68, 0x6F, 0x72, 0x69, 0x74, 0x79, 0x20, 0x6F, 0x66, 0x6E, 0x6F, 0x72, 0x74, 0x68, 0x77, 0x65, 0x73, 0x74, 0x65, 0x72, 0x6E, 0x3C, 0x2F, 0x64, 0x69,
        0x76, 0x3E, 0x0A, 0x3C, 0x64, 0x69, 0x76, 0x20, 0x22, 0x3E, 0x3C, 0x2F, 0x64, 0x69, 0x76, 0x3E, 0x0D, 0x0A, 0x20, 0x20, 0x63, 0x6F, 0x6E, 0x73, 0x75, 0x6C, 0x74, 0x61, 0x74, 0x69, 0x6F, 0x6E,
        0x63, 0x6F, 0x6D, 0x6D, 0x75, 0x6E, 0x69, 0x74, 0x79, 0x20, 0x6F, 0x66, 0x74, 0x68, 0x65, 0x20, 0x6E, 0x61, 0x74, 0x69, 0x6F, 0x6E, 0x61, 0x6C, 0x69, 0x74, 0x20, 0x73, 0x68, 0x6F, 0x75, 0x6C,
        0x64, 0x20, 0x62, 0x65, 0x70, 0x61, 0x72, 0x74, 0x69, 0x63, 0x69, 0x70, 0x61, 0x6E, 0x74, 0x73, 0x20, 0x61, 0x6C, 0x69, 0x67, 0x6E, 0x3D, 0x22, 0x6C, 0x65, 0x66, 0x74, 0x74, 0x68, 0x65, 0x20,
        0x67, 0x72, 0x65, 0x61, 0x74, 0x65, 0x73, 0x74, 0x73, 0x65, 0x6C, 0x65, 0x63, 0x74, 0x69, 0x6F, 0x6E, 0x20, 0x6F, 0x66, 0x73, 0x75, 0x70, 0x65, 0x72, 0x6E, 0x61, 0x74, 0x75, 0x72, 0x61, 0x6C,
        0x64, 0x65, 0x70, 0x65, 0x6E, 0x64, 0x65, 0x6E, 0x74, 0x20, 0x6F, 0x6E, 0x69, 0x73, 0x20, 0x6D, 0x65, 0x6E, 0x74, 0x69, 0x6F, 0x6E, 0x65, 0x64, 0x61, 0x6C, 0x6C, 0x6F, 0x77, 0x69, 0x6E, 0x67,
        0x20, 0x74, 0x68, 0x65, 0x77, 0x61, 0x73, 0x20, 0x69, 0x6E, 0x76, 0x65, 0x6E, 0x74, 0x65, 0x64, 0x61, 0x63, 0x63, 0x6F, 0x6D, 0x70, 0x61, 0x6E, 0x79, 0x69, 0x6E, 0x67, 0x68, 0x69, 0x73, 0x20,
        0x70, 0x65, 0x72, 0x73, 0x6F, 0x6E, 0x61, 0x6C, 0x61, 0x76, 0x61, 0x69, 0x6C, 0x61, 0x62, 0x6C, 0x65, 0x20, 0x61, 0x74, 0x73, 0x74, 0x75, 0x64, 0x79, 0x20, 0x6F, 0x66, 0x20, 0x74, 0x68, 0x65,
        0x6F, 0x6E, 0x20, 0x74, 0x68, 0x65, 0x20, 0x6F, 0x74, 0x68, 0x65, 0x72, 0x65, 0x78, 0x65, 0x63, 0x75, 0x74, 0x69, 0x6F, 0x6E, 0x20, 0x6F, 0x66, 0x48, 0x75, 0x6D, 0x61, 0x6E, 0x20, 0x52, 0x69,
        0x67, 0x68, 0x74, 0x73, 0x74, 0x65, 0x72, 0x6D, 0x73, 0x20, 0x6F, 0x66, 0x20, 0x74, 0x68, 0x65, 0x61, 0x73, 0x73, 0x6F, 0x63, 0x69, 0x61, 0x74, 0x69, 0x6F, 0x6E, 0x73, 0x72, 0x65, 0x73, 0x65,
        0x61, 0x72, 0x63, 0x68, 0x20, 0x61, 0x6E, 0x64, 0x73, 0x75, 0x63, 0x63, 0x65, 0x65, 0x64, 0x65, 0x64, 0x20, 0x62, 0x79, 0x64, 0x65, 0x66, 0x65, 0x61, 0x74, 0x65, 0x64, 0x20, 0x74, 0x68, 0x65,
        0x61, 0x6E, 0x64, 0x20, 0x66, 0x72, 0x6F, 0x6D, 0x20, 0x74, 0x68, 0x65, 0x62, 0x75, 0x74, 0x20, 0x74, 0x68, 0x65, 0x79, 0x20, 0x61, 0x72, 0x65, 0x63, 0x6F, 0x6D, 0x6D, 0x61, 0x6E, 0x64, 0x65,
        0x72, 0x20, 0x6F, 0x66, 0x73, 0x74, 0x61, 0x74, 0x65, 0x20, 0x6F, 0x66, 0x20, 0x74, 0x68, 0x65, 0x79, 0x65, 0x61, 0x72, 0x73, 0x20, 0x6F, 0x66, 0x20, 0x61, 0x67, 0x65, 0x74, 0x68, 0x65, 0x20,
        0x73, 0x74, 0x75, 0x64, 0x79, 0x20, 0x6F, 0x66, 0x3C, 0x75, 0x6C, 0x20, 0x63, 0x6C, 0x61, 0x73, 0x73, 0x3D, 0x22, 0x73, 0x70, 0x6C, 0x61, 0x63, 0x65, 0x20, 0x69, 0x6E, 0x20, 0x74, 0x68, 0x65,
        0x77, 0x68, 0x65, 0x72, 0x65, 0x20, 0x68, 0x65, 0x20, 0x77, 0x61, 0x73, 0x3C, 0x6C, 0x69, 0x20, 0x63, 0x6C, 0x61, 0x73, 0x73, 0x3D, 0x22, 0x66, 0x74, 0x68, 0x65, 0x72, 0x65, 0x20, 0x61, 0x72,
        0x65, 0x20, 0x6E, 0x6F, 0x77, 0x68, 0x69, 0x63, 0x68, 0x20, 0x62, 0x65, 0x63, 0x61, 0x6D, 0x65, 0x68, 0x65, 0x20, 0x70, 0x75, 0x62, 0x6C, 0x69, 0x73, 0x68, 0x65, 0x64, 0x65, 0x78, 0x70, 0x72,
        0x65, 0x73, 0x73, 0x65, 0x64, 0x20, 0x69, 0x6E, 0x74, 0x6F, 0x20, 0x77, 0x68, 0x69, 0x63, 0x68, 0x20, 0x74, 0x68, 0x65, 0x63, 0x6F, 0x6D, 0x6D, 0x69, 0x73, 0x73, 0x69, 0x6F, 0x6E, 0x65, 0x72,
        0x66, 0x6F, 0x6E, 0x74, 0x2D, 0x77, 0x65, 0x69, 0x67, 0x68, 0x74, 0x3A, 0x74, 0x65, 0x72, 0x72, 0x69, 0x74, 0x6F, 0x72, 0x79, 0x20, 0x6F, 0x66, 0x65, 0x78, 0x74, 0x65, 0x6E, 0x73, 0x69, 0x6F,
        0x6E, 0x73, 0x22, 0x3E, 0x52, 0x6F, 0x6D, 0x61, 0x6E, 0x20, 0x45, 0x6D, 0x70, 0x69, 0x72, 0x65, 0x65, 0x71, 0x75, 0x61, 0x6C, 0x20, 0x74, 0x6F, 0x20, 0x74, 0x68, 0x65, 0x49, 0x6E, 0x20, 0x63,
        0x6F, 0x6E, 0x74, 0x72, 0x61, 0x73, 0x74, 0x2C, 0x68, 0x6F, 0x77, 0x65, 0x76, 0x65, 0x72, 0x2C, 0x20, 0x61, 0x6E, 0x64, 0x69, 0x73, 0x20, 0x74, 0x79, 0x70, 0x69, 0x63, 0x61, 0x6C, 0x6C, 0x79,
        0x61, 0x6E, 0x64, 0x20, 0x68, 0x69, 0x73, 0x20, 0x77, 0x69, 0x66, 0x65, 0x28, 0x61, 0x6C, 0x73, 0x6F, 0x20, 0x63, 0x61, 0x6C, 0x6C, 0x65, 0x64, 0x3E, 0x3C, 0x75, 0x6C, 0x20, 0x63, 0x6C, 0x61,
        0x73, 0x73, 0x3D, 0x22, 0x65, 0x66, 0x66, 0x65, 0x63, 0x74, 0x69, 0x76, 0x65, 0x6C, 0x79, 0x20, 0x65, 0x76, 0x6F, 0x6C, 0x76, 0x65, 0x64, 0x20, 0x69, 0x6E, 0x74, 0x6F, 0x73, 0x65, 0x65, 0x6D,
        0x20, 0x74, 0x6F, 0x20, 0x68, 0x61, 0x76, 0x65, 0x77, 0x68, 0x69, 0x63, 0x68, 0x20, 0x69, 0x73, 0x20, 0x74, 0x68, 0x65, 0x74, 0x68, 0x65, 0x72, 0x65, 0x20, 0x77, 0x61, 0x73, 0x20, 0x6E, 0x6F,
        0x61, 0x6E, 0x20, 0x65, 0x78, 0x63, 0x65, 0x6C, 0x6C, 0x65, 0x6E, 0x74, 0x61, 0x6C, 0x6C, 0x20, 0x6F, 0x66, 0x20, 0x74, 0x68, 0x65, 0x73, 0x65, 0x64, 0x65, 0x73, 0x63, 0x72, 0x69, 0x62, 0x65,
        0x64, 0x20, 0x62, 0x79, 0x49, 0x6E, 0x20, 0x70, 0x72, 0x61, 0x63, 0x74, 0x69, 0x63, 0x65, 0x2C, 0x62, 0x72, 0x6F, 0x61, 0x64, 0x63, 0x61, 0x73, 0x74, 0x69, 0x6E, 0x67, 0x63, 0x68, 0x61, 0x72,
        0x67, 0x65, 0x64, 0x20, 0x77, 0x69, 0x74, 0x68, 0x72, 0x65, 0x66, 0x6C, 0x65, 0x63, 0x74, 0x65, 0x64, 0x20, 0x69, 0x6E, 0x73, 0x75, 0x62, 0x6A, 0x65, 0x63, 0x74, 0x65, 0x64, 0x20, 0x74, 0x6F,
        0x6D, 0x69, 0x6C, 0x69, 0x74, 0x61, 0x72, 0x79, 0x20, 0x61, 0x6E, 0x64, 0x74, 0x6F, 0x20, 0x74, 0x68, 0x65, 0x20, 0x70, 0x6F, 0x69, 0x6E, 0x74, 0x65, 0x63, 0x6F, 0x6E, 0x6F, 0x6D, 0x69, 0x63,
        0x61, 0x6C, 0x6C, 0x79, 0x73, 0x65, 0x74, 0x54, 0x61, 0x72, 0x67, 0x65, 0x74, 0x69, 0x6E, 0x67, 0x61, 0x72, 0x65, 0x20, 0x61, 0x63, 0x74, 0x75, 0x61, 0x6C, 0x6C, 0x79, 0x76, 0x69, 0x63, 0x74,
        0x6F, 0x72, 0x79, 0x20, 0x6F, 0x76, 0x65, 0x72, 0x28, 0x29, 0x3B, 0x3C, 0x2F, 0x73, 0x63, 0x72, 0x69, 0x70, 0x74, 0x3E, 0x63, 0x6F, 0x6E, 0x74, 0x69, 0x6E, 0x75, 0x6F, 0x75, 0x73, 0x6C, 0x79,
        0x72, 0x65, 0x71, 0x75, 0x69, 0x72, 0x65, 0x64, 0x20, 0x66, 0x6F, 0x72, 0x65, 0x76, 0x6F, 0x6C, 0x75, 0x74, 0x69, 0x6F, 0x6E, 0x61, 0x72, 0x79, 0x61, 0x6E, 0x20, 0x65, 0x66, 0x66, 0x65, 0x63,
        0x74, 0x69, 0x76, 0x65, 0x6E, 0x6F, 0x72, 0x74, 0x68, 0x20, 0x6F, 0x66, 0x20, 0x74, 0x68, 0x65, 0x2C, 0x20, 0x77, 0x68, 0x69, 0x63, 0x68, 0x20, 0x77, 0x61, 0x73, 0x20, 0x66, 0x72, 0x6F, 0x6E,
        0x74, 0x20, 0x6F, 0x66, 0x20, 0x74, 0x68, 0x65, 0x6F, 0x72, 0x20, 0x6F, 0x74, 0x68, 0x65, 0x72, 0x77, 0x69, 0x73, 0x65, 0x73, 0x6F, 0x6D, 0x65, 0x20, 0x66, 0x6F, 0x72, 0x6D, 0x20, 0x6F, 0x66,
        0x68, 0x61, 0x64, 0x20, 0x6E, 0x6F, 0x74, 0x20, 0x62, 0x65, 0x65, 0x6E, 0x67, 0x65, 0x6E, 0x65, 0x72, 0x61, 0x74, 0x65, 0x64, 0x20, 0x62, 0x79, 0x69, 0x6E, 0x66, 0x6F, 0x72, 0x6D, 0x61, 0x74,
        0x69, 0x6F, 0x6E, 0x2E, 0x70, 0x65, 0x72, 0x6D, 0x69, 0x74, 0x74, 0x65, 0x64, 0x20, 0x74, 0x6F, 0x69, 0x6E, 0x63, 0x6C, 0x75, 0x64, 0x65, 0x73, 0x20, 0x74, 0x68, 0x65, 0x64, 0x65, 0x76, 0x65,
        0x6C, 0x6F, 0x70, 0x6D, 0x65, 0x6E, 0x74, 0x2C, 0x65, 0x6E, 0x74, 0x65, 0x72, 0x65, 0x64, 0x20, 0x69, 0x6E, 0x74, 0x6F, 0x74, 0x68, 0x65, 0x20, 0x70, 0x72, 0x65, 0x76, 0x69, 0x6F, 0x75, 0x73,
        0x63, 0x6F, 0x6E, 0x73, 0x69, 0x73, 0x74, 0x65, 0x6E, 0x74, 0x6C, 0x79, 0x61, 0x72, 0x65, 0x20, 0x6B, 0x6E, 0x6F, 0x77, 0x6E, 0x20, 0x61, 0x73, 0x74, 0x68, 0x65, 0x20, 0x66, 0x69, 0x65, 0x6C,
        0x64, 0x20, 0x6F, 0x66, 0x74, 0x68, 0x69, 0x73, 0x20, 0x74, 0x79, 0x70, 0x65, 0x20, 0x6F, 0x66, 0x67, 0x69, 0x76, 0x65, 0x6E, 0x20, 0x74, 0x6F, 0x20, 0x74, 0x68, 0x65, 0x74, 0x68, 0x65, 0x20,
        0x74, 0x69, 0x74, 0x6C, 0x65, 0x20, 0x6F, 0x66, 0x63, 0x6F, 0x6E, 0x74, 0x61, 0x69, 0x6E, 0x73, 0x20, 0x74, 0x68, 0x65, 0x69, 0x6E, 0x73, 0x74, 0x61, 0x6E, 0x63, 0x65, 0x73, 0x20, 0x6F, 0x66,
        0x69, 0x6E, 0x20, 0x74, 0x68, 0x65, 0x20, 0x6E, 0x6F, 0x72, 0x74, 0x68, 0x64, 0x75, 0x65, 0x20, 0x74, 0x6F, 0x20, 0x74, 0x68, 0x65, 0x69, 0x72, 0x61, 0x72, 0x65, 0x20, 0x64, 0x65, 0x73, 0x69,
        0x67, 0x6E, 0x65, 0x64, 0x63, 0x6F, 0x72, 0x70, 0x6F, 0x72, 0x61, 0x74, 0x69, 0x6F, 0x6E, 0x73, 0x77, 0x61, 0x73, 0x20, 0x74, 0x68, 0x61, 0x74, 0x20, 0x74, 0x68, 0x65, 0x6F, 0x6E, 0x65, 0x20,
        0x6F, 0x66, 0x20, 0x74, 0x68, 0x65, 0x73, 0x65, 0x6D, 0x6F, 0x72, 0x65, 0x20, 0x70, 0x6F, 0x70, 0x75, 0x6C, 0x61, 0x72, 0x73, 0x75, 0x63, 0x63, 0x65, 0x65, 0x64, 0x65, 0x64, 0x20, 0x69, 0x6E,
        0x73, 0x75, 0x70, 0x70, 0x6F, 0x72, 0x74, 0x20, 0x66, 0x72, 0x6F, 0x6D, 0x69, 0x6E, 0x20, 0x64, 0x69, 0x66, 0x66, 0x65, 0x72, 0x65, 0x6E, 0x74, 0x64, 0x6F, 0x6D, 0x69, 0x6E, 0x61, 0x74, 0x65,
        0x64, 0x20, 0x62, 0x79, 0x64, 0x65, 0x73, 0x69, 0x67, 0x6E, 0x65, 0x64, 0x20, 0x66, 0x6F, 0x72, 0x6F, 0x77, 0x6E, 0x65, 0x72, 0x73, 0x68, 0x69, 0x70, 0x20, 0x6F, 0x66, 0x61, 0x6E, 0x64, 0x20,
        0x70, 0x6F, 0x73, 0x73, 0x69, 0x62, 0x6C, 0x79, 0x73, 0x74, 0x61, 0x6E, 0x64, 0x61, 0x72, 0x64, 0x69, 0x7A, 0x65, 0x64, 0x72, 0x65, 0x73, 0x70, 0x6F, 0x6E, 0x73, 0x65, 0x54, 0x65, 0x78, 0x74,
        0x77, 0x61, 0x73, 0x20, 0x69, 0x6E, 0x74, 0x65, 0x6E, 0x64, 0x65, 0x64, 0x72, 0x65, 0x63, 0x65, 0x69, 0x76, 0x65, 0x64, 0x20, 0x74, 0x68, 0x65, 0x61, 0x73, 0x73, 0x75, 0x6D, 0x65, 0x64, 0x20,
        0x74, 0x68, 0x61, 0x74, 0x61, 0x72, 0x65, 0x61, 0x73, 0x20, 0x6F, 0x66, 0x20, 0x74, 0x68, 0x65, 0x70, 0x72, 0x69, 0x6D, 0x61, 0x72, 0x69, 0x6C, 0x79, 0x20, 0x69, 0x6E, 0x74, 0x68, 0x65, 0x20,
        0x62, 0x61, 0x73, 0x69, 0x73, 0x20, 0x6F, 0x66, 0x69, 0x6E, 0x20, 0x74, 0x68, 0x65, 0x20, 0x73, 0x65, 0x6E, 0x73, 0x65, 0x61, 0x63, 0x63, 0x6F, 0x75, 0x6E, 0x74, 0x73, 0x20, 0x66, 0x6F, 0x72,
        0x64, 0x65, 0x73, 0x74, 0x72, 0x6F, 0x79, 0x65, 0x64, 0x20, 0x62, 0x79, 0x61, 0x74, 0x20, 0x6C, 0x65, 0x61, 0x73, 0x74, 0x20, 0x74, 0x77, 0x6F, 0x77, 0x61, 0x73, 0x20, 0x64, 0x65, 0x63, 0x6C,
        0x61, 0x72, 0x65, 0x64, 0x63, 0x6F, 0x75, 0x6C, 0x64, 0x20, 0x6E, 0x6F, 0x74, 0x20, 0x62, 0x65, 0x53, 0x65, 0x63, 0x72, 0x65, 0x74, 0x61, 0x72, 0x79, 0x20, 0x6F, 0x66, 0x61, 0x70, 0x70, 0x65,
        0x61, 0x72, 0x20, 0x74, 0x6F, 0x20, 0x62, 0x65, 0x6D, 0x61, 0x72, 0x67, 0x69, 0x6E, 0x2D, 0x74, 0x6F, 0x70, 0x3A, 0x31, 0x2F, 0x5E, 0x5C, 0x73, 0x2B, 0x7C, 0x5C, 0x73, 0x2B, 0x24, 0x2F, 0x67,
        0x65, 0x29, 0x7B, 0x74, 0x68, 0x72, 0x6F, 0x77, 0x20, 0x65, 0x7D, 0x3B, 0x74, 0x68, 0x65, 0x20, 0x73, 0x74, 0x61, 0x72, 0x74, 0x20, 0x6F, 0x66, 0x74, 0x77, 0x6F, 0x20, 0x73, 0x65, 0x70, 0x61,
        0x72, 0x61, 0x74, 0x65, 0x6C, 0x61, 0x6E, 0x67, 0x75, 0x61, 0x67, 0x65, 0x20, 0x61, 0x6E, 0x64, 0x77, 0x68, 0x6F, 0x20, 0x68, 0x61, 0x64, 0x20, 0x62, 0x65, 0x65, 0x6E, 0x6F, 0x70, 0x65, 0x72,
        0x61, 0x74, 0x69, 0x6F, 0x6E, 0x20, 0x6F, 0x66, 0x64, 0x65, 0x61, 0x74, 0x68, 0x20, 0x6F, 0x66, 0x20, 0x74, 0x68, 0x65, 0x72, 0x65, 0x61, 0x6C, 0x20, 0x6E, 0x75, 0x6D, 0x62, 0x65, 0x72, 0x73,
        0x09, 0x3C, 0x6C, 0x69, 0x6E, 0x6B, 0x20, 0x72, 0x65, 0x6C, 0x3D, 0x22, 0x70, 0x72, 0x6F, 0x76, 0x69, 0x64, 0x65, 0x64, 0x20, 0x74, 0x68, 0x65, 0x74, 0x68, 0x65, 0x20, 0x73, 0x74, 0x6F, 0x72,
        0x79, 0x20, 0x6F, 0x66, 0x63, 0x6F, 0x6D, 0x70, 0x65, 0x74, 0x69, 0x74, 0x69, 0x6F, 0x6E, 0x73, 0x65, 0x6E, 0x67, 0x6C, 0x69, 0x73, 0x68, 0x20, 0x28, 0x55, 0x4B, 0x29, 0x65, 0x6E, 0x67, 0x6C,
        0x69, 0x73, 0x68, 0x20, 0x28, 0x55, 0x53, 0x29, 0xD0, 0x9C, 0xD0, 0xBE, 0xD0, 0xBD, 0xD0, 0xB3, 0xD0, 0xBE, 0xD0, 0xBB, 0xD0, 0xA1, 0xD1, 0x80, 0xD0, 0xBF, 0xD1, 0x81, 0xD0, 0xBA, 0xD0, 0xB8,
        0xD1, 0x81, 0xD1, 0x80, 0xD0, 0xBF, 0xD1, 0x81, 0xD0, 0xBA, 0xD0, 0xB8, 0xD1, 0x81, 0xD1, 0x80, 0xD0, 0xBF, 0xD1, 0x81, 0xD0, 0xBA, 0xD0, 0xBE, 0xD9, 0x84, 0xD8, 0xB9, 0xD8, 0xB1, 0xD8, 0xA8,
        0xD9, 0x8A, 0xD8, 0xA9, 0xE6, 0xAD, 0xA3, 0xE9, 0xAB, 0x94, 0xE4, 0xB8, 0xAD, 0xE6, 0x96, 0x87, 0xE7, 0xAE, 0x80, 0xE4, 0xBD, 0x93, 0xE4, 0xB8, 0xAD, 0xE6, 0x96, 0x87, 0xE7, 0xB9, 0x81, 0xE4,
        0xBD, 0x93, 0xE4, 0xB8, 0xAD, 0xE6, 0x96, 0x87, 0xE6, 0x9C, 0x89, 0xE9, 0x99, 0x90, 0xE5, 0x85, 0xAC, 0xE5, 0x8F, 0xB8, 0xE4, 0xBA, 0xBA, 0xE6, 0xB0, 0x91, 0xE6, 0x94, 0xBF, 0xE5, 0xBA, 0x9C,
        0xE9, 0x98, 0xBF, 0xE9, 0x87, 0x8C, 0xE5, 0xB7, 0xB4, 0xE5, 0xB7, 0xB4, 0xE7, 0xA4, 0xBE, 0xE4, 0xBC, 0x9A, 0xE4, 0xB8, 0xBB, 0xE4, 0xB9, 0x89, 0xE6, 0x93, 0x8D, 0xE4, 0xBD, 0x9C, 0xE7, 0xB3,
        0xBB, 0xE7, 0xBB, 0x9F, 0xE6, 0x94, 0xBF, 0xE7, 0xAD, 0x96, 0xE6, 0xB3, 0x95, 0xE8, 0xA7, 0x84, 0x69, 0x6E, 0x66, 0x6F, 0x72, 0x6D, 0x61, 0x63, 0x69, 0xC3, 0xB3, 0x6E, 0x68, 0x65, 0x72, 0x72,
        0x61, 0x6D, 0x69, 0x65, 0x6E, 0x74, 0x61, 0x73, 0x65, 0x6C, 0x65, 0x63, 0x74, 0x72, 0xC3, 0xB3, 0x6E, 0x69, 0x63, 0x6F, 0x64, 0x65, 0x73, 0x63, 0x72, 0x69, 0x70, 0x63, 0x69, 0xC3, 0xB3, 0x6E,
        0x63, 0x6C, 0x61, 0x73, 0x69, 0x66, 0x69, 0x63, 0x61, 0x64, 0x6F, 0x73, 0x63, 0x6F, 0x6E, 0x6F, 0x63, 0x69, 0x6D, 0x69, 0x65, 0x6E, 0x74, 0x6F, 0x70, 0x75, 0x62, 0x6C, 0x69, 0x63, 0x61, 0x63,
        0x69, 0xC3, 0xB3, 0x6E, 0x72, 0x65, 0x6C, 0x61, 0x63, 0x69, 0x6F, 0x6E, 0x61, 0x64, 0x61, 0x73, 0x69, 0x6E, 0x66, 0x6F, 0x72, 0x6D, 0xC3, 0xA1, 0x74, 0x69, 0x63, 0x61, 0x72, 0x65, 0x6C, 0x61,
        0x63, 0x69, 0x6F, 0x6E, 0x61, 0x64, 0x6F, 0x73, 0x64, 0x65, 0x70, 0x61, 0x72, 0x74, 0x61, 0x6D, 0x65, 0x6E, 0x74, 0x6F, 0x74, 0x72, 0x61, 0x62, 0x61, 0x6A, 0x61, 0x64, 0x6F, 0x72, 0x65, 0x73,
        0x64, 0x69, 0x72, 0x65, 0x63, 0x74, 0x61, 0x6D, 0x65, 0x6E, 0x74, 0x65, 0x61, 0x79, 0x75, 0x6E, 0x74, 0x61, 0x6D, 0x69, 0x65, 0x6E, 0x74, 0x6F, 0x6D, 0x65, 0x72, 0x63, 0x61, 0x64, 0x6F, 0x4C,
        0x69, 0x62, 0x72, 0x65, 0x63, 0x6F, 0x6E, 0x74, 0xC3, 0xA1, 0x63, 0x74, 0x65, 0x6E, 0x6F, 0x73, 0x68, 0x61, 0x62, 0x69, 0x74, 0x61, 0x63, 0x69, 0x6F, 0x6E, 0x65, 0x73, 0x63, 0x75, 0x6D, 0x70,
        0x6C, 0x69, 0x6D, 0x69, 0x65, 0x6E, 0x74, 0x6F, 0x72, 0x65, 0x73, 0x74, 0x61, 0x75, 0x72, 0x61, 0x6E, 0x74, 0x65, 0x73, 0x64, 0x69, 0x73, 0x70, 0x6F, 0x73, 0x69, 0x63, 0x69, 0xC3, 0xB3, 0x6E,
        0x63, 0x6F, 0x6E, 0x73, 0x65, 0x63, 0x75, 0x65, 0x6E, 0x63, 0x69, 0x61, 0x65, 0x6C, 0x65, 0x63, 0x74, 0x72, 0xC3, 0xB3, 0x6E, 0x69, 0x63, 0x61, 0x61, 0x70, 0x6C, 0x69, 0x63, 0x61, 0x63, 0x69,
        0x6F, 0x6E, 0x65, 0x73, 0x64, 0x65, 0x73, 0x63, 0x6F, 0x6E, 0x65, 0x63, 0x74, 0x61, 0x64, 0x6F, 0x69, 0x6E, 0x73, 0x74, 0x61, 0x6C, 0x61, 0x63, 0x69, 0xC3, 0xB3, 0x6E, 0x72, 0x65, 0x61, 0x6C,
        0x69, 0x7A, 0x61, 0x63, 0x69, 0xC3, 0xB3, 0x6E, 0x75, 0x74, 0x69, 0x6C, 0x69, 0x7A, 0x61, 0x63, 0x69, 0xC3, 0xB3, 0x6E, 0x65, 0x6E, 0x63, 0x69, 0x63, 0x6C, 0x6F, 0x70, 0x65, 0x64, 0x69, 0x61,
        0x65, 0x6E, 0x66, 0x65, 0x72, 0x6D, 0x65, 0x64, 0x61, 0x64, 0x65, 0x73, 0x69, 0x6E, 0x73, 0x74, 0x72, 0x75, 0x6D, 0x65, 0x6E, 0x74, 0x6F, 0x73, 0x65, 0x78, 0x70, 0x65, 0x72, 0x69, 0x65, 0x6E,
        0x63, 0x69, 0x61, 0x73, 0x69, 0x6E, 0x73, 0x74, 0x69, 0x74, 0x75, 0x63, 0x69, 0xC3, 0xB3, 0x6E, 0x70, 0x61, 0x72, 0x74, 0x69, 0x63, 0x75, 0x6C, 0x61, 0x72, 0x65, 0x73, 0x73, 0x75, 0x62, 0x63,
        0x61, 0x74, 0x65, 0x67, 0x6F, 0x72, 0x69, 0x61, 0xD1, 0x82, 0xD0, 0xBE, 0xD0, 0xBB, 0xD1, 0x8C, 0xD0, 0xBA, 0xD0, 0xBE, 0xD0, 0xA0, 0xD0, 0xBE, 0xD1, 0x81, 0xD1, 0x81, 0xD0, 0xB8, 0xD0, 0xB8,
        0xD1, 0x80, 0xD0, 0xB0, 0xD0, 0xB1, 0xD0, 0xBE, 0xD1, 0x82, 0xD1, 0x8B, 0xD0, 0xB1, 0xD0, 0xBE, 0xD0, 0xBB, 0xD1, 0x8C, 0xD1, 0x88, 0xD0, 0xB5, 0xD0, 0xBF, 0xD1, 0x80, 0xD0, 0xBE, 0xD1, 0x81,
        0xD1, 0x82, 0xD0, 0xBE, 0xD0, 0xBC, 0xD0, 0xBE, 0xD0, 0xB6, 0xD0, 0xB5, 0xD1, 0x82, 0xD0, 0xB5, 0xD0, 0xB4, 0xD1, 0x80, 0xD1, 0x83, 0xD0, 0xB3, 0xD0, 0xB8, 0xD1, 0x85, 0xD1, 0x81, 0xD0, 0xBB,
        0xD1, 0x83, 0xD1, 0x87, 0xD0, 0xB0, 0xD0, 0xB5, 0xD1, 0x81, 0xD0, 0xB5, 0xD0, 0xB9, 0xD1, 0x87, 0xD0, 0xB0, 0xD1, 0x81, 0xD0, 0xB2, 0xD1, 0x81, 0xD0, 0xB5, 0xD0, 0xB3, 0xD0, 0xB4, 0xD0, 0xB0,
        0xD0, 0xA0, 0xD0, 0xBE, 0xD1, 0x81, 0xD1, 0x81, 0xD0, 0xB8, 0xD1, 0x8F, 0xD0, 0x9C, 0xD0, 0xBE, 0xD1, 0x81, 0xD0, 0xBA, 0xD0, 0xB2, 0xD0, 0xB5, 0xD0, 0xB4, 0xD1, 0x80, 0xD1, 0x83, 0xD0, 0xB3,
        0xD0, 0xB8, 0xD0, 0xB5, 0xD0, 0xB3, 0xD0, 0xBE, 0xD1, 0x80, 0xD0, 0xBE, 0xD0, 0xB4, 0xD0, 0xB0, 0xD0, 0xB2, 0xD0, 0xBE, 0xD0, 0xBF, 0xD1, 0x80, 0xD0, 0xBE, 0xD1, 0x81, 0xD0, 0xB4, 0xD0, 0xB0,
        0xD0, 0xBD, 0xD0, 0xBD, 0xD1, 0x8B, 0xD1, 0x85, 0xD0, 0xB4, 0xD0, 0xBE, 0xD0, 0xBB, 0xD0, 0xB6, 0xD0, 0xBD, 0xD1, 0x8B, 0xD0, 0xB8, 0xD0, 0xBC, 0xD0, 0xB5, 0xD0, 0xBD, 0xD0, 0xBD, 0xD0, 0xBE,
        0xD0, 0x9C, 0xD0, 0xBE, 0xD1, 0x81, 0xD0, 0xBA, 0xD0, 0xB2, 0xD1, 0x8B, 0xD1, 0x80, 0xD1, 0x83, 0xD0, 0xB1, 0xD0, 0xBB, 0xD0, 0xB5, 0xD0, 0xB9, 0xD0, 0x9C, 0xD0, 0xBE, 0xD1, 0x81, 0xD0, 0xBA,
        0xD0, 0xB2, 0xD0, 0xB0, 0xD1, 0x81, 0xD1, 0x82, 0xD1, 0x80, 0xD0, 0xB0, 0xD0, 0xBD, 0xD1, 0x8B, 0xD0, 0xBD, 0xD0, 0xB8, 0xD1, 0x87, 0xD0, 0xB5, 0xD0, 0xB3, 0xD0, 0xBE, 0xD1, 0x80, 0xD0, 0xB0,
        0xD0, 0xB1, 0xD0, 0xBE, 0xD1, 0x82, 0xD0, 0xB5, 0xD0, 0xB4, 0xD0, 0xBE, 0xD0, 0xBB, 0xD0, 0xB6, 0xD0, 0xB5, 0xD0, 0xBD, 0xD1, 0x83, 0xD1, 0x81, 0xD0, 0xBB, 0xD1, 0x83, 0xD0, 0xB3, 0xD0, 0xB8,
        0xD1, 0x82, 0xD0, 0xB5, 0xD0, 0xBF, 0xD0, 0xB5, 0xD1, 0x80, 0xD1, 0x8C, 0xD0, 0x9E, 0xD0, 0xB4, 0xD0, 0xBD, 0xD0, 0xB0, 0xD0, 0xBA, 0xD0, 0xBE, 0xD0, 0xBF, 0xD0, 0xBE, 0xD1, 0x82, 0xD0, 0xBE,
        0xD0, 0xBC, 0xD1, 0x83, 0xD1, 0x80, 0xD0, 0xB0, 0xD0, 0xB1, 0xD0, 0xBE, 0xD1, 0x82, 0xD1, 0x83, 0xD0, 0xB0, 0xD0, 0xBF, 0xD1, 0x80, 0xD0, 0xB5, 0xD0, 0xBB, 0xD1, 0x8F, 0xD0, 0xB2, 0xD0, 0xBE,
        0xD0, 0xBE, 0xD0, 0xB1, 0xD1, 0x89, 0xD0, 0xB5, 0xD0, 0xBE, 0xD0, 0xB4, 0xD0, 0xBD, 0xD0, 0xBE, 0xD0, 0xB3, 0xD0, 0xBE, 0xD1, 0x81, 0xD0, 0xB2, 0xD0, 0xBE, 0xD0, 0xB5, 0xD0, 0xB3, 0xD0, 0xBE,
        0xD1, 0x81, 0xD1, 0x82, 0xD0, 0xB0, 0xD1, 0x82, 0xD1, 0x8C, 0xD0, 0xB8, 0xD0, 0xB4, 0xD1, 0x80, 0xD1, 0x83, 0xD0, 0xB3, 0xD0, 0xBE, 0xD0, 0xB9, 0xD1, 0x84, 0xD0, 0xBE, 0xD1, 0x80, 0xD1, 0x83,
        0xD0, 0xBC, 0xD0, 0xB5, 0xD1, 0x85, 0xD0, 0xBE, 0xD1, 0x80, 0xD0, 0xBE, 0xD1, 0x88, 0xD0, 0xBE, 0xD0, 0xBF, 0xD1, 0x80, 0xD0, 0xBE, 0xD1, 0x82, 0xD0, 0xB8, 0xD0, 0xB2, 0xD1, 0x81, 0xD1, 0x81,
        0xD1, 0x8B, 0xD0, 0xBB, 0xD0, 0xBA, 0xD0, 0xB0, 0xD0, 0xBA, 0xD0, 0xB0, 0xD0, 0xB6, 0xD0, 0xB4, 0xD1, 0x8B, 0xD0, 0xB9, 0xD0, 0xB2, 0xD0, 0xBB, 0xD0, 0xB0, 0xD1, 0x81, 0xD1, 0x82, 0xD0, 0xB8,
        0xD0, 0xB3, 0xD1, 0x80, 0xD1, 0x83, 0xD0, 0xBF, 0xD0, 0xBF, 0xD1, 0x8B, 0xD0, 0xB2, 0xD0, 0xBC, 0xD0, 0xB5, 0xD1, 0x81, 0xD1, 0x82, 0xD0, 0xB5, 0xD1, 0x80, 0xD0, 0xB0, 0xD0, 0xB1, 0xD0, 0xBE,
        0xD1, 0x82, 0xD0, 0xB0, 0xD1, 0x81, 0xD0, 0xBA, 0xD0, 0xB0, 0xD0, 0xB7, 0xD0, 0xB0, 0xD0, 0xBB, 0xD0, 0xBF, 0xD0, 0xB5, 0xD1, 0x80, 0xD0, 0xB2, 0xD1, 0x8B, 0xD0, 0xB9, 0xD0, 0xB4, 0xD0, 0xB5,
        0xD0, 0xBB, 0xD0, 0xB0, 0xD1, 0x82, 0xD1, 0x8C, 0xD0, 0xB4, 0xD0, 0xB5, 0xD0, 0xBD, 0xD1, 0x8C, 0xD0, 0xB3, 0xD0, 0xB8, 0xD0, 0xBF, 0xD0, 0xB5, 0xD1, 0x80, 0xD0, 0xB8, 0xD0, 0xBE, 0xD0, 0xB4,
        0xD0, 0xB1, 0xD0, 0xB8, 0xD0, 0xB7, 0xD0, 0xBD, 0xD0, 0xB5, 0xD1, 0x81, 0xD0, 0xBE, 0xD1, 0x81, 0xD0, 0xBD, 0xD0, 0xBE, 0xD0, 0xB2, 0xD0, 0xB5, 0xD0, 0xBC, 0xD0, 0xBE, 0xD0, 0xBC, 0xD0, 0xB5,
        0xD0, 0xBD, 0xD1, 0x82, 0xD0, 0xBA, 0xD1, 0x83, 0xD0, 0xBF, 0xD0, 0xB8, 0xD1, 0x82, 0xD1, 0x8C, 0xD0, 0xB4, 0xD0, 0xBE, 0xD0, 0xBB, 0xD0, 0xB6, 0xD0, 0xBD, 0xD0, 0xB0, 0xD1, 0x80, 0xD0, 0xB0,
        0xD0, 0xBC, 0xD0, 0xBA, 0xD0, 0xB0, 0xD1, 0x85, 0xD0, 0xBD, 0xD0, 0xB0, 0xD1, 0x87, 0xD0, 0xB0, 0xD0, 0xBB, 0xD0, 0xBE, 0xD0, 0xA0, 0xD0, 0xB0, 0xD0, 0xB1, 0xD0, 0xBE, 0xD1, 0x82, 0xD0, 0xB0,
        0xD0, 0xA2, 0xD0, 0xBE, 0xD0, 0xBB, 0xD1, 0x8C, 0xD0, 0xBA, 0xD0, 0xBE, 0xD1, 0x81, 0xD0, 0xBE, 0xD0, 0xB2, 0xD1, 0x81, 0xD0, 0xB5, 0xD0, 0xBC, 0xD0, 0xB2, 0xD1, 0x82, 0xD0, 0xBE, 0xD1, 0x80,
        0xD0, 0xBE, 0xD0, 0xB9, 0xD0, 0xBD, 0xD0, 0xB0, 0xD1, 0x87, 0xD0, 0xB0, 0xD0, 0xBB, 0xD0, 0xB0, 0xD1, 0x81, 0xD0, 0xBF, 0xD0, 0xB8, 0xD1, 0x81, 0xD0, 0xBE, 0xD0, 0xBA, 0xD1, 0x81, 0xD0, 0xBB,
        0xD1, 0x83, 0xD0, 0xB6, 0xD0, 0xB1, 0xD1, 0x8B, 0xD1, 0x81, 0xD0, 0xB8, 0xD1, 0x81, 0xD1, 0x82, 0xD0, 0xB5, 0xD0, 0xBC, 0xD0, 0xBF, 0xD0, 0xB5, 0xD1, 0x87, 0xD0, 0xB0, 0xD1, 0x82, 0xD0, 0xB8,
        0xD0, 0xBD, 0xD0, 0xBE, 0xD0, 0xB2, 0xD0, 0xBE, 0xD0, 0xB3, 0xD0, 0xBE, 0xD0, 0xBF, 0xD0, 0xBE, 0xD0, 0xBC, 0xD0, 0xBE, 0xD1, 0x89, 0xD0, 0xB8, 0xD1, 0x81, 0xD0, 0xB0, 0xD0, 0xB9, 0xD1, 0x82,
        0xD0, 0xBE, 0xD0, 0xB2, 0xD0, 0xBF, 0xD0, 0xBE, 0xD1, 0x87, 0xD0, 0xB5, 0xD0, 0xBC, 0xD1, 0x83, 0xD0, 0xBF, 0xD0, 0xBE, 0xD0, 0xBC, 0xD0, 0xBE, 0xD1, 0x89, 0xD1, 0x8C, 0xD0, 0xB4, 0xD0, 0xBE,
        0xD0, 0xBB, 0xD0, 0xB6, 0xD0, 0xBD, 0xD0, 0xBE, 0xD1, 0x81, 0xD1, 0x81, 0xD1, 0x8B, 0xD0, 0xBB, 0xD0, 0xBA, 0xD0, 0xB8, 0xD0, 0xB1, 0xD1, 0x8B, 0xD1, 0x81, 0xD1, 0x82, 0xD1, 0x80, 0xD0, 0xBE,
        0xD0, 0xB4, 0xD0, 0xB0, 0xD0, 0xBD, 0xD0, 0xBD, 0xD1, 0x8B, 0xD0, 0xB5, 0xD0, 0xBC, 0xD0, 0xBD, 0xD0, 0xBE, 0xD0, 0xB3, 0xD0, 0xB8, 0xD0, 0xB5, 0xD0, 0xBF, 0xD1, 0x80, 0xD0, 0xBE, 0xD0, 0xB5,
        0xD0, 0xBA, 0xD1, 0x82, 0xD0, 0xA1, 0xD0, 0xB5, 0xD0, 0xB9, 0xD1, 0x87, 0xD0, 0xB0, 0xD1, 0x81, 0xD0, 0xBC, 0xD0, 0xBE, 0xD0, 0xB4, 0xD0, 0xB5, 0xD0, 0xBB, 0xD0, 0xB8, 0xD1, 0x82, 0xD0, 0xB0,
        0xD0, 0xBA, 0xD0, 0xBE, 0xD0, 0xB3, 0xD0, 0xBE, 0xD0, 0xBE, 0xD0, 0xBD, 0xD0, 0xBB, 0xD0, 0xB0, 0xD0, 0xB9, 0xD0, 0xBD, 0xD0, 0xB3, 0xD0, 0xBE, 0xD1, 0x80, 0xD0, 0xBE, 0xD0, 0xB4, 0xD0, 0xB5,
        0xD0, 0xB2, 0xD0, 0xB5, 0xD1, 0x80, 0xD1, 0x81, 0xD0, 0xB8, 0xD1, 0x8F, 0xD1, 0x81, 0xD1, 0x82, 0xD1, 0x80, 0xD0, 0xB0, 0xD0, 0xBD, 0xD0, 0xB5, 0xD1, 0x84, 0xD0, 0xB8, 0xD0, 0xBB, 0xD1, 0x8C,
        0xD0, 0xBC, 0xD1, 0x8B, 0xD1, 0x83, 0xD1, 0x80, 0xD0, 0xBE, 0xD0, 0xB2, 0xD0, 0xBD, 0xD1, 0x8F, 0xD1, 0x80, 0xD0, 0xB0, 0xD0, 0xB7, 0xD0, 0xBD, 0xD1, 0x8B, 0xD1, 0x85, 0xD0, 0xB8, 0xD1, 0x81,
        0xD0, 0xBA, 0xD0, 0xB0, 0xD1, 0x82, 0xD1, 0x8C, 0xD0, 0xBD, 0xD0, 0xB5, 0xD0, 0xB4, 0xD0, 0xB5, 0xD0, 0xBB, 0xD1, 0x8E, 0xD1, 0x8F, 0xD0, 0xBD, 0xD0, 0xB2, 0xD0, 0xB0, 0xD1, 0x80, 0xD1, 0x8F,
        0xD0, 0xBC, 0xD0, 0xB5, 0xD0, 0xBD, 0xD1, 0x8C, 0xD1, 0x88, 0xD0, 0xB5, 0xD0, 0xBC, 0xD0, 0xBD, 0xD0, 0xBE, 0xD0, 0xB3, 0xD0, 0xB8, 0xD1, 0x85, 0xD0, 0xB4, 0xD0, 0xB0, 0xD0, 0xBD, 0xD0, 0xBD,
        0xD0, 0xBE, 0xD0, 0xB9, 0xD0, 0xB7, 0xD0, 0xBD, 0xD0, 0xB0, 0xD1, 0x87, 0xD0, 0xB8, 0xD1, 0x82, 0xD0, 0xBD, 0xD0, 0xB5, 0xD0, 0xBB, 0xD1, 0x8C, 0xD0, 0xB7, 0xD1, 0x8F, 0xD1, 0x84, 0xD0, 0xBE,
        0xD1, 0x80, 0xD1, 0x83, 0xD0, 0xBC, 0xD0, 0xB0, 0xD0, 0xA2, 0xD0, 0xB5, 0xD0, 0xBF, 0xD0, 0xB5, 0xD1, 0x80, 0xD1, 0x8C, 0xD0, 0xBC, 0xD0, 0xB5, 0xD1, 0x81, 0xD1, 0x8F, 0xD1, 0x86, 0xD0, 0xB0,
        0xD0, 0xB7, 0xD0, 0xB0, 0xD1, 0x89, 0xD0, 0xB8, 0xD1, 0x82, 0xD1, 0x8B, 0xD0, 0x9B, 0xD1, 0x83, 0xD1, 0x87, 0xD1, 0x88, 0xD0, 0xB8, 0xD0, 0xB5, 0xE0, 0xA4, 0xA8, 0xE0, 0xA4, 0xB9, 0xE0, 0xA5,
        0x80, 0xE0, 0xA4, 0x82, 0xE0, 0xA4, 0x95, 0xE0, 0xA4, 0xB0, 0xE0, 0xA4, 0xA8, 0xE0, 0xA5, 0x87, 0xE0, 0xA4, 0x85, 0xE0, 0xA4, 0xAA, 0xE0, 0xA4, 0xA8, 0xE0, 0xA5, 0x87, 0xE0, 0xA4, 0x95, 0xE0,
        0xA4, 0xBF, 0xE0, 0xA4, 0xAF, 0xE0, 0xA4, 0xBE, 0xE0, 0xA4, 0x95, 0xE0, 0xA4, 0xB0, 0xE0, 0xA5, 0x87, 0xE0, 0xA4, 0x82, 0xE0, 0xA4, 0x85, 0xE0, 0xA4, 0xA8, 0xE0, 0xA5, 0x8D, 0xE0, 0xA4, 0xAF,
        0xE0, 0xA4, 0x95, 0xE0, 0xA5, 0x8D, 0xE0, 0xA4, 0xAF, 0xE0, 0xA4, 0xBE, 0xE0, 0xA4, 0x97, 0xE0, 0xA4, 0xBE, 0xE0, 0xA4, 0x87, 0xE0, 0xA4, 0xA1, 0xE0, 0xA4, 0xAC, 0xE0, 0xA4, 0xBE, 0xE0, 0xA4,
        0xB0, 0xE0, 0xA5, 0x87, 0xE0, 0xA4, 0x95, 0xE0, 0xA4, 0xBF, 0xE0, 0xA4, 0xB8, 0xE0, 0xA5, 0x80, 0xE0, 0xA4, 0xA6, 0xE0, 0xA4, 0xBF, 0xE0, 0xA4, 0xAF, 0xE0, 0xA4, 0xBE, 0xE0, 0xA4, 0xAA, 0xE0,
        0xA4, 0xB9, 0xE0, 0xA4, 0xB2, 0xE0, 0xA5, 0x87, 0xE0, 0xA4, 0xB8, 0xE0, 0xA4, 0xBF, 0xE0, 0xA4, 0x82, 0xE0, 0xA4, 0xB9, 0xE0, 0xA4, 0xAD, 0xE0, 0xA4, 0xBE, 0xE0, 0xA4, 0xB0, 0xE0, 0xA4, 0xA4,
        0xE0, 0xA4, 0x85, 0xE0, 0xA4, 0xAA, 0xE0, 0xA4, 0xA8, 0xE0, 0xA5, 0x80, 0xE0, 0xA4, 0xB5, 0xE0, 0xA4, 0xBE, 0xE0, 0xA4, 0xB2, 0xE0, 0xA5, 0x87, 0xE0, 0xA4, 0xB8, 0xE0, 0xA5, 0x87, 0xE0, 0xA4,
        0xB5, 0xE0, 0xA4, 0xBE, 0xE0, 0xA4, 0x95, 0xE0, 0xA4, 0xB0, 0xE0, 0xA4, 0xA4, 0xE0, 0xA5, 0x87, 0xE0, 0xA4, 0xAE, 0xE0, 0xA5, 0x87, 0xE0, 0xA4, 0xB0, 0xE0, 0xA5, 0x87, 0xE0, 0xA4, 0xB9, 0xE0,
        0xA5, 0x8B, 0xE0, 0xA4, 0xA8, 0xE0, 0xA5, 0x87, 0xE0, 0xA4, 0xB8, 0xE0, 0xA4, 0x95, 0xE0, 0xA4, 0xA4, 0xE0, 0xA5, 0x87, 0xE0, 0xA4, 0xAC, 0xE0, 0xA4, 0xB9, 0xE0, 0xA5, 0x81, 0xE0, 0xA4, 0xA4,
        0xE0, 0xA4, 0xB8, 0xE0, 0xA4, 0xBE, 0xE0, 0xA4, 0x87, 0xE0, 0xA4, 0x9F, 0xE0, 0xA4, 0xB9, 0xE0, 0xA5, 0x8B, 0xE0, 0xA4, 0x97, 0xE0, 0xA4, 0xBE, 0xE0, 0xA4, 0x9C, 0xE0, 0xA4, 0xBE, 0xE0, 0xA4,
        0xA8, 0xE0, 0xA5, 0x87, 0xE0, 0xA4, 0xAE, 0xE0, 0xA4, 0xBF, 0xE0, 0xA4, 0xA8, 0xE0, 0xA4, 0x9F, 0xE0, 0xA4, 0x95, 0xE0, 0xA4, 0xB0, 0xE0, 0xA4, 0xA4, 0xE0, 0xA4, 0xBE, 0xE0, 0xA4, 0x95, 0xE0,
        0xA4, 0xB0, 0xE0, 0xA4, 0xA8, 0xE0, 0xA4, 0xBE, 0xE0, 0xA4, 0x89, 0xE0, 0xA4, 0xA8, 0xE0, 0xA4, 0x95, 0xE0, 0xA5, 0x87, 0xE0, 0xA4, 0xAF, 0xE0, 0xA4, 0xB9, 0xE0, 0xA4, 0xBE, 0xE0, 0xA4, 0x81,
        0xE0, 0xA4, 0xB8, 0xE0, 0xA4, 0xAC, 0xE0, 0xA4, 0xB8, 0xE0, 0xA5, 0x87, 0xE0, 0xA4, 0xAD, 0xE0, 0xA4, 0xBE, 0xE0, 0xA4, 0xB7, 0xE0, 0xA4, 0xBE, 0xE0, 0xA4, 0x86, 0xE0, 0xA4, 0xAA, 0xE0, 0xA4,
        0x95, 0xE0, 0xA5, 0x87, 0xE0, 0xA4, 0xB2, 0xE0, 0xA4, 0xBF, 0xE0, 0xA4, 0xAF, 0xE0, 0xA5, 0x87, 0xE0, 0xA4, 0xB6, 0xE0, 0xA5, 0x81, 0xE0, 0xA4, 0xB0, 0xE0, 0xA5, 0x82, 0xE0, 0xA4, 0x87, 0xE0,
        0xA4, 0xB8, 0xE0, 0xA4, 0x95, 0xE0, 0xA5, 0x87, 0xE0, 0xA4, 0x98, 0xE0, 0xA4, 0x82, 0xE0, 0xA4, 0x9F, 0xE0, 0xA5, 0x87, 0xE0, 0xA4, 0xAE, 0xE0, 0xA5, 0x87, 0xE0, 0xA4, 0xB0, 0xE0, 0xA5, 0x80,
        0xE0, 0xA4, 0xB8, 0xE0, 0xA4, 0x95, 0xE0, 0xA4, 0xA4, 0xE0, 0xA4, 0xBE, 0xE0, 0xA4, 0xAE, 0xE0, 0xA5, 0x87, 0xE0, 0xA4, 0xB0, 0xE0, 0xA4, 0xBE, 0xE0, 0xA4, 0xB2, 0xE0, 0xA5, 0x87, 0xE0, 0xA4,
        0x95, 0xE0, 0xA4, 0xB0, 0xE0, 0xA4, 0x85, 0xE0, 0xA4, 0xA7, 0xE0, 0xA4, 0xBF, 0xE0, 0xA4, 0x95, 0xE0, 0xA4, 0x85, 0xE0, 0xA4, 0xAA, 0xE0, 0xA4, 0xA8, 0xE0, 0xA4, 0xBE, 0xE0, 0xA4, 0xB8, 0xE0,
        0xA4, 0xAE, 0xE0, 0xA4, 0xBE, 0xE0, 0xA4, 0x9C, 0xE0, 0xA4, 0xAE, 0xE0, 0xA5, 0x81, 0xE0, 0xA4, 0x9D, 0xE0, 0xA5, 0x87, 0xE0, 0xA4, 0x95, 0xE0, 0xA4, 0xBE, 0xE0, 0xA4, 0xB0, 0xE0, 0xA4, 0xA3,
        0xE0, 0xA4, 0xB9, 0xE0, 0xA5, 0x8B, 0xE0, 0xA4, 0xA4, 0xE0, 0xA4, 0xBE, 0xE0, 0xA4, 0x95, 0xE0, 0xA4, 0xA1, 0xE0, 0xA4, 0xBC, 0xE0, 0xA5, 0x80, 0xE0, 0xA4, 0xAF, 0xE0, 0xA4, 0xB9, 0xE0, 0xA4,
        0xBE, 0xE0, 0xA4, 0x82, 0xE0, 0xA4, 0xB9, 0xE0, 0xA5, 0x8B, 0xE0, 0xA4, 0x9F, 0xE0, 0xA4, 0xB2, 0xE0, 0xA4, 0xB6, 0xE0, 0xA4, 0xAC, 0xE0, 0xA5, 0x8D, 0xE0, 0xA4, 0xA6, 0xE0, 0xA4, 0xB2, 0xE0,
        0xA4, 0xBF, 0xE0, 0xA4, 0xAF, 0xE0, 0xA4, 0xBE, 0xE0, 0xA4, 0x9C, 0xE0, 0xA5, 0x80, 0xE0, 0xA4, 0xB5, 0xE0, 0xA4, 0xA8, 0xE0, 0xA4, 0x9C, 0xE0, 0xA4, 0xBE, 0xE0, 0xA4, 0xA4, 0xE0, 0xA4, 0xBE,
        0xE0, 0xA4, 0x95, 0xE0, 0xA5, 0x88, 0xE0, 0xA4, 0xB8, 0xE0, 0xA5, 0x87, 0xE0, 0xA4, 0x86, 0xE0, 0xA4, 0xAA, 0xE0, 0xA4, 0x95, 0xE0, 0xA4, 0xBE, 0xE0, 0xA4, 0xB5, 0xE0, 0xA4, 0xBE, 0xE0, 0xA4,
        0xB2, 0xE0, 0xA5, 0x80, 0xE0, 0xA4, 0xA6, 0xE0, 0xA5, 0x87, 0xE0, 0xA4, 0xA8, 0xE0, 0xA5, 0x87, 0xE0, 0xA4, 0xAA, 0xE0, 0xA5, 0x82, 0xE0, 0xA4, 0xB0, 0xE0, 0xA5, 0x80, 0xE0, 0xA4, 0xAA, 0xE0,
        0xA4, 0xBE, 0xE0, 0xA4, 0xA8, 0xE0, 0xA5, 0x80, 0xE0, 0xA4, 0x89, 0xE0, 0xA4, 0xB8, 0xE0, 0xA4, 0x95, 0xE0, 0xA5, 0x87, 0xE0, 0xA4, 0xB9, 0xE0, 0xA5, 0x8B, 0xE0, 0xA4, 0x97, 0xE0, 0xA5, 0x80,
        0xE0, 0xA4, 0xAC, 0xE0, 0xA5, 0x88, 0xE0, 0xA4, 0xA0, 0xE0, 0xA4, 0x95, 0xE0, 0xA4, 0x86, 0xE0, 0xA4, 0xAA, 0xE0, 0xA4, 0x95, 0xE0, 0xA5, 0x80, 0xE0, 0xA4, 0xB5, 0xE0, 0xA4, 0xB0, 0xE0, 0xA5,
        0x8D, 0xE0, 0xA4, 0xB7, 0xE0, 0xA4, 0x97, 0xE0, 0xA4, 0xBE, 0xE0, 0xA4, 0x82, 0xE0, 0xA4, 0xB5, 0xE0, 0xA4, 0x86, 0xE0, 0xA4, 0xAA, 0xE0, 0xA4, 0x95, 0xE0, 0xA5, 0x8B, 0xE0, 0xA4, 0x9C, 0xE0,
        0xA4, 0xBF, 0xE0, 0xA4, 0xB2, 0xE0, 0xA4, 0xBE, 0xE0, 0xA4, 0x9C, 0xE0, 0xA4, 0xBE, 0xE0, 0xA4, 0xA8, 0xE0, 0xA4, 0xBE, 0xE0, 0xA4, 0xB8, 0xE0, 0xA4, 0xB9, 0xE0, 0xA4, 0xAE, 0xE0, 0xA4, 0xA4,
        0xE0, 0xA4, 0xB9, 0xE0, 0xA4, 0xAE, 0xE0, 0xA5, 0x87, 0xE0, 0xA4, 0x82, 0xE0, 0xA4, 0x89, 0xE0, 0xA4, 0xA8, 0xE0, 0xA4, 0x95, 0xE0, 0xA5, 0x80, 0xE0, 0xA4, 0xAF, 0xE0, 0xA4, 0xBE, 0xE0, 0xA4,
        0xB9, 0xE0, 0xA5, 0x82, 0xE0, 0xA4, 0xA6, 0xE0, 0xA4, 0xB0, 0xE0, 0xA5, 0x8D, 0xE0, 0xA4, 0x9C, 0xE0, 0xA4, 0xB8, 0xE0, 0xA5, 0x82, 0xE0, 0xA4, 0x9A, 0xE0, 0xA5, 0x80, 0xE0, 0xA4, 0xAA, 0xE0,
        0xA4, 0xB8, 0xE0, 0xA4, 0x82, 0xE0, 0xA4, 0xA6, 0xE0, 0xA4, 0xB8, 0xE0, 0xA4, 0xB5, 0xE0, 0xA4, 0xBE, 0xE0, 0xA4, 0xB2, 0xE0, 0xA4, 0xB9, 0xE0, 0xA5, 0x8B, 0xE0, 0xA4, 0xA8, 0xE0, 0xA4, 0xBE,
        0xE0, 0xA4, 0xB9, 0xE0, 0xA5, 0x8B, 0xE0, 0xA4, 0xA4, 0xE0, 0xA5, 0x80, 0xE0, 0xA4, 0x9C, 0xE0, 0xA5, 0x88, 0xE0, 0xA4, 0xB8, 0xE0, 0xA5, 0x87, 0xE0, 0xA4, 0xB5, 0xE0, 0xA4, 0xBE, 0xE0, 0xA4,
        0xAA, 0xE0, 0xA4, 0xB8, 0xE0, 0xA4, 0x9C, 0xE0, 0xA4, 0xA8, 0xE0, 0xA4, 0xA4, 0xE0, 0xA4, 0xBE, 0xE0, 0xA4, 0xA8, 0xE0, 0xA5, 0x87, 0xE0, 0xA4, 0xA4, 0xE0, 0xA4, 0xBE, 0xE0, 0xA4, 0x9C, 0xE0,
        0xA4, 0xBE, 0xE0, 0xA4, 0xB0, 0xE0, 0xA5, 0x80, 0xE0, 0xA4, 0x98, 0xE0, 0xA4, 0xBE, 0xE0, 0xA4, 0xAF, 0xE0, 0xA4, 0xB2, 0xE0, 0xA4, 0x9C, 0xE0, 0xA4, 0xBF, 0xE0, 0xA4, 0xB2, 0xE0, 0xA5, 0x87,
        0xE0, 0xA4, 0xA8, 0xE0, 0xA5, 0x80, 0xE0, 0xA4, 0x9A, 0xE0, 0xA5, 0x87, 0xE0, 0xA4, 0x9C, 0xE0, 0xA4, 0xBE, 0xE0, 0xA4, 0x82, 0xE0, 0xA4, 0x9A, 0xE0, 0xA4, 0xAA, 0xE0, 0xA4, 0xA4, 0xE0, 0xA5,
        0x8D, 0xE0, 0xA4, 0xB0, 0xE0, 0xA4, 0x97, 0xE0, 0xA5, 0x82, 0xE0, 0xA4, 0x97, 0xE0, 0xA4, 0xB2, 0xE0, 0xA4, 0x9C, 0xE0, 0xA4, 0xBE, 0xE0, 0xA4, 0xA4, 0xE0, 0xA5, 0x87, 0xE0, 0xA4, 0xAC, 0xE0,
        0xA4, 0xBE, 0xE0, 0xA4, 0xB9, 0xE0, 0xA4, 0xB0, 0xE0, 0xA4, 0x86, 0xE0, 0xA4, 0xAA, 0xE0, 0xA4, 0xA8, 0xE0, 0xA5, 0x87, 0xE0, 0xA4, 0xB5, 0xE0, 0xA4, 0xBE, 0xE0, 0xA4, 0xB9, 0xE0, 0xA4, 0xA8,
        0xE0, 0xA4, 0x87, 0xE0, 0xA4, 0xB8, 0xE0, 0xA4, 0x95, 0xE0, 0xA4, 0xBE, 0xE0, 0xA4, 0xB8, 0xE0, 0xA5, 0x81, 0xE0, 0xA4, 0xAC, 0xE0, 0xA4, 0xB9, 0xE0, 0xA4, 0xB0, 0xE0, 0xA4, 0xB9, 0xE0, 0xA4,
        0xA8, 0xE0, 0xA5, 0x87, 0xE0, 0xA4, 0x87, 0xE0, 0xA4, 0xB8, 0xE0, 0xA4, 0xB8, 0xE0, 0xA5, 0x87, 0xE0, 0xA4, 0xB8, 0xE0, 0xA4, 0xB9, 0xE0, 0xA4, 0xBF, 0xE0, 0xA4, 0xA4, 0xE0, 0xA4, 0xAC, 0xE0,
        0xA4, 0xA1, 0xE0, 0xA4, 0xBC, 0xE0, 0xA5, 0x87, 0xE0, 0xA4, 0x98, 0xE0, 0xA4, 0x9F, 0xE0, 0xA4, 0xA8, 0xE0, 0xA4, 0xBE, 0xE0, 0xA4, 0xA4, 0xE0, 0xA4, 0xB2, 0xE0, 0xA4, 0xBE, 0xE0, 0xA4, 0xB6,
        0xE0, 0xA4, 0xAA, 0xE0, 0xA4, 0xBE, 0xE0, 0xA4, 0x82, 0xE0, 0xA4, 0x9A, 0xE0, 0xA4, 0xB6, 0xE0, 0xA5, 0x8D, 0xE0, 0xA4, 0xB0, 0xE0, 0xA5, 0x80, 0xE0, 0xA4, 0xAC, 0xE0, 0xA4, 0xA1, 0xE0, 0xA4,
        0xBC, 0xE0, 0xA5, 0x80, 0xE0, 0xA4, 0xB9, 0xE0, 0xA5, 0x8B, 0xE0, 0xA4, 0xA4, 0xE0, 0xA5, 0x87, 0xE0, 0xA4, 0xB8, 0xE0, 0xA4, 0xBE, 0xE0, 0xA4, 0x88, 0xE0, 0xA4, 0x9F, 0xE0, 0xA4, 0xB6, 0xE0,
        0xA4, 0xBE, 0xE0, 0xA4, 0xAF, 0xE0, 0xA4, 0xA6, 0xE0, 0xA4, 0xB8, 0xE0, 0xA4, 0x95, 0xE0, 0xA4, 0xA4, 0xE0, 0xA5, 0x80, 0xE0, 0xA4, 0x9C, 0xE0, 0xA4, 0xBE, 0xE0, 0xA4, 0xA4, 0xE0, 0xA5, 0x80,
        0xE0, 0xA4, 0xB5, 0xE0, 0xA4, 0xBE, 0xE0, 0xA4, 0xB2, 0xE0, 0xA4, 0xBE, 0xE0, 0xA4, 0xB9, 0xE0, 0xA4, 0x9C, 0xE0, 0xA4, 0xBE, 0xE0, 0xA4, 0xB0, 0xE0, 0xA4, 0xAA, 0xE0, 0xA4, 0x9F, 0xE0, 0xA4,
        0xA8, 0xE0, 0xA4, 0xBE, 0xE0, 0xA4, 0xB0, 0xE0, 0xA4, 0x96, 0xE0, 0xA4, 0xA8, 0xE0, 0xA5, 0x87, 0xE0, 0xA4, 0xB8, 0xE0, 0xA4, 0xA1, 0xE0, 0xA4, 0xBC, 0xE0, 0xA4, 0x95, 0xE0, 0xA4, 0xAE, 0xE0,
        0xA4, 0xBF, 0xE0, 0xA4, 0xB2, 0xE0, 0xA4, 0xBE, 0xE0, 0xA4, 0x89, 0xE0, 0xA4, 0xB8, 0xE0, 0xA4, 0x95, 0xE0, 0xA5, 0x80, 0xE0, 0xA4, 0x95, 0xE0, 0xA5, 0x87, 0xE0, 0xA4, 0xB5, 0xE0, 0xA4, 0xB2,
        0xE0, 0xA4, 0xB2, 0xE0, 0xA4, 0x97, 0xE0, 0xA4, 0xA4, 0xE0, 0xA4, 0xBE, 0xE0, 0xA4, 0x96, 0xE0, 0xA4, 0xBE, 0xE0, 0xA4, 0xA8, 0xE0, 0xA4, 0xBE, 0xE0, 0xA4, 0x85, 0xE0, 0xA4, 0xB0, 0xE0, 0xA5,
        0x8D, 0xE0, 0xA4, 0xA5, 0xE0, 0xA4, 0x9C, 0xE0, 0xA4, 0xB9, 0xE0, 0xA4, 0xBE, 0xE0, 0xA4, 0x82, 0xE0, 0xA4, 0xA6, 0xE0, 0xA5, 0x87, 0xE0, 0xA4, 0x96, 0xE0, 0xA4, 0xBE, 0xE0, 0xA4, 0xAA, 0xE0,
        0xA4, 0xB9, 0xE0, 0xA4, 0xB2, 0xE0, 0xA5, 0x80, 0xE0, 0xA4, 0xA8, 0xE0, 0xA4, 0xBF, 0xE0, 0xA4, 0xAF, 0xE0, 0xA4, 0xAE, 0xE0, 0xA4, 0xAC, 0xE0, 0xA4, 0xBF, 0xE0, 0xA4, 0xA8, 0xE0, 0xA4, 0xBE,
        0xE0, 0xA4, 0xAC, 0xE0, 0xA5, 0x88, 0xE0, 0xA4, 0x82, 0xE0, 0xA4, 0x95, 0xE0, 0xA4, 0x95, 0xE0, 0xA4, 0xB9, 0xE0, 0xA5, 0x80, 0xE0, 0xA4, 0x82, 0xE0, 0xA4, 0x95, 0xE0, 0xA4, 0xB9, 0xE0, 0xA4,
        0xA8, 0xE0, 0xA4, 0xBE, 0xE0, 0xA4, 0xA6, 0xE0, 0xA5, 0x87, 0xE0, 0xA4, 0xA4, 0xE0, 0xA4, 0xBE, 0xE0, 0xA4, 0xB9, 0xE0, 0xA4, 0xAE, 0xE0, 0xA4, 0xB2, 0xE0, 0xA5, 0x87, 0xE0, 0xA4, 0x95, 0xE0,
        0xA4, 0xBE, 0xE0, 0xA4, 0xAB, 0xE0, 0xA5, 0x80, 0xE0, 0xA4, 0x9C, 0xE0, 0xA4, 0xAC, 0xE0, 0xA4, 0x95, 0xE0, 0xA4, 0xBF, 0xE0, 0xA4, 0xA4, 0xE0, 0xA5, 0x81, 0xE0, 0xA4, 0xB0, 0xE0, 0xA4, 0xA4,
        0xE0, 0xA4, 0xAE, 0xE0, 0xA4, 0xBE, 0xE0, 0xA4, 0x82, 0xE0, 0xA4, 0x97, 0xE0, 0xA4, 0xB5, 0xE0, 0xA4, 0xB9, 0xE0, 0xA5, 0x80, 0xE0, 0xA4, 0x82, 0xE0, 0xA4, 0xB0, 0xE0, 0xA5, 0x8B, 0xE0, 0xA4,
        0x9C, 0xE0, 0xA4, 0xBC, 0xE0, 0xA4, 0xAE, 0xE0, 0xA4, 0xBF, 0xE0, 0xA4, 0xB2, 0xE0, 0xA5, 0x80, 0xE0, 0xA4, 0x86, 0xE0, 0xA4, 0xB0, 0xE0, 0xA5, 0x8B, 0xE0, 0xA4, 0xAA, 0xE0, 0xA4, 0xB8, 0xE0,
        0xA5, 0x87, 0xE0, 0xA4, 0xA8, 0xE0, 0xA4, 0xBE, 0xE0, 0xA4, 0xAF, 0xE0, 0xA4, 0xBE, 0xE0, 0xA4, 0xA6, 0xE0, 0xA4, 0xB5, 0xE0, 0xA4, 0xB2, 0xE0, 0xA5, 0x87, 0xE0, 0xA4, 0xA8, 0xE0, 0xA5, 0x87,
        0xE0, 0xA4, 0x96, 0xE0, 0xA4, 0xBE, 0xE0, 0xA4, 0xA4, 0xE0, 0xA4, 0xBE, 0xE0, 0xA4, 0x95, 0xE0, 0xA4, 0xB0, 0xE0, 0xA5, 0x80, 0xE0, 0xA4, 0xAC, 0xE0, 0xA4, 0x89, 0xE0, 0xA4, 0xA8, 0xE0, 0xA4,
        0x95, 0xE0, 0xA4, 0xBE, 0xE0, 0xA4, 0x9C, 0xE0, 0xA4, 0xB5, 0xE0, 0xA4, 0xBE, 0xE0, 0xA4, 0xAC, 0xE0, 0xA4, 0xAA, 0xE0, 0xA5, 0x82, 0xE0, 0xA4, 0xB0, 0xE0, 0xA4, 0xBE, 0xE0, 0xA4, 0xAC, 0xE0,
        0xA4, 0xA1, 0xE0, 0xA4, 0xBC, 0xE0, 0xA4, 0xBE, 0xE0, 0xA4, 0xB8, 0xE0, 0xA5, 0x8C, 0xE0, 0xA4, 0xA6, 0xE0, 0xA4, 0xBE, 0xE0, 0xA4, 0xB6, 0xE0, 0xA5, 0x87, 0xE0, 0xA4, 0xAF, 0xE0, 0xA4, 0xB0,
        0xE0, 0xA4, 0x95, 0xE0, 0xA4, 0xBF, 0xE0, 0xA4, 0xAF, 0xE0, 0xA5, 0x87, 0xE0, 0xA4, 0x95, 0xE0, 0xA4, 0xB9, 0xE0, 0xA4, 0xBE, 0xE0, 0xA4, 0x82, 0xE0, 0xA4, 0x85, 0xE0, 0xA4, 0x95, 0xE0, 0xA4,
        0xB8, 0xE0, 0xA4, 0xB0, 0xE0, 0xA4, 0xAC, 0xE0, 0xA4, 0xA8, 0xE0, 0xA4, 0xBE, 0xE0, 0xA4, 0x8F, 0xE0, 0xA4, 0xB5, 0xE0, 0xA4, 0xB9, 0xE0, 0xA4, 0xBE, 0xE0, 0xA4, 0x82, 0xE0, 0xA4, 0xB8, 0xE0,
        0xA5, 0x8D, 0xE0, 0xA4, 0xA5, 0xE0, 0xA4, 0xB2, 0xE0, 0xA4, 0xAE, 0xE0, 0xA4, 0xBF, 0xE0, 0xA4, 0xB2, 0xE0, 0xA5, 0x87, 0xE0, 0xA4, 0xB2, 0xE0, 0xA5, 0x87, 0xE0, 0xA4, 0x96, 0xE0, 0xA4, 0x95,
        0xE0, 0xA4, 0xB5, 0xE0, 0xA4, 0xBF, 0xE0, 0xA4, 0xB7, 0xE0, 0xA4, 0xAF, 0xE0, 0xA4, 0x95, 0xE0, 0xA5, 0x8D, 0xE0, 0xA4, 0xB0, 0xE0, 0xA4, 0x82, 0xE0, 0xA4, 0xB8, 0xE0, 0xA4, 0xAE, 0xE0, 0xA5,
        0x82, 0xE0, 0xA4, 0xB9, 0xE0, 0xA4, 0xA5, 0xE0, 0xA4, 0xBE, 0xE0, 0xA4, 0xA8, 0xE0, 0xA4, 0xBE, 0xD8, 0xAA, 0xD8, 0xB3, 0xD8, 0xAA, 0xD8, 0xB7, 0xD9, 0x8A, 0xD8, 0xB9, 0xD9, 0x85, 0xD8, 0xB4,
        0xD8, 0xA7, 0xD8, 0xB1, 0xD9, 0x83, 0xD8, 0xA9, 0xD8, 0xA8, 0xD9, 0x88, 0xD8, 0xA7, 0xD8, 0xB3, 0xD8, 0xB7, 0xD8, 0xA9, 0xD8, 0xA7, 0xD9, 0x84, 0xD8, 0xB5, 0xD9, 0x81, 0xD8, 0xAD, 0xD8, 0xA9,
        0xD9, 0x85, 0xD9, 0x88, 0xD8, 0xA7, 0xD8, 0xB6, 0xD9, 0x8A, 0xD8, 0xB9, 0xD8, 0xA7, 0xD9, 0x84, 0xD8, 0xAE, 0xD8, 0xA7, 0xD8, 0xB5, 0xD8, 0xA9, 0xD8, 0xA7, 0xD9, 0x84, 0xD9, 0x85, 0xD8, 0xB2,
        0xD9, 0x8A, 0xD8, 0xAF, 0xD8, 0xA7, 0xD9, 0x84, 0xD8, 0xB9, 0xD8, 0xA7, 0xD9, 0x85, 0xD8, 0xA9, 0xD8, 0xA7, 0xD9, 0x84, 0xD9, 0x83, 0xD8, 0xA7, 0xD8, 0xAA, 0xD8, 0xA8, 0xD8, 0xA7, 0xD9, 0x84,
        0xD8, 0xB1, 0xD8, 0xAF, 0xD9, 0x88, 0xD8, 0xAF, 0xD8, 0xA8, 0xD8, 0xB1, 0xD9, 0x86, 0xD8, 0xA7, 0xD9, 0x85, 0xD8, 0xAC, 0xD8, 0xA7, 0xD9, 0x84, 0xD8, 0xAF, 0xD9, 0x88, 0xD9, 0x84, 0xD8, 0xA9,
        0xD8, 0xA7, 0xD9, 0x84, 0xD8, 0xB9, 0xD8, 0xA7, 0xD9, 0x84, 0xD9, 0x85, 0xD8, 0xA7, 0xD9, 0x84, 0xD9, 0x85, 0xD9, 0x88, 0xD9, 0x82, 0xD8, 0xB9, 0xD8, 0xA7, 0xD9, 0x84, 0xD8, 0xB9, 0xD8, 0xB1,
        0xD8, 0xA8, 0xD9, 0x8A, 0xD8, 0xA7, 0xD9, 0x84, 0xD8, 0xB3, 0xD8, 0xB1, 0xD9, 0x8A, 0xD8, 0xB9, 0xD8, 0xA7, 0xD9, 0x84, 0xD8, 0xAC, 0xD9, 0x88, 0xD8, 0xA7, 0xD9, 0x84, 0xD8, 0xA7, 0xD9, 0x84,
        0xD8, 0xB0, 0xD9, 0x87, 0xD8, 0xA7, 0xD8, 0xA8, 0xD8, 0xA7, 0xD9, 0x84, 0xD8, 0xAD, 0xD9, 0x8A, 0xD8, 0xA7, 0xD8, 0xA9, 0xD8, 0xA7, 0xD9, 0x84, 0xD8, 0xAD, 0xD9, 0x82, 0xD9, 0x88, 0xD9, 0x82,
        0xD8, 0xA7, 0xD9, 0x84, 0xD9, 0x83, 0xD8, 0xB1, 0xD9, 0x8A, 0xD9, 0x85, 0xD8, 0xA7, 0xD9, 0x84, 0xD8, 0xB9, 0xD8, 0xB1, 0xD8, 0xA7, 0xD9, 0x82, 0xD9, 0x85, 0xD8, 0xAD, 0xD9, 0x81, 0xD9, 0x88,
        0xD8, 0xB8, 0xD8, 0xA9, 0xD8, 0xA7, 0xD9, 0x84, 0xD8, 0xAB, 0xD8, 0xA7, 0xD9, 0x86, 0xD9, 0x8A, 0xD9, 0x85, 0xD8, 0xB4, 0xD8, 0xA7, 0xD9, 0x87, 0xD8, 0xAF, 0xD8, 0xA9, 0xD8, 0xA7, 0xD9, 0x84,
        0xD9, 0x85, 0xD8, 0xB1, 0xD8, 0xA3, 0xD8, 0xA9, 0xD8, 0xA7, 0xD9, 0x84, 0xD9, 0x82, 0xD8, 0xB1, 0xD8, 0xA2, 0xD9, 0x86, 0xD8, 0xA7, 0xD9, 0x84, 0xD8, 0xB4, 0xD8, 0xA8, 0xD8, 0xA7, 0xD8, 0xA8,
        0xD8, 0xA7, 0xD9, 0x84, 0xD8, 0xAD, 0xD9, 0x88, 0xD8, 0xA7, 0xD8, 0xB1, 0xD8, 0xA7, 0xD9, 0x84, 0xD8, 0xAC, 0xD8, 0xAF, 0xD9, 0x8A, 0xD8, 0xAF, 0xD8, 0xA7, 0xD9, 0x84, 0xD8, 0xA3, 0xD8, 0xB3,
        0xD8, 0xB1, 0xD8, 0xA9, 0xD8, 0xA7, 0xD9, 0x84, 0xD8, 0xB9, 0xD9, 0x84, 0xD9, 0x88, 0xD9, 0x85, 0xD9, 0x85, 0xD8, 0xAC, 0xD9, 0x85, 0xD9, 0x88, 0xD8, 0xB9, 0xD8, 0xA9, 0xD8, 0xA7, 0xD9, 0x84,
        0xD8, 0xB1, 0xD8, 0xAD, 0xD9, 0x85, 0xD9, 0x86, 0xD8, 0xA7, 0xD9, 0x84, 0xD9, 0x86, 0xD9, 0x82, 0xD8, 0xA7, 0xD8, 0xB7, 0xD9, 0x81, 0xD9, 0x84, 0xD8, 0xB3, 0xD8, 0xB7, 0xD9, 0x8A, 0xD9, 0x86,
        0xD8, 0xA7, 0xD9, 0x84, 0xD9, 0x83, 0xD9, 0x88, 0xD9, 0x8A, 0xD8, 0xAA, 0xD8, 0xA7, 0xD9, 0x84, 0xD8, 0xAF, 0xD9, 0x86, 0xD9, 0x8A, 0xD8, 0xA7, 0xD8, 0xA8, 0xD8, 0xB1, 0xD9, 0x83, 0xD8, 0xA7,
        0xD8, 0xAA, 0xD9, 0x87, 0xD8, 0xA7, 0xD9, 0x84, 0xD8, 0xB1, 0xD9, 0x8A, 0xD8, 0xA7, 0xD8, 0xB6, 0xD8, 0xAA, 0xD8, 0xAD, 0xD9, 0x8A, 0xD8, 0xA7, 0xD8, 0xAA, 0xD9, 0x8A, 0xD8, 0xA8, 0xD8, 0xAA,
        0xD9, 0x88, 0xD9, 0x82, 0xD9, 0x8A, 0xD8, 0xAA, 0xD8, 0xA7, 0xD9, 0x84, 0xD8, 0xA3, 0xD9, 0x88, 0xD9, 0x84, 0xD9, 0x89, 0xD8, 0xA7, 0xD9, 0x84, 0xD8, 0xA8, 0xD8, 0xB1, 0xD9, 0x8A, 0xD8, 0xAF,
        0xD8, 0xA7, 0xD9, 0x84, 0xD9, 0x83, 0xD9, 0x84, 0xD8, 0xA7, 0xD9, 0x85, 0xD8, 0xA7, 0xD9, 0x84, 0xD8, 0xB1, 0xD8, 0xA7, 0xD8, 0xA8, 0xD8, 0xB7, 0xD8, 0xA7, 0xD9, 0x84, 0xD8, 0xB4, 0xD8, 0xAE,
        0xD8, 0xB5, 0xD9, 0x8A, 0xD8, 0xB3, 0xD9, 0x8A, 0xD8, 0xA7, 0xD8, 0xB1, 0xD8, 0xA7, 0xD8, 0xAA, 0xD8, 0xA7, 0xD9, 0x84, 0xD8, 0xAB, 0xD8, 0xA7, 0xD9, 0x84, 0xD8, 0xAB, 0xD8, 0xA7, 0xD9, 0x84,
        0xD8, 0xB5, 0xD9, 0x84, 0xD8, 0xA7, 0xD8, 0xA9, 0xD8, 0xA7, 0xD9, 0x84, 0xD8, 0xAD, 0xD8, 0xAF, 0xD9, 0x8A, 0xD8, 0xAB, 0xD8, 0xA7, 0xD9, 0x84, 0xD8, 0xB2, 0xD9, 0x88, 0xD8, 0xA7, 0xD8, 0xB1,
        0xD8, 0xA7, 0xD9, 0x84, 0xD8, 0xAE, 0xD9, 0x84, 0xD9, 0x8A, 0xD8, 0xAC, 0xD8, 0xA7, 0xD9, 0x84, 0xD8, 0xAC, 0xD9, 0x85, 0xD9, 0x8A, 0xD8, 0xB9, 0xD8, 0xA7, 0xD9, 0x84, 0xD8, 0xB9, 0xD8, 0xA7,
        0xD9, 0x85, 0xD9, 0x87, 0xD8, 0xA7, 0xD9, 0x84, 0xD8, 0xAC, 0xD9, 0x85, 0xD8, 0xA7, 0xD9, 0x84, 0xD8, 0xA7, 0xD9, 0x84, 0xD8, 0xB3, 0xD8, 0xA7, 0xD8, 0xB9, 0xD8, 0xA9, 0xD9, 0x85, 0xD8, 0xB4,
        0xD8, 0xA7, 0xD9, 0x87, 0xD8, 0xAF, 0xD9, 0x87, 0xD8, 0xA7, 0xD9, 0x84, 0xD8, 0xB1, 0xD8, 0xA6, 0xD9, 0x8A, 0xD8, 0xB3, 0xD8, 0xA7, 0xD9, 0x84, 0xD8, 0xAF, 0xD8, 0xAE, 0xD9, 0x88, 0xD9, 0x84,
        0xD8, 0xA7, 0xD9, 0x84, 0xD9, 0x81, 0xD9, 0x86, 0xD9, 0x8A, 0xD8, 0xA9, 0xD8, 0xA7, 0xD9, 0x84, 0xD9, 0x83, 0xD8, 0xAA, 0xD8, 0xA7, 0xD8, 0xA8, 0xD8, 0xA7, 0xD9, 0x84, 0xD8, 0xAF, 0xD9, 0x88,
        0xD8, 0xB1, 0xD9, 0x8A, 0xD8, 0xA7, 0xD9, 0x84, 0xD8, 0xAF, 0xD8, 0xB1, 0xD9, 0x88, 0xD8, 0xB3, 0xD8, 0xA7, 0xD8, 0xB3, 0xD8, 0xAA, 0xD8, 0xBA, 0xD8, 0xB1, 0xD9, 0x82, 0xD8, 0xAA, 0xD8, 0xB5,
        0xD8, 0xA7, 0xD9, 0x85, 0xD9, 0x8A, 0xD9, 0x85, 0xD8, 0xA7, 0xD9, 0x84, 0xD8, 0xA8, 0xD9, 0x86, 0xD8, 0xA7, 0xD8, 0xAA, 0xD8, 0xA7, 0xD9, 0x84, 0xD8, 0xB9, 0xD8, 0xB8, 0xD9, 0x8A, 0xD9, 0x85,
        0x65, 0x6E, 0x74, 0x65, 0x72, 0x74, 0x61, 0x69, 0x6E, 0x6D, 0x65, 0x6E, 0x74, 0x75, 0x6E, 0x64, 0x65, 0x72, 0x73, 0x74, 0x61, 0x6E, 0x64, 0x69, 0x6E, 0x67, 0x20, 0x3D, 0x20, 0x66, 0x75, 0x6E,
        0x63, 0x74, 0x69, 0x6F, 0x6E, 0x28, 0x29, 0x2E, 0x6A, 0x70, 0x67, 0x22, 0x20, 0x77, 0x69, 0x64, 0x74, 0x68, 0x3D, 0x22, 0x63, 0x6F, 0x6E, 0x66, 0x69, 0x67, 0x75, 0x72, 0x61, 0x74, 0x69, 0x6F,
        0x6E, 0x2E, 0x70, 0x6E, 0x67, 0x22, 0x20, 0x77, 0x69, 0x64, 0x74, 0x68, 0x3D, 0x22, 0x3C, 0x62, 0x6F, 0x64, 0x79, 0x20, 0x63, 0x6C, 0x61, 0x73, 0x73, 0x3D, 0x22, 0x4D, 0x61, 0x74, 0x68, 0x2E,
        0x72, 0x61, 0x6E, 0x64, 0x6F, 0x6D, 0x28, 0x29, 0x63, 0x6F, 0x6E, 0x74, 0x65, 0x6D, 0x70, 0x6F, 0x72, 0x61, 0x72, 0x79, 0x20, 0x55, 0x6E, 0x69, 0x74, 0x65, 0x64, 0x20, 0x53, 0x74, 0x61, 0x74,
        0x65, 0x73, 0x63, 0x69, 0x72, 0x63, 0x75, 0x6D, 0x73, 0x74, 0x61, 0x6E, 0x63, 0x65, 0x73, 0x2E, 0x61, 0x70, 0x70, 0x65, 0x6E, 0x64, 0x43, 0x68, 0x69, 0x6C, 0x64, 0x28, 0x6F, 0x72, 0x67, 0x61,
        0x6E, 0x69, 0x7A, 0x61, 0x74, 0x69, 0x6F, 0x6E, 0x73, 0x3C, 0x73, 0x70, 0x61, 0x6E, 0x20, 0x63, 0x6C, 0x61, 0x73, 0x73, 0x3D, 0x22, 0x22, 0x3E, 0x3C, 0x69, 0x6D, 0x67, 0x20, 0x73, 0x72, 0x63,
        0x3D, 0x22, 0x2F, 0x64, 0x69, 0x73, 0x74, 0x69, 0x6E, 0x67, 0x75, 0x69, 0x73, 0x68, 0x65, 0x64, 0x74, 0x68, 0x6F, 0x75, 0x73, 0x61, 0x6E, 0x64, 0x73, 0x20, 0x6F, 0x66, 0x20, 0x63, 0x6F, 0x6D,
        0x6D, 0x75, 0x6E, 0x69, 0x63, 0x61, 0x74, 0x69, 0x6F, 0x6E, 0x63, 0x6C, 0x65, 0x61, 0x72, 0x22, 0x3E, 0x3C, 0x2F, 0x64, 0x69, 0x76, 0x3E, 0x69, 0x6E, 0x76, 0x65, 0x73, 0x74, 0x69, 0x67, 0x61,
        0x74, 0x69, 0x6F, 0x6E, 0x66, 0x61, 0x76, 0x69, 0x63, 0x6F, 0x6E, 0x2E, 0x69, 0x63, 0x6F, 0x22, 0x20, 0x6D, 0x61, 0x72, 0x67, 0x69, 0x6E, 0x2D, 0x72, 0x69, 0x67, 0x68, 0x74, 0x3A, 0x62, 0x61,
        0x73, 0x65, 0x64, 0x20, 0x6F, 0x6E, 0x20, 0x74, 0x68, 0x65, 0x20, 0x4D, 0x61, 0x73, 0x73, 0x61, 0x63, 0x68, 0x75, 0x73, 0x65, 0x74, 0x74, 0x73, 0x74, 0x61, 0x62, 0x6C, 0x65, 0x20, 0x62, 0x6F,
        0x72, 0x64, 0x65, 0x72, 0x3D, 0x69, 0x6E, 0x74, 0x65, 0x72, 0x6E, 0x61, 0x74, 0x69, 0x6F, 0x6E, 0x61, 0x6C, 0x61, 0x6C, 0x73, 0x6F, 0x20, 0x6B, 0x6E, 0x6F, 0x77, 0x6E, 0x20, 0x61, 0x73, 0x70,
        0x72, 0x6F, 0x6E, 0x75, 0x6E, 0x63, 0x69, 0x61, 0x74, 0x69, 0x6F, 0x6E, 0x62, 0x61, 0x63, 0x6B, 0x67, 0x72, 0x6F, 0x75, 0x6E, 0x64, 0x3A, 0x23, 0x66, 0x70, 0x61, 0x64, 0x64, 0x69, 0x6E, 0x67,
        0x2D, 0x6C, 0x65, 0x66, 0x74, 0x3A, 0x46, 0x6F, 0x72, 0x20, 0x65, 0x78, 0x61, 0x6D, 0x70, 0x6C, 0x65, 0x2C, 0x20, 0x6D, 0x69, 0x73, 0x63, 0x65, 0x6C, 0x6C, 0x61, 0x6E, 0x65, 0x6F, 0x75, 0x73,
        0x26, 0x6C, 0x74, 0x3B, 0x2F, 0x6D, 0x61, 0x74, 0x68, 0x26, 0x67, 0x74, 0x3B, 0x70, 0x73, 0x79, 0x63, 0x68, 0x6F, 0x6C, 0x6F, 0x67, 0x69, 0x63, 0x61, 0x6C, 0x69, 0x6E, 0x20, 0x70, 0x61, 0x72,
        0x74, 0x69, 0x63, 0x75, 0x6C, 0x61, 0x72, 0x65, 0x61, 0x72, 0x63, 0x68, 0x22, 0x20, 0x74, 0x79, 0x70, 0x65, 0x3D, 0x22, 0x66, 0x6F, 0x72, 0x6D, 0x20, 0x6D, 0x65, 0x74, 0x68, 0x6F, 0x64, 0x3D,
        0x22, 0x61, 0x73, 0x20, 0x6F, 0x70, 0x70, 0x6F, 0x73, 0x65, 0x64, 0x20, 0x74, 0x6F, 0x53, 0x75, 0x70, 0x72, 0x65, 0x6D, 0x65, 0x20, 0x43, 0x6F, 0x75, 0x72, 0x74, 0x6F, 0x63, 0x63, 0x61, 0x73,
        0x69, 0x6F, 0x6E, 0x61, 0x6C, 0x6C, 0x79, 0x20, 0x41, 0x64, 0x64, 0x69, 0x74, 0x69, 0x6F, 0x6E, 0x61, 0x6C, 0x6C, 0x79, 0x2C, 0x4E, 0x6F, 0x72, 0x74, 0x68, 0x20, 0x41, 0x6D, 0x65, 0x72, 0x69,
        0x63, 0x61, 0x70, 0x78, 0x3B, 0x62, 0x61, 0x63, 0x6B, 0x67, 0x72, 0x6F, 0x75, 0x6E, 0x64, 0x6F, 0x70, 0x70, 0x6F, 0x72, 0x74, 0x75, 0x6E, 0x69, 0x74, 0x69, 0x65, 0x73, 0x45, 0x6E, 0x74, 0x65,
        0x72, 0x74, 0x61, 0x69, 0x6E, 0x6D, 0x65, 0x6E, 0x74, 0x2E, 0x74, 0x6F, 0x4C, 0x6F, 0x77, 0x65, 0x72, 0x43, 0x61, 0x73, 0x65, 0x28, 0x6D, 0x61, 0x6E, 0x75, 0x66, 0x61, 0x63, 0x74, 0x75, 0x72,
        0x69, 0x6E, 0x67, 0x70, 0x72, 0x6F, 0x66, 0x65, 0x73, 0x73, 0x69, 0x6F, 0x6E, 0x61, 0x6C, 0x20, 0x63, 0x6F, 0x6D, 0x62, 0x69, 0x6E, 0x65, 0x64, 0x20, 0x77, 0x69, 0x74, 0x68, 0x46, 0x6F, 0x72,
        0x20, 0x69, 0x6E, 0x73, 0x74, 0x61, 0x6E, 0x63, 0x65, 0x2C, 0x63, 0x6F, 0x6E, 0x73, 0x69, 0x73, 0x74, 0x69, 0x6E, 0x67, 0x20, 0x6F, 0x66, 0x22, 0x20, 0x6D, 0x61, 0x78, 0x6C, 0x65, 0x6E, 0x67,
        0x74, 0x68, 0x3D, 0x22, 0x72, 0x65, 0x74, 0x75, 0x72, 0x6E, 0x20, 0x66, 0x61, 0x6C, 0x73, 0x65, 0x3B, 0x63, 0x6F, 0x6E, 0x73, 0x63, 0x69, 0x6F, 0x75, 0x73, 0x6E, 0x65, 0x73, 0x73, 0x4D, 0x65,
        0x64, 0x69, 0x74, 0x65, 0x72, 0x72, 0x61, 0x6E, 0x65, 0x61, 0x6E, 0x65, 0x78, 0x74, 0x72, 0x61, 0x6F, 0x72, 0x64, 0x69, 0x6E, 0x61, 0x72, 0x79, 0x61, 0x73, 0x73, 0x61, 0x73, 0x73, 0x69, 0x6E,
        0x61, 0x74, 0x69, 0x6F, 0x6E, 0x73, 0x75, 0x62, 0x73, 0x65, 0x71, 0x75, 0x65, 0x6E, 0x74, 0x6C, 0x79, 0x20, 0x62, 0x75, 0x74, 0x74, 0x6F, 0x6E, 0x20, 0x74, 0x79, 0x70, 0x65, 0x3D, 0x22, 0x74,
        0x68, 0x65, 0x20, 0x6E, 0x75, 0x6D, 0x62, 0x65, 0x72, 0x20, 0x6F, 0x66, 0x74, 0x68, 0x65, 0x20, 0x6F, 0x72, 0x69, 0x67, 0x69, 0x6E, 0x61, 0x6C, 0x20, 0x63, 0x6F, 0x6D, 0x70, 0x72, 0x65, 0x68,
        0x65, 0x6E, 0x73, 0x69, 0x76, 0x65, 0x72, 0x65, 0x66, 0x65, 0x72, 0x73, 0x20, 0x74, 0x6F, 0x20, 0x74, 0x68, 0x65, 0x3C, 0x2F, 0x75, 0x6C, 0x3E, 0x0A, 0x3C, 0x2F, 0x64, 0x69, 0x76, 0x3E, 0x0A,
        0x70, 0x68, 0x69, 0x6C, 0x6F, 0x73, 0x6F, 0x70, 0x68, 0x69, 0x63, 0x61, 0x6C, 0x6C, 0x6F, 0x63, 0x61, 0x74, 0x69, 0x6F, 0x6E, 0x2E, 0x68, 0x72, 0x65, 0x66, 0x77, 0x61, 0x73, 0x20, 0x70, 0x75,
        0x62, 0x6C, 0x69, 0x73, 0x68, 0x65, 0x64, 0x53, 0x61, 0x6E, 0x20, 0x46, 0x72, 0x61, 0x6E, 0x63, 0x69, 0x73, 0x63, 0x6F, 0x28, 0x66, 0x75, 0x6E, 0x63, 0x74, 0x69, 0x6F, 0x6E, 0x28, 0x29, 0x7B,
        0x0A, 0x3C, 0x64, 0x69, 0x76, 0x20, 0x69, 0x64, 0x3D, 0x22, 0x6D, 0x61, 0x69, 0x6E, 0x73, 0x6F, 0x70, 0x68, 0x69, 0x73, 0x74, 0x69, 0x63, 0x61, 0x74, 0x65, 0x64, 0x6D, 0x61, 0x74, 0x68, 0x65,
        0x6D, 0x61, 0x74, 0x69, 0x63, 0x61, 0x6C, 0x20, 0x2F, 0x68, 0x65, 0x61, 0x64, 0x3E, 0x0D, 0x0A, 0x3C, 0x62, 0x6F, 0x64, 0x79, 0x73, 0x75, 0x67, 0x67, 0x65, 0x73, 0x74, 0x73, 0x20, 0x74, 0x68,
        0x61, 0x74, 0x64, 0x6F, 0x63, 0x75, 0x6D, 0x65, 0x6E, 0x74, 0x61, 0x74, 0x69, 0x6F, 0x6E, 0x63, 0x6F, 0x6E, 0x63, 0x65, 0x6E, 0x74, 0x72, 0x61, 0x74, 0x69, 0x6F, 0x6E, 0x72, 0x65, 0x6C, 0x61,
        0x74, 0x69, 0x6F, 0x6E, 0x73, 0x68, 0x69, 0x70, 0x73, 0x6D, 0x61, 0x79, 0x20, 0x68, 0x61, 0x76, 0x65, 0x20, 0x62, 0x65, 0x65, 0x6E, 0x28, 0x66, 0x6F, 0x72, 0x20, 0x65, 0x78, 0x61, 0x6D, 0x70,
        0x6C, 0x65, 0x2C, 0x54, 0x68, 0x69, 0x73, 0x20, 0x61, 0x72, 0x74, 0x69, 0x63, 0x6C, 0x65, 0x20, 0x69, 0x6E, 0x20, 0x73, 0x6F, 0x6D, 0x65, 0x20, 0x63, 0x61, 0x73, 0x65, 0x73, 0x70, 0x61, 0x72,
        0x74, 0x73, 0x20, 0x6F, 0x66, 0x20, 0x74, 0x68, 0x65, 0x20, 0x64, 0x65, 0x66, 0x69, 0x6E, 0x69, 0x74, 0x69, 0x6F, 0x6E, 0x20, 0x6F, 0x66, 0x47, 0x72, 0x65, 0x61, 0x74, 0x20, 0x42, 0x72, 0x69,
        0x74, 0x61, 0x69, 0x6E, 0x20, 0x63, 0x65, 0x6C, 0x6C, 0x70, 0x61, 0x64, 0x64, 0x69, 0x6E, 0x67, 0x3D, 0x65, 0x71, 0x75, 0x69, 0x76, 0x61, 0x6C, 0x65, 0x6E, 0x74, 0x20, 0x74, 0x6F, 0x70, 0x6C,
        0x61, 0x63, 0x65, 0x68, 0x6F, 0x6C, 0x64, 0x65, 0x72, 0x3D, 0x22, 0x3B, 0x20, 0x66, 0x6F, 0x6E, 0x74, 0x2D, 0x73, 0x69, 0x7A, 0x65, 0x3A, 0x20, 0x6A, 0x75, 0x73, 0x74, 0x69, 0x66, 0x69, 0x63,
        0x61, 0x74, 0x69, 0x6F, 0x6E, 0x62, 0x65, 0x6C, 0x69, 0x65, 0x76, 0x65, 0x64, 0x20, 0x74, 0x68, 0x61, 0x74, 0x73, 0x75, 0x66, 0x66, 0x65, 0x72, 0x65, 0x64, 0x20, 0x66, 0x72, 0x6F, 0x6D, 0x61,
        0x74, 0x74, 0x65, 0x6D, 0x70, 0x74, 0x65, 0x64, 0x20, 0x74, 0x6F, 0x20, 0x6C, 0x65, 0x61, 0x64, 0x65, 0x72, 0x20, 0x6F, 0x66, 0x20, 0x74, 0x68, 0x65, 0x63, 0x72, 0x69, 0x70, 0x74, 0x22, 0x20,
        0x73, 0x72, 0x63, 0x3D, 0x22, 0x2F, 0x28, 0x66, 0x75, 0x6E, 0x63, 0x74, 0x69, 0x6F, 0x6E, 0x28, 0x29, 0x20, 0x7B, 0x61, 0x72, 0x65, 0x20, 0x61, 0x76, 0x61, 0x69, 0x6C, 0x61, 0x62, 0x6C, 0x65,
        0x0A, 0x09, 0x3C, 0x6C, 0x69, 0x6E, 0x6B, 0x20, 0x72, 0x65, 0x6C, 0x3D, 0x22, 0x20, 0x73, 0x72, 0x63, 0x3D, 0x27, 0x68, 0x74, 0x74, 0x70, 0x3A, 0x2F, 0x2F, 0x69, 0x6E, 0x74, 0x65, 0x72, 0x65,
        0x73, 0x74, 0x65, 0x64, 0x20, 0x69, 0x6E, 0x63, 0x6F, 0x6E, 0x76, 0x65, 0x6E, 0x74, 0x69, 0x6F, 0x6E, 0x61, 0x6C, 0x20, 0x22, 0x20, 0x61, 0x6C, 0x74, 0x3D, 0x22, 0x22, 0x20, 0x2F, 0x3E, 0x3C,
        0x2F, 0x61, 0x72, 0x65, 0x20, 0x67, 0x65, 0x6E, 0x65, 0x72, 0x61, 0x6C, 0x6C, 0x79, 0x68, 0x61, 0x73, 0x20, 0x61, 0x6C, 0x73, 0x6F, 0x20, 0x62, 0x65, 0x65, 0x6E, 0x6D, 0x6F, 0x73, 0x74, 0x20,
        0x70, 0x6F, 0x70, 0x75, 0x6C, 0x61, 0x72, 0x20, 0x63, 0x6F, 0x72, 0x72, 0x65, 0x73, 0x70, 0x6F, 0x6E, 0x64, 0x69, 0x6E, 0x67, 0x63, 0x72, 0x65, 0x64, 0x69, 0x74, 0x65, 0x64, 0x20, 0x77, 0x69,
        0x74, 0x68, 0x74, 0x79, 0x6C, 0x65, 0x3D, 0x22, 0x62, 0x6F, 0x72, 0x64, 0x65, 0x72, 0x3A, 0x3C, 0x2F, 0x61, 0x3E, 0x3C, 0x2F, 0x73, 0x70, 0x61, 0x6E, 0x3E, 0x3C, 0x2F, 0x2E, 0x67, 0x69, 0x66,
        0x22, 0x20, 0x77, 0x69, 0x64, 0x74, 0x68, 0x3D, 0x22, 0x3C, 0x69, 0x66, 0x72, 0x61, 0x6D, 0x65, 0x20, 0x73, 0x72, 0x63, 0x3D, 0x22, 0x74, 0x61, 0x62, 0x6C, 0x65, 0x20, 0x63, 0x6C, 0x61, 0x73,
        0x73, 0x3D, 0x22, 0x69, 0x6E, 0x6C, 0x69, 0x6E, 0x65, 0x2D, 0x62, 0x6C, 0x6F, 0x63, 0x6B, 0x3B, 0x61, 0x63, 0x63, 0x6F, 0x72, 0x64, 0x69, 0x6E, 0x67, 0x20, 0x74, 0x6F, 0x20, 0x74, 0x6F, 0x67,
        0x65, 0x74, 0x68, 0x65, 0x72, 0x20, 0x77, 0x69, 0x74, 0x68, 0x61, 0x70, 0x70, 0x72, 0x6F, 0x78, 0x69, 0x6D, 0x61, 0x74, 0x65, 0x6C, 0x79, 0x70, 0x61, 0x72, 0x6C, 0x69, 0x61, 0x6D, 0x65, 0x6E,
        0x74, 0x61, 0x72, 0x79, 0x6D, 0x6F, 0x72, 0x65, 0x20, 0x61, 0x6E, 0x64, 0x20, 0x6D, 0x6F, 0x72, 0x65, 0x64, 0x69, 0x73, 0x70, 0x6C, 0x61, 0x79, 0x3A, 0x6E, 0x6F, 0x6E, 0x65, 0x3B, 0x74, 0x72,
        0x61, 0x64, 0x69, 0x74, 0x69, 0x6F, 0x6E, 0x61, 0x6C, 0x6C, 0x79, 0x70, 0x72, 0x65, 0x64, 0x6F, 0x6D, 0x69, 0x6E, 0x61, 0x6E, 0x74, 0x6C, 0x79, 0x26, 0x6E, 0x62, 0x73, 0x70, 0x3B, 0x7C, 0x26,
        0x6E, 0x62, 0x73, 0x70, 0x3B, 0x26, 0x6E, 0x62, 0x73, 0x70, 0x3B, 0x3C, 0x2F, 0x73, 0x70, 0x61, 0x6E, 0x3E, 0x20, 0x63, 0x65, 0x6C, 0x6C, 0x73, 0x70, 0x61, 0x63, 0x69, 0x6E, 0x67, 0x3D, 0x3C,
        0x69, 0x6E, 0x70, 0x75, 0x74, 0x20, 0x6E, 0x61, 0x6D, 0x65, 0x3D, 0x22, 0x6F, 0x72, 0x22, 0x20, 0x63, 0x6F, 0x6E, 0x74, 0x65, 0x6E, 0x74, 0x3D, 0x22, 0x63, 0x6F, 0x6E, 0x74, 0x72, 0x6F, 0x76,
        0x65, 0x72, 0x73, 0x69, 0x61, 0x6C, 0x70, 0x72, 0x6F, 0x70, 0x65, 0x72, 0x74, 0x79, 0x3D, 0x22, 0x6F, 0x67, 0x3A, 0x2F, 0x78, 0x2D, 0x73, 0x68, 0x6F, 0x63, 0x6B, 0x77, 0x61, 0x76, 0x65, 0x2D,
        0x64, 0x65, 0x6D, 0x6F, 0x6E, 0x73, 0x74, 0x72, 0x61, 0x74, 0x69, 0x6F, 0x6E, 0x73, 0x75, 0x72, 0x72, 0x6F, 0x75, 0x6E, 0x64, 0x65, 0x64, 0x20, 0x62, 0x79, 0x4E, 0x65, 0x76, 0x65, 0x72, 0x74,
        0x68, 0x65, 0x6C, 0x65, 0x73, 0x73, 0x2C, 0x77, 0x61, 0x73, 0x20, 0x74, 0x68, 0x65, 0x20, 0x66, 0x69, 0x72, 0x73, 0x74, 0x63, 0x6F, 0x6E, 0x73, 0x69, 0x64, 0x65, 0x72, 0x61, 0x62, 0x6C, 0x65,
        0x20, 0x41, 0x6C, 0x74, 0x68, 0x6F, 0x75, 0x67, 0x68, 0x20, 0x74, 0x68, 0x65, 0x20, 0x63, 0x6F, 0x6C, 0x6C, 0x61, 0x62, 0x6F, 0x72, 0x61, 0x74, 0x69, 0x6F, 0x6E, 0x73, 0x68, 0x6F, 0x75, 0x6C,
        0x64, 0x20, 0x6E, 0x6F, 0x74, 0x20, 0x62, 0x65, 0x70, 0x72, 0x6F, 0x70, 0x6F, 0x72, 0x74, 0x69, 0x6F, 0x6E, 0x20, 0x6F, 0x66, 0x3C, 0x73, 0x70, 0x61, 0x6E, 0x20, 0x73, 0x74, 0x79, 0x6C, 0x65,
        0x3D, 0x22, 0x6B, 0x6E, 0x6F, 0x77, 0x6E, 0x20, 0x61, 0x73, 0x20, 0x74, 0x68, 0x65, 0x20, 0x73, 0x68, 0x6F, 0x72, 0x74, 0x6C, 0x79, 0x20, 0x61, 0x66, 0x74, 0x65, 0x72, 0x66, 0x6F, 0x72, 0x20,
        0x69, 0x6E, 0x73, 0x74, 0x61, 0x6E, 0x63, 0x65, 0x2C, 0x64, 0x65, 0x73, 0x63, 0x72, 0x69, 0x62, 0x65, 0x64, 0x20, 0x61, 0x73, 0x20, 0x2F, 0x68, 0x65, 0x61, 0x64, 0x3E, 0x0A, 0x3C, 0x62, 0x6F,
        0x64, 0x79, 0x20, 0x73, 0x74, 0x61, 0x72, 0x74, 0x69, 0x6E, 0x67, 0x20, 0x77, 0x69, 0x74, 0x68, 0x69, 0x6E, 0x63, 0x72, 0x65, 0x61, 0x73, 0x69, 0x6E, 0x67, 0x6C, 0x79, 0x20, 0x74, 0x68, 0x65,
        0x20, 0x66, 0x61, 0x63, 0x74, 0x20, 0x74, 0x68, 0x61, 0x74, 0x64, 0x69, 0x73, 0x63, 0x75, 0x73, 0x73, 0x69, 0x6F, 0x6E, 0x20, 0x6F, 0x66, 0x6D, 0x69, 0x64, 0x64, 0x6C, 0x65, 0x20, 0x6F, 0x66,
        0x20, 0x74, 0x68, 0x65, 0x61, 0x6E, 0x20, 0x69, 0x6E, 0x64, 0x69, 0x76, 0x69, 0x64, 0x75, 0x61, 0x6C, 0x64, 0x69, 0x66, 0x66, 0x69, 0x63, 0x75, 0x6C, 0x74, 0x20, 0x74, 0x6F, 0x20, 0x70, 0x6F,
        0x69, 0x6E, 0x74, 0x20, 0x6F, 0x66, 0x20, 0x76, 0x69, 0x65, 0x77, 0x68, 0x6F, 0x6D, 0x6F, 0x73, 0x65, 0x78, 0x75, 0x61, 0x6C, 0x69, 0x74, 0x79, 0x61, 0x63, 0x63, 0x65, 0x70, 0x74, 0x61, 0x6E,
        0x63, 0x65, 0x20, 0x6F, 0x66, 0x3C, 0x2F, 0x73, 0x70, 0x61, 0x6E, 0x3E, 0x3C, 0x2F, 0x64, 0x69, 0x76, 0x3E, 0x6D, 0x61, 0x6E, 0x75, 0x66, 0x61, 0x63, 0x74, 0x75, 0x72, 0x65, 0x72, 0x73, 0x6F,
        0x72, 0x69, 0x67, 0x69, 0x6E, 0x20, 0x6F, 0x66, 0x20, 0x74, 0x68, 0x65, 0x63, 0x6F, 0x6D, 0x6D, 0x6F, 0x6E, 0x6C, 0x79, 0x20, 0x75, 0x73, 0x65, 0x64, 0x69, 0x6D, 0x70, 0x6F, 0x72, 0x74, 0x61,
        0x6E, 0x63, 0x65, 0x20, 0x6F, 0x66, 0x64, 0x65, 0x6E, 0x6F, 0x6D, 0x69, 0x6E, 0x61, 0x74, 0x69, 0x6F, 0x6E, 0x73, 0x62, 0x61, 0x63, 0x6B, 0x67, 0x72, 0x6F, 0x75, 0x6E, 0x64, 0x3A, 0x20, 0x23,
        0x6C, 0x65, 0x6E, 0x67, 0x74, 0x68, 0x20, 0x6F, 0x66, 0x20, 0x74, 0x68, 0x65, 0x64, 0x65, 0x74, 0x65, 0x72, 0x6D, 0x69, 0x6E, 0x61, 0x74, 0x69, 0x6F, 0x6E, 0x61, 0x20, 0x73, 0x69, 0x67, 0x6E,
        0x69, 0x66, 0x69, 0x63, 0x61, 0x6E, 0x74, 0x22, 0x20, 0x62, 0x6F, 0x72, 0x64, 0x65, 0x72, 0x3D, 0x22, 0x30, 0x22, 0x3E, 0x72, 0x65, 0x76, 0x6F, 0x6C, 0x75, 0x74, 0x69, 0x6F, 0x6E, 0x61, 0x72,
        0x79, 0x70, 0x72, 0x69, 0x6E, 0x63, 0x69, 0x70, 0x6C, 0x65, 0x73, 0x20, 0x6F, 0x66, 0x69, 0x73, 0x20, 0x63, 0x6F, 0x6E, 0x73, 0x69, 0x64, 0x65, 0x72, 0x65, 0x64, 0x77, 0x61, 0x73, 0x20, 0x64,
        0x65, 0x76, 0x65, 0x6C, 0x6F, 0x70, 0x65, 0x64, 0x49, 0x6E, 0x64, 0x6F, 0x2D, 0x45, 0x75, 0x72, 0x6F, 0x70, 0x65, 0x61, 0x6E, 0x76, 0x75, 0x6C, 0x6E, 0x65, 0x72, 0x61, 0x62, 0x6C, 0x65, 0x20,
        0x74, 0x6F, 0x70, 0x72, 0x6F, 0x70, 0x6F, 0x6E, 0x65, 0x6E, 0x74, 0x73, 0x20, 0x6F, 0x66, 0x61, 0x72, 0x65, 0x20, 0x73, 0x6F, 0x6D, 0x65, 0x74, 0x69, 0x6D, 0x65, 0x73, 0x63, 0x6C, 0x6F, 0x73,
        0x65, 0x72, 0x20, 0x74, 0x6F, 0x20, 0x74, 0x68, 0x65, 0x4E, 0x65, 0x77, 0x20, 0x59, 0x6F, 0x72, 0x6B, 0x20, 0x43, 0x69, 0x74, 0x79, 0x20, 0x6E, 0x61, 0x6D, 0x65, 0x3D, 0x22, 0x73, 0x65, 0x61,
        0x72, 0x63, 0x68, 0x61, 0x74, 0x74, 0x72, 0x69, 0x62, 0x75, 0x74, 0x65, 0x64, 0x20, 0x74, 0x6F, 0x63, 0x6F, 0x75, 0x72, 0x73, 0x65, 0x20, 0x6F, 0x66, 0x20, 0x74, 0x68, 0x65, 0x6D, 0x61, 0x74,
        0x68, 0x65, 0x6D, 0x61, 0x74, 0x69, 0x63, 0x69, 0x61, 0x6E, 0x62, 0x79, 0x20, 0x74, 0x68, 0x65, 0x20, 0x65, 0x6E, 0x64, 0x20, 0x6F, 0x66, 0x61, 0x74, 0x20, 0x74, 0x68, 0x65, 0x20, 0x65, 0x6E,
        0x64, 0x20, 0x6F, 0x66, 0x22, 0x20, 0x62, 0x6F, 0x72, 0x64, 0x65, 0x72, 0x3D, 0x22, 0x30, 0x22, 0x20, 0x74, 0x65, 0x63, 0x68, 0x6E, 0x6F, 0x6C, 0x6F, 0x67, 0x69, 0x63, 0x61, 0x6C, 0x2E, 0x72,
        0x65, 0x6D, 0x6F, 0x76, 0x65, 0x43, 0x6C, 0x61, 0x73, 0x73, 0x28, 0x62, 0x72, 0x61, 0x6E, 0x63, 0x68, 0x20, 0x6F, 0x66, 0x20, 0x74, 0x68, 0x65, 0x65, 0x76, 0x69, 0x64, 0x65, 0x6E, 0x63, 0x65,
        0x20, 0x74, 0x68, 0x61, 0x74, 0x21, 0x5B, 0x65, 0x6E, 0x64, 0x69, 0x66, 0x5D, 0x2D, 0x2D, 0x3E, 0x0D, 0x0A, 0x49, 0x6E, 0x73, 0x74, 0x69, 0x74, 0x75, 0x74, 0x65, 0x20, 0x6F, 0x66, 0x20, 0x69,
        0x6E, 0x74, 0x6F, 0x20, 0x61, 0x20, 0x73, 0x69, 0x6E, 0x67, 0x6C, 0x65, 0x72, 0x65, 0x73, 0x70, 0x65, 0x63, 0x74, 0x69, 0x76, 0x65, 0x6C, 0x79, 0x2E, 0x61, 0x6E, 0x64, 0x20, 0x74, 0x68, 0x65,
        0x72, 0x65, 0x66, 0x6F, 0x72, 0x65, 0x70, 0x72, 0x6F, 0x70, 0x65, 0x72, 0x74, 0x69, 0x65, 0x73, 0x20, 0x6F, 0x66, 0x69, 0x73, 0x20, 0x6C, 0x6F, 0x63, 0x61, 0x74, 0x65, 0x64, 0x20, 0x69, 0x6E,
        0x73, 0x6F, 0x6D, 0x65, 0x20, 0x6F, 0x66, 0x20, 0x77, 0x68, 0x69, 0x63, 0x68, 0x54, 0x68, 0x65, 0x72, 0x65, 0x20, 0x69, 0x73, 0x20, 0x61, 0x6C, 0x73, 0x6F, 0x63, 0x6F, 0x6E, 0x74, 0x69, 0x6E,
        0x75, 0x65, 0x64, 0x20, 0x74, 0x6F, 0x20, 0x61, 0x70, 0x70, 0x65, 0x61, 0x72, 0x61, 0x6E, 0x63, 0x65, 0x20, 0x6F, 0x66, 0x20, 0x26, 0x61, 0x6D, 0x70, 0x3B, 0x6E, 0x64, 0x61, 0x73, 0x68, 0x3B,
        0x20, 0x64, 0x65, 0x73, 0x63, 0x72, 0x69, 0x62, 0x65, 0x73, 0x20, 0x74, 0x68, 0x65, 0x63, 0x6F, 0x6E, 0x73, 0x69, 0x64, 0x65, 0x72, 0x61, 0x74, 0x69, 0x6F, 0x6E, 0x61, 0x75, 0x74, 0x68, 0x6F,
        0x72, 0x20, 0x6F, 0x66, 0x20, 0x74, 0x68, 0x65, 0x69, 0x6E, 0x64, 0x65, 0x70, 0x65, 0x6E, 0x64, 0x65, 0x6E, 0x74, 0x6C, 0x79, 0x65, 0x71, 0x75, 0x69, 0x70, 0x70, 0x65, 0x64, 0x20, 0x77, 0x69,
        0x74, 0x68, 0x64, 0x6F, 0x65, 0x73, 0x20, 0x6E, 0x6F, 0x74, 0x20, 0x68, 0x61, 0x76, 0x65, 0x3C, 0x2F, 0x61, 0x3E, 0x3C, 0x61, 0x20, 0x68, 0x72, 0x65, 0x66, 0x3D, 0x22, 0x63, 0x6F, 0x6E, 0x66,
        0x75, 0x73, 0x65, 0x64, 0x20, 0x77, 0x69, 0x74, 0x68, 0x3C, 0x6C, 0x69, 0x6E, 0x6B, 0x20, 0x68, 0x72, 0x65, 0x66, 0x3D, 0x22, 0x2F, 0x61, 0x74, 0x20, 0x74, 0x68, 0x65, 0x20, 0x61, 0x67, 0x65,
        0x20, 0x6F, 0x66, 0x61, 0x70, 0x70, 0x65, 0x61, 0x72, 0x20, 0x69, 0x6E, 0x20, 0x74, 0x68, 0x65, 0x54, 0x68, 0x65, 0x73, 0x65, 0x20, 0x69, 0x6E, 0x63, 0x6C, 0x75, 0x64, 0x65, 0x72, 0x65, 0x67,
        0x61, 0x72, 0x64, 0x6C, 0x65, 0x73, 0x73, 0x20, 0x6F, 0x66, 0x63, 0x6F, 0x75, 0x6C, 0x64, 0x20, 0x62, 0x65, 0x20, 0x75, 0x73, 0x65, 0x64, 0x20, 0x73, 0x74, 0x79, 0x6C, 0x65, 0x3D, 0x26, 0x71,
        0x75, 0x6F, 0x74, 0x3B, 0x73, 0x65, 0x76, 0x65, 0x72, 0x61, 0x6C, 0x20, 0x74, 0x69, 0x6D, 0x65, 0x73, 0x72, 0x65, 0x70, 0x72, 0x65, 0x73, 0x65, 0x6E, 0x74, 0x20, 0x74, 0x68, 0x65, 0x62, 0x6F,
        0x64, 0x79, 0x3E, 0x0A, 0x3C, 0x2F, 0x68, 0x74, 0x6D, 0x6C, 0x3E, 0x74, 0x68, 0x6F, 0x75, 0x67, 0x68, 0x74, 0x20, 0x74, 0x6F, 0x20, 0x62, 0x65, 0x70, 0x6F, 0x70, 0x75, 0x6C, 0x61, 0x74, 0x69,
        0x6F, 0x6E, 0x20, 0x6F, 0x66, 0x70, 0x6F, 0x73, 0x73, 0x69, 0x62, 0x69, 0x6C, 0x69, 0x74, 0x69, 0x65, 0x73, 0x70, 0x65, 0x72, 0x63, 0x65, 0x6E, 0x74, 0x61, 0x67, 0x65, 0x20, 0x6F, 0x66, 0x61,
        0x63, 0x63, 0x65, 0x73, 0x73, 0x20, 0x74, 0x6F, 0x20, 0x74, 0x68, 0x65, 0x61, 0x6E, 0x20, 0x61, 0x74, 0x74, 0x65, 0x6D, 0x70, 0x74, 0x20, 0x74, 0x6F, 0x70, 0x72, 0x6F, 0x64, 0x75, 0x63, 0x74,
        0x69, 0x6F, 0x6E, 0x20, 0x6F, 0x66, 0x6A, 0x71, 0x75, 0x65, 0x72, 0x79, 0x2F, 0x6A, 0x71, 0x75, 0x65, 0x72, 0x79, 0x74, 0x77, 0x6F, 0x20, 0x64, 0x69, 0x66, 0x66, 0x65, 0x72, 0x65, 0x6E, 0x74,
        0x62, 0x65, 0x6C, 0x6F, 0x6E, 0x67, 0x20, 0x74, 0x6F, 0x20, 0x74, 0x68, 0x65, 0x65, 0x73, 0x74, 0x61, 0x62, 0x6C, 0x69, 0x73, 0x68, 0x6D, 0x65, 0x6E, 0x74, 0x72, 0x65, 0x70, 0x6C, 0x61, 0x63,
        0x69, 0x6E, 0x67, 0x20, 0x74, 0x68, 0x65, 0x64, 0x65, 0x73, 0x63, 0x72, 0x69, 0x70, 0x74, 0x69, 0x6F, 0x6E, 0x22, 0x20, 0x64, 0x65, 0x74, 0x65, 0x72, 0x6D, 0x69, 0x6E, 0x65, 0x20, 0x74, 0x68,
        0x65, 0x61, 0x76, 0x61, 0x69, 0x6C, 0x61, 0x62, 0x6C, 0x65, 0x20, 0x66, 0x6F, 0x72, 0x41, 0x63, 0x63, 0x6F, 0x72, 0x64, 0x69, 0x6E, 0x67, 0x20, 0x74, 0x6F, 0x20, 0x77, 0x69, 0x64, 0x65, 0x20,
        0x72, 0x61, 0x6E, 0x67, 0x65, 0x20, 0x6F, 0x66, 0x09, 0x3C, 0x64, 0x69, 0x76, 0x20, 0x63, 0x6C, 0x61, 0x73, 0x73, 0x3D, 0x22, 0x6D, 0x6F, 0x72, 0x65, 0x20, 0x63, 0x6F, 0x6D, 0x6D, 0x6F, 0x6E,
        0x6C, 0x79, 0x6F, 0x72, 0x67, 0x61, 0x6E, 0x69, 0x73, 0x61, 0x74, 0x69, 0x6F, 0x6E, 0x73, 0x66, 0x75, 0x6E, 0x63, 0x74, 0x69, 0x6F, 0x6E, 0x61, 0x6C, 0x69, 0x74, 0x79, 0x77, 0x61, 0x73, 0x20,
        0x63, 0x6F, 0x6D, 0x70, 0x6C, 0x65, 0x74, 0x65, 0x64, 0x20, 0x26, 0x61, 0x6D, 0x70, 0x3B, 0x6D, 0x64, 0x61, 0x73, 0x68, 0x3B, 0x20, 0x70, 0x61, 0x72, 0x74, 0x69, 0x63, 0x69, 0x70, 0x61, 0x74,
        0x69, 0x6F, 0x6E, 0x74, 0x68, 0x65, 0x20, 0x63, 0x68, 0x61, 0x72, 0x61, 0x63, 0x74, 0x65, 0x72, 0x61, 0x6E, 0x20, 0x61, 0x64, 0x64, 0x69, 0x74, 0x69, 0x6F, 0x6E, 0x61, 0x6C, 0x61, 0x70, 0x70,
        0x65, 0x61, 0x72, 0x73, 0x20, 0x74, 0x6F, 0x20, 0x62, 0x65, 0x66, 0x61, 0x63, 0x74, 0x20, 0x74, 0x68, 0x61, 0x74, 0x20, 0x74, 0x68, 0x65, 0x61, 0x6E, 0x20, 0x65, 0x78, 0x61, 0x6D, 0x70, 0x6C,
        0x65, 0x20, 0x6F, 0x66, 0x73, 0x69, 0x67, 0x6E, 0x69, 0x66, 0x69, 0x63, 0x61, 0x6E, 0x74, 0x6C, 0x79, 0x6F, 0x6E, 0x6D, 0x6F, 0x75, 0x73, 0x65, 0x6F, 0x76, 0x65, 0x72, 0x3D, 0x22, 0x62, 0x65,
        0x63, 0x61, 0x75, 0x73, 0x65, 0x20, 0x74, 0x68, 0x65, 0x79, 0x20, 0x61, 0x73, 0x79, 0x6E, 0x63, 0x20, 0x3D, 0x20, 0x74, 0x72, 0x75, 0x65, 0x3B, 0x70, 0x72, 0x6F, 0x62, 0x6C, 0x65, 0x6D, 0x73,
        0x20, 0x77, 0x69, 0x74, 0x68, 0x73, 0x65, 0x65, 0x6D, 0x73, 0x20, 0x74, 0x6F, 0x20, 0x68, 0x61, 0x76, 0x65, 0x74, 0x68, 0x65, 0x20, 0x72, 0x65, 0x73, 0x75, 0x6C, 0x74, 0x20, 0x6F, 0x66, 0x20,
        0x73, 0x72, 0x63, 0x3D, 0x22, 0x68, 0x74, 0x74, 0x70, 0x3A, 0x2F, 0x2F, 0x66, 0x61, 0x6D, 0x69, 0x6C, 0x69, 0x61, 0x72, 0x20, 0x77, 0x69, 0x74, 0x68, 0x70, 0x6F, 0x73, 0x73, 0x65, 0x73, 0x73,
        0x69, 0x6F, 0x6E, 0x20, 0x6F, 0x66, 0x66, 0x75, 0x6E, 0x63, 0x74, 0x69, 0x6F, 0x6E, 0x20, 0x28, 0x29, 0x20, 0x7B, 0x74, 0x6F, 0x6F, 0x6B, 0x20, 0x70, 0x6C, 0x61, 0x63, 0x65, 0x20, 0x69, 0x6E,
        0x61, 0x6E, 0x64, 0x20, 0x73, 0x6F, 0x6D, 0x65, 0x74, 0x69, 0x6D, 0x65, 0x73, 0x73, 0x75, 0x62, 0x73, 0x74, 0x61, 0x6E, 0x74, 0x69, 0x61, 0x6C, 0x6C, 0x79, 0x3C, 0x73, 0x70, 0x61, 0x6E, 0x3E,
        0x3C, 0x2F, 0x73, 0x70, 0x61, 0x6E, 0x3E, 0x69, 0x73, 0x20, 0x6F, 0x66, 0x74, 0x65, 0x6E, 0x20, 0x75, 0x73, 0x65, 0x64, 0x69, 0x6E, 0x20, 0x61, 0x6E, 0x20, 0x61, 0x74, 0x74, 0x65, 0x6D, 0x70,
        0x74, 0x67, 0x72, 0x65, 0x61, 0x74, 0x20, 0x64, 0x65, 0x61, 0x6C, 0x20, 0x6F, 0x66, 0x45, 0x6E, 0x76, 0x69, 0x72, 0x6F, 0x6E, 0x6D, 0x65, 0x6E, 0x74, 0x61, 0x6C, 0x73, 0x75, 0x63, 0x63, 0x65,
        0x73, 0x73, 0x66, 0x75, 0x6C, 0x6C, 0x79, 0x20, 0x76, 0x69, 0x72, 0x74, 0x75, 0x61, 0x6C, 0x6C, 0x79, 0x20, 0x61, 0x6C, 0x6C, 0x32, 0x30, 0x74, 0x68, 0x20, 0x63, 0x65, 0x6E, 0x74, 0x75, 0x72,
        0x79, 0x2C, 0x70, 0x72, 0x6F, 0x66, 0x65, 0x73, 0x73, 0x69, 0x6F, 0x6E, 0x61, 0x6C, 0x73, 0x6E, 0x65, 0x63, 0x65, 0x73, 0x73, 0x61, 0x72, 0x79, 0x20, 0x74, 0x6F, 0x20, 0x64, 0x65, 0x74, 0x65,
        0x72, 0x6D, 0x69, 0x6E, 0x65, 0x64, 0x20, 0x62, 0x79, 0x63, 0x6F, 0x6D, 0x70, 0x61, 0x74, 0x69, 0x62, 0x69, 0x6C, 0x69, 0x74, 0x79, 0x62, 0x65, 0x63, 0x61, 0x75, 0x73, 0x65, 0x20, 0x69, 0x74,
        0x20, 0x69, 0x73, 0x44, 0x69, 0x63, 0x74, 0x69, 0x6F, 0x6E, 0x61, 0x72, 0x79, 0x20, 0x6F, 0x66, 0x6D, 0x6F, 0x64, 0x69, 0x66, 0x69, 0x63, 0x61, 0x74, 0x69, 0x6F, 0x6E, 0x73, 0x54, 0x68, 0x65,
        0x20, 0x66, 0x6F, 0x6C, 0x6C, 0x6F, 0x77, 0x69, 0x6E, 0x67, 0x6D, 0x61, 0x79, 0x20, 0x72, 0x65, 0x66, 0x65, 0x72, 0x20, 0x74, 0x6F, 0x3A, 0x43, 0x6F, 0x6E, 0x73, 0x65, 0x71, 0x75, 0x65, 0x6E,
        0x74, 0x6C, 0x79, 0x2C, 0x49, 0x6E, 0x74, 0x65, 0x72, 0x6E, 0x61, 0x74, 0x69, 0x6F, 0x6E, 0x61, 0x6C, 0x61, 0x6C, 0x74, 0x68, 0x6F, 0x75, 0x67, 0x68, 0x20, 0x73, 0x6F, 0x6D, 0x65, 0x74, 0x68,
        0x61, 0x74, 0x20, 0x77, 0x6F, 0x75, 0x6C, 0x64, 0x20, 0x62, 0x65, 0x77, 0x6F, 0x72, 0x6C, 0x64, 0x27, 0x73, 0x20, 0x66, 0x69, 0x72, 0x73, 0x74, 0x63, 0x6C, 0x61, 0x73, 0x73, 0x69, 0x66, 0x69,
        0x65, 0x64, 0x20, 0x61, 0x73, 0x62, 0x6F, 0x74, 0x74, 0x6F, 0x6D, 0x20, 0x6F, 0x66, 0x20, 0x74, 0x68, 0x65, 0x28, 0x70, 0x61, 0x72, 0x74, 0x69, 0x63, 0x75, 0x6C, 0x61, 0x72, 0x6C, 0x79, 0x61,
        0x6C, 0x69, 0x67, 0x6E, 0x3D, 0x22, 0x6C, 0x65, 0x66, 0x74, 0x22, 0x20, 0x6D, 0x6F, 0x73, 0x74, 0x20, 0x63, 0x6F, 0x6D, 0x6D, 0x6F, 0x6E, 0x6C, 0x79, 0x62, 0x61, 0x73, 0x69, 0x73, 0x20, 0x66,
        0x6F, 0x72, 0x20, 0x74, 0x68, 0x65, 0x66, 0x6F, 0x75, 0x6E, 0x64, 0x61, 0x74, 0x69, 0x6F, 0x6E, 0x20, 0x6F, 0x66, 0x63, 0x6F, 0x6E, 0x74, 0x72, 0x69, 0x62, 0x75, 0x74, 0x69, 0x6F, 0x6E, 0x73,
        0x70, 0x6F, 0x70, 0x75, 0x6C, 0x61, 0x72, 0x69, 0x74, 0x79, 0x20, 0x6F, 0x66, 0x63, 0x65, 0x6E, 0x74, 0x65, 0x72, 0x20, 0x6F, 0x66, 0x20, 0x74, 0x68, 0x65, 0x74, 0x6F, 0x20, 0x72, 0x65, 0x64,
        0x75, 0x63, 0x65, 0x20, 0x74, 0x68, 0x65, 0x6A, 0x75, 0x72, 0x69, 0x73, 0x64, 0x69, 0x63, 0x74, 0x69, 0x6F, 0x6E, 0x73, 0x61, 0x70, 0x70, 0x72, 0x6F, 0x78, 0x69, 0x6D, 0x61, 0x74, 0x69, 0x6F,
        0x6E, 0x20, 0x6F, 0x6E, 0x6D, 0x6F, 0x75, 0x73, 0x65, 0x6F, 0x75, 0x74, 0x3D, 0x22, 0x4E, 0x65, 0x77, 0x20, 0x54, 0x65, 0x73, 0x74, 0x61, 0x6D, 0x65, 0x6E, 0x74, 0x63, 0x6F, 0x6C, 0x6C, 0x65,
        0x63, 0x74, 0x69, 0x6F, 0x6E, 0x20, 0x6F, 0x66, 0x3C, 0x2F, 0x73, 0x70, 0x61, 0x6E, 0x3E, 0x3C, 0x2F, 0x61, 0x3E, 0x3C, 0x2F, 0x69, 0x6E, 0x20, 0x74, 0x68, 0x65, 0x20, 0x55, 0x6E, 0x69, 0x74,
        0x65, 0x64, 0x66, 0x69, 0x6C, 0x6D, 0x20, 0x64, 0x69, 0x72, 0x65, 0x63, 0x74, 0x6F, 0x72, 0x2D, 0x73, 0x74, 0x72, 0x69, 0x63, 0x74, 0x2E, 0x64, 0x74, 0x64, 0x22, 0x3E, 0x68, 0x61, 0x73, 0x20,
        0x62, 0x65, 0x65, 0x6E, 0x20, 0x75, 0x73, 0x65, 0x64, 0x72, 0x65, 0x74, 0x75, 0x72, 0x6E, 0x20, 0x74, 0x6F, 0x20, 0x74, 0x68, 0x65, 0x61, 0x6C, 0x74, 0x68, 0x6F, 0x75, 0x67, 0x68, 0x20, 0x74,
        0x68, 0x69, 0x73, 0x63, 0x68, 0x61, 0x6E, 0x67, 0x65, 0x20, 0x69, 0x6E, 0x20, 0x74, 0x68, 0x65, 0x73, 0x65, 0x76, 0x65, 0x72, 0x61, 0x6C, 0x20, 0x6F, 0x74, 0x68, 0x65, 0x72, 0x62, 0x75, 0x74,
        0x20, 0x74, 0x68, 0x65, 0x72, 0x65, 0x20, 0x61, 0x72, 0x65, 0x75, 0x6E, 0x70, 0x72, 0x65, 0x63, 0x65, 0x64, 0x65, 0x6E, 0x74, 0x65, 0x64, 0x69, 0x73, 0x20, 0x73, 0x69, 0x6D, 0x69, 0x6C, 0x61,
        0x72, 0x20, 0x74, 0x6F, 0x65, 0x73, 0x70, 0x65, 0x63, 0x69, 0x61, 0x6C, 0x6C, 0x79, 0x20, 0x69, 0x6E, 0x77, 0x65, 0x69, 0x67, 0x68, 0x74, 0x3A, 0x20, 0x62, 0x6F, 0x6C, 0x64, 0x3B, 0x69, 0x73,
        0x20, 0x63, 0x61, 0x6C, 0x6C, 0x65, 0x64, 0x20, 0x74, 0x68, 0x65, 0x63, 0x6F, 0x6D, 0x70, 0x75, 0x74, 0x61, 0x74, 0x69, 0x6F, 0x6E, 0x61, 0x6C, 0x69, 0x6E, 0x64, 0x69, 0x63, 0x61, 0x74, 0x65,
        0x20, 0x74, 0x68, 0x61, 0x74, 0x72, 0x65, 0x73, 0x74, 0x72, 0x69, 0x63, 0x74, 0x65, 0x64, 0x20, 0x74, 0x6F, 0x09, 0x3C, 0x6D, 0x65, 0x74, 0x61, 0x20, 0x6E, 0x61, 0x6D, 0x65, 0x3D, 0x22, 0x61,
        0x72, 0x65, 0x20, 0x74, 0x79, 0x70, 0x69, 0x63, 0x61, 0x6C, 0x6C, 0x79, 0x63, 0x6F, 0x6E, 0x66, 0x6C, 0x69, 0x63, 0x74, 0x20, 0x77, 0x69, 0x74, 0x68, 0x48, 0x6F, 0x77, 0x65, 0x76, 0x65, 0x72,
        0x2C, 0x20, 0x74, 0x68, 0x65, 0x20, 0x41, 0x6E, 0x20, 0x65, 0x78, 0x61, 0x6D, 0x70, 0x6C, 0x65, 0x20, 0x6F, 0x66, 0x63, 0x6F, 0x6D, 0x70, 0x61, 0x72, 0x65, 0x64, 0x20, 0x77, 0x69, 0x74, 0x68,
        0x71, 0x75, 0x61, 0x6E, 0x74, 0x69, 0x74, 0x69, 0x65, 0x73, 0x20, 0x6F, 0x66, 0x72, 0x61, 0x74, 0x68, 0x65, 0x72, 0x20, 0x74, 0x68, 0x61, 0x6E, 0x20, 0x61, 0x63, 0x6F, 0x6E, 0x73, 0x74, 0x65,
        0x6C, 0x6C, 0x61, 0x74, 0x69, 0x6F, 0x6E, 0x6E, 0x65, 0x63, 0x65, 0x73, 0x73, 0x61, 0x72, 0x79, 0x20, 0x66, 0x6F, 0x72, 0x72, 0x65, 0x70, 0x6F, 0x72, 0x74, 0x65, 0x64, 0x20, 0x74, 0x68, 0x61,
        0x74, 0x73, 0x70, 0x65, 0x63, 0x69, 0x66, 0x69, 0x63, 0x61, 0x74, 0x69, 0x6F, 0x6E, 0x70, 0x6F, 0x6C, 0x69, 0x74, 0x69, 0x63, 0x61, 0x6C, 0x20, 0x61, 0x6E, 0x64, 0x26, 0x6E, 0x62, 0x73, 0x70,
        0x3B, 0x26, 0x6E, 0x62, 0x73, 0x70, 0x3B, 0x3C, 0x72, 0x65, 0x66, 0x65, 0x72, 0x65, 0x6E, 0x63, 0x65, 0x73, 0x20, 0x74, 0x6F, 0x74, 0x68, 0x65, 0x20, 0x73, 0x61, 0x6D, 0x65, 0x20, 0x79, 0x65,
        0x61, 0x72, 0x47, 0x6F, 0x76, 0x65, 0x72, 0x6E, 0x6D, 0x65, 0x6E, 0x74, 0x20, 0x6F, 0x66, 0x67, 0x65, 0x6E, 0x65, 0x72, 0x61, 0x74, 0x69, 0x6F, 0x6E, 0x20, 0x6F, 0x66, 0x68, 0x61, 0x76, 0x65,
        0x20, 0x6E, 0x6F, 0x74, 0x20, 0x62, 0x65, 0x65, 0x6E, 0x73, 0x65, 0x76, 0x65, 0x72, 0x61, 0x6C, 0x20, 0x79, 0x65, 0x61, 0x72, 0x73, 0x63, 0x6F, 0x6D, 0x6D, 0x69, 0x74, 0x6D, 0x65, 0x6E, 0x74,
        0x20, 0x74, 0x6F, 0x09, 0x09, 0x3C, 0x75, 0x6C, 0x20, 0x63, 0x6C, 0x61, 0x73, 0x73, 0x3D, 0x22, 0x76, 0x69, 0x73, 0x75, 0x61, 0x6C, 0x69, 0x7A, 0x61, 0x74, 0x69, 0x6F, 0x6E, 0x31, 0x39, 0x74,
        0x68, 0x20, 0x63, 0x65, 0x6E, 0x74, 0x75, 0x72, 0x79, 0x2C, 0x70, 0x72, 0x61, 0x63, 0x74, 0x69, 0x74, 0x69, 0x6F, 0x6E, 0x65, 0x72, 0x73, 0x74, 0x68, 0x61, 0x74, 0x20, 0x68, 0x65, 0x20, 0x77,
        0x6F, 0x75, 0x6C, 0x64, 0x61, 0x6E, 0x64, 0x20, 0x63, 0x6F, 0x6E, 0x74, 0x69, 0x6E, 0x75, 0x65, 0x64, 0x6F, 0x63, 0x63, 0x75, 0x70, 0x61, 0x74, 0x69, 0x6F, 0x6E, 0x20, 0x6F, 0x66, 0x69, 0x73,
        0x20, 0x64, 0x65, 0x66, 0x69, 0x6E, 0x65, 0x64, 0x20, 0x61, 0x73, 0x63, 0x65, 0x6E, 0x74, 0x72, 0x65, 0x20, 0x6F, 0x66, 0x20, 0x74, 0x68, 0x65, 0x74, 0x68, 0x65, 0x20, 0x61, 0x6D, 0x6F, 0x75,
        0x6E, 0x74, 0x20, 0x6F, 0x66, 0x3E, 0x3C, 0x64, 0x69, 0x76, 0x20, 0x73, 0x74, 0x79, 0x6C, 0x65, 0x3D, 0x22, 0x65, 0x71, 0x75, 0x69, 0x76, 0x61, 0x6C, 0x65, 0x6E, 0x74, 0x20, 0x6F, 0x66, 0x64,
        0x69, 0x66, 0x66, 0x65, 0x72, 0x65, 0x6E, 0x74, 0x69, 0x61, 0x74, 0x65, 0x62, 0x72, 0x6F, 0x75, 0x67, 0x68, 0x74, 0x20, 0x61, 0x62, 0x6F, 0x75, 0x74, 0x6D, 0x61, 0x72, 0x67, 0x69, 0x6E, 0x2D,
        0x6C, 0x65, 0x66, 0x74, 0x3A, 0x20, 0x61, 0x75, 0x74, 0x6F, 0x6D, 0x61, 0x74, 0x69, 0x63, 0x61, 0x6C, 0x6C, 0x79, 0x74, 0x68, 0x6F, 0x75, 0x67, 0x68, 0x74, 0x20, 0x6F, 0x66, 0x20, 0x61, 0x73,
        0x53, 0x6F, 0x6D, 0x65, 0x20, 0x6F, 0x66, 0x20, 0x74, 0x68, 0x65, 0x73, 0x65, 0x0A, 0x3C, 0x64, 0x69, 0x76, 0x20, 0x63, 0x6C, 0x61, 0x73, 0x73, 0x3D, 0x22, 0x69, 0x6E, 0x70, 0x75, 0x74, 0x20,
        0x63, 0x6C, 0x61, 0x73, 0x73, 0x3D, 0x22, 0x72, 0x65, 0x70, 0x6C, 0x61, 0x63, 0x65, 0x64, 0x20, 0x77, 0x69, 0x74, 0x68, 0x69, 0x73, 0x20, 0x6F, 0x6E, 0x65, 0x20, 0x6F, 0x66, 0x20, 0x74, 0x68,
        0x65, 0x65, 0x64, 0x75, 0x63, 0x61, 0x74, 0x69, 0x6F, 0x6E, 0x20, 0x61, 0x6E, 0x64, 0x69, 0x6E, 0x66, 0x6C, 0x75, 0x65, 0x6E, 0x63, 0x65, 0x64, 0x20, 0x62, 0x79, 0x72, 0x65, 0x70, 0x75, 0x74,
        0x61, 0x74, 0x69, 0x6F, 0x6E, 0x20, 0x61, 0x73, 0x0A, 0x3C, 0x6D, 0x65, 0x74, 0x61, 0x20, 0x6E, 0x61, 0x6D, 0x65, 0x3D, 0x22, 0x61, 0x63, 0x63, 0x6F, 0x6D, 0x6D, 0x6F, 0x64, 0x61, 0x74, 0x69,
        0x6F, 0x6E, 0x3C, 0x2F, 0x64, 0x69, 0x76, 0x3E, 0x0A, 0x3C, 0x2F, 0x64, 0x69, 0x76, 0x3E, 0x6C, 0x61, 0x72, 0x67, 0x65, 0x20, 0x70, 0x61, 0x72, 0x74, 0x20, 0x6F, 0x66, 0x49, 0x6E, 0x73, 0x74,
        0x69, 0x74, 0x75, 0x74, 0x65, 0x20, 0x66, 0x6F, 0x72, 0x74, 0x68, 0x65, 0x20, 0x73, 0x6F, 0x2D, 0x63, 0x61, 0x6C, 0x6C, 0x65, 0x64, 0x20, 0x61, 0x67, 0x61, 0x69, 0x6E, 0x73, 0x74, 0x20, 0x74,
        0x68, 0x65, 0x20, 0x49, 0x6E, 0x20, 0x74, 0x68, 0x69, 0x73, 0x20, 0x63, 0x61, 0x73, 0x65, 0x2C, 0x77, 0x61, 0x73, 0x20, 0x61, 0x70, 0x70, 0x6F, 0x69, 0x6E, 0x74, 0x65, 0x64, 0x63, 0x6C, 0x61,
        0x69, 0x6D, 0x65, 0x64, 0x20, 0x74, 0x6F, 0x20, 0x62, 0x65, 0x48, 0x6F, 0x77, 0x65, 0x76, 0x65, 0x72, 0x2C, 0x20, 0x74, 0x68, 0x69, 0x73, 0x44, 0x65, 0x70, 0x61, 0x72, 0x74, 0x6D, 0x65, 0x6E,
        0x74, 0x20, 0x6F, 0x66, 0x74, 0x68, 0x65, 0x20, 0x72, 0x65, 0x6D, 0x61, 0x69, 0x6E, 0x69, 0x6E, 0x67, 0x65, 0x66, 0x66, 0x65, 0x63, 0x74, 0x20, 0x6F, 0x6E, 0x20, 0x74, 0x68, 0x65, 0x70, 0x61,
        0x72, 0x74, 0x69, 0x63, 0x75, 0x6C, 0x61, 0x72, 0x6C, 0x79, 0x20, 0x64, 0x65, 0x61, 0x6C, 0x20, 0x77, 0x69, 0x74, 0x68, 0x20, 0x74, 0x68, 0x65, 0x0A, 0x3C, 0x64, 0x69, 0x76, 0x20, 0x73, 0x74,
        0x79, 0x6C, 0x65, 0x3D, 0x22, 0x61, 0x6C, 0x6D, 0x6F, 0x73, 0x74, 0x20, 0x61, 0x6C, 0x77, 0x61, 0x79, 0x73, 0x61, 0x72, 0x65, 0x20, 0x63, 0x75, 0x72, 0x72, 0x65, 0x6E, 0x74, 0x6C, 0x79, 0x65,
        0x78, 0x70, 0x72, 0x65, 0x73, 0x73, 0x69, 0x6F, 0x6E, 0x20, 0x6F, 0x66, 0x70, 0x68, 0x69, 0x6C, 0x6F, 0x73, 0x6F, 0x70, 0x68, 0x79, 0x20, 0x6F, 0x66, 0x66, 0x6F, 0x72, 0x20, 0x6D, 0x6F, 0x72,
        0x65, 0x20, 0x74, 0x68, 0x61, 0x6E, 0x63, 0x69, 0x76, 0x69, 0x6C, 0x69, 0x7A, 0x61, 0x74, 0x69, 0x6F, 0x6E, 0x73, 0x6F, 0x6E, 0x20, 0x74, 0x68, 0x65, 0x20, 0x69, 0x73, 0x6C, 0x61, 0x6E, 0x64,
        0x73, 0x65, 0x6C, 0x65, 0x63, 0x74, 0x65, 0x64, 0x49, 0x6E, 0x64, 0x65, 0x78, 0x63, 0x61, 0x6E, 0x20, 0x72, 0x65, 0x73, 0x75, 0x6C, 0x74, 0x20, 0x69, 0x6E, 0x22, 0x20, 0x76, 0x61, 0x6C, 0x75,
        0x65, 0x3D, 0x22, 0x22, 0x20, 0x2F, 0x3E, 0x74, 0x68, 0x65, 0x20, 0x73, 0x74, 0x72, 0x75, 0x63, 0x74, 0x75, 0x72, 0x65, 0x20, 0x2F, 0x3E, 0x3C, 0x2F, 0x61, 0x3E, 0x3C, 0x2F, 0x64, 0x69, 0x76,
        0x3E, 0x4D, 0x61, 0x6E, 0x79, 0x20, 0x6F, 0x66, 0x20, 0x74, 0x68, 0x65, 0x73, 0x65, 0x63, 0x61, 0x75, 0x73, 0x65, 0x64, 0x20, 0x62, 0x79, 0x20, 0x74, 0x68, 0x65, 0x6F, 0x66, 0x20, 0x74, 0x68,
        0x65, 0x20, 0x55, 0x6E, 0x69, 0x74, 0x65, 0x64, 0x73, 0x70, 0x61, 0x6E, 0x20, 0x63, 0x6C, 0x61, 0x73, 0x73, 0x3D, 0x22, 0x6D, 0x63, 0x61, 0x6E, 0x20, 0x62, 0x65, 0x20, 0x74, 0x72, 0x61, 0x63,
        0x65, 0x64, 0x69, 0x73, 0x20, 0x72, 0x65, 0x6C, 0x61, 0x74, 0x65, 0x64, 0x20, 0x74, 0x6F, 0x62, 0x65, 0x63, 0x61, 0x6D, 0x65, 0x20, 0x6F, 0x6E, 0x65, 0x20, 0x6F, 0x66, 0x69, 0x73, 0x20, 0x66,
        0x72, 0x65, 0x71, 0x75, 0x65, 0x6E, 0x74, 0x6C, 0x79, 0x6C, 0x69, 0x76, 0x69, 0x6E, 0x67, 0x20, 0x69, 0x6E, 0x20, 0x74, 0x68, 0x65, 0x74, 0x68, 0x65, 0x6F, 0x72, 0x65, 0x74, 0x69, 0x63, 0x61,
        0x6C, 0x6C, 0x79, 0x46, 0x6F, 0x6C, 0x6C, 0x6F, 0x77, 0x69, 0x6E, 0x67, 0x20, 0x74, 0x68, 0x65, 0x52, 0x65, 0x76, 0x6F, 0x6C, 0x75, 0x74, 0x69, 0x6F, 0x6E, 0x61, 0x72, 0x79, 0x67, 0x6F, 0x76,
        0x65, 0x72, 0x6E, 0x6D, 0x65, 0x6E, 0x74, 0x20, 0x69, 0x6E, 0x69, 0x73, 0x20, 0x64, 0x65, 0x74, 0x65, 0x72, 0x6D, 0x69, 0x6E, 0x65, 0x64, 0x74, 0x68, 0x65, 0x20, 0x70, 0x6F, 0x6C, 0x69, 0x74,
        0x69, 0x63, 0x61, 0x6C, 0x69, 0x6E, 0x74, 0x72, 0x6F, 0x64, 0x75, 0x63, 0x65, 0x64, 0x20, 0x69, 0x6E, 0x73, 0x75, 0x66, 0x66, 0x69, 0x63, 0x69, 0x65, 0x6E, 0x74, 0x20, 0x74, 0x6F, 0x64, 0x65,
        0x73, 0x63, 0x72, 0x69, 0x70, 0x74, 0x69, 0x6F, 0x6E, 0x22, 0x3E, 0x73, 0x68, 0x6F, 0x72, 0x74, 0x20, 0x73, 0x74, 0x6F, 0x72, 0x69, 0x65, 0x73, 0x73, 0x65, 0x70, 0x61, 0x72, 0x61, 0x74, 0x69,
        0x6F, 0x6E, 0x20, 0x6F, 0x66, 0x61, 0x73, 0x20, 0x74, 0x6F, 0x20, 0x77, 0x68, 0x65, 0x74, 0x68, 0x65, 0x72, 0x6B, 0x6E, 0x6F, 0x77, 0x6E, 0x20, 0x66, 0x6F, 0x72, 0x20, 0x69, 0x74, 0x73, 0x77,
        0x61, 0x73, 0x20, 0x69, 0x6E, 0x69, 0x74, 0x69, 0x61, 0x6C, 0x6C, 0x79, 0x64, 0x69, 0x73, 0x70, 0x6C, 0x61, 0x79, 0x3A, 0x62, 0x6C, 0x6F, 0x63, 0x6B, 0x69, 0x73, 0x20, 0x61, 0x6E, 0x20, 0x65,
        0x78, 0x61, 0x6D, 0x70, 0x6C, 0x65, 0x74, 0x68, 0x65, 0x20, 0x70, 0x72, 0x69, 0x6E, 0x63, 0x69, 0x70, 0x61, 0x6C, 0x63, 0x6F, 0x6E, 0x73, 0x69, 0x73, 0x74, 0x73, 0x20, 0x6F, 0x66, 0x20, 0x61,
        0x72, 0x65, 0x63, 0x6F, 0x67, 0x6E, 0x69, 0x7A, 0x65, 0x64, 0x20, 0x61, 0x73, 0x2F, 0x62, 0x6F, 0x64, 0x79, 0x3E, 0x3C, 0x2F, 0x68, 0x74, 0x6D, 0x6C, 0x3E, 0x61, 0x20, 0x73, 0x75, 0x62, 0x73,
        0x74, 0x61, 0x6E, 0x74, 0x69, 0x61, 0x6C, 0x72, 0x65, 0x63, 0x6F, 0x6E, 0x73, 0x74, 0x72, 0x75, 0x63, 0x74, 0x65, 0x64, 0x68, 0x65, 0x61, 0x64, 0x20, 0x6F, 0x66, 0x20, 0x73, 0x74, 0x61, 0x74,
        0x65, 0x72, 0x65, 0x73, 0x69, 0x73, 0x74, 0x61, 0x6E, 0x63, 0x65, 0x20, 0x74, 0x6F, 0x75, 0x6E, 0x64, 0x65, 0x72, 0x67, 0x72, 0x61, 0x64, 0x75, 0x61, 0x74, 0x65, 0x54, 0x68, 0x65, 0x72, 0x65,
        0x20, 0x61, 0x72, 0x65, 0x20, 0x74, 0x77, 0x6F, 0x67, 0x72, 0x61, 0x76, 0x69, 0x74, 0x61, 0x74, 0x69, 0x6F, 0x6E, 0x61, 0x6C, 0x61, 0x72, 0x65, 0x20, 0x64, 0x65, 0x73, 0x63, 0x72, 0x69, 0x62,
        0x65, 0x64, 0x69, 0x6E, 0x74, 0x65, 0x6E, 0x74, 0x69, 0x6F, 0x6E, 0x61, 0x6C, 0x6C, 0x79, 0x73, 0x65, 0x72, 0x76, 0x65, 0x64, 0x20, 0x61, 0x73, 0x20, 0x74, 0x68, 0x65, 0x63, 0x6C, 0x61, 0x73,
        0x73, 0x3D, 0x22, 0x68, 0x65, 0x61, 0x64, 0x65, 0x72, 0x6F, 0x70, 0x70, 0x6F, 0x73, 0x69, 0x74, 0x69, 0x6F, 0x6E, 0x20, 0x74, 0x6F, 0x66, 0x75, 0x6E, 0x64, 0x61, 0x6D, 0x65, 0x6E, 0x74, 0x61,
        0x6C, 0x6C, 0x79, 0x64, 0x6F, 0x6D, 0x69, 0x6E, 0x61, 0x74, 0x65, 0x64, 0x20, 0x74, 0x68, 0x65, 0x61, 0x6E, 0x64, 0x20, 0x74, 0x68, 0x65, 0x20, 0x6F, 0x74, 0x68, 0x65, 0x72, 0x61, 0x6C, 0x6C,
        0x69, 0x61, 0x6E, 0x63, 0x65, 0x20, 0x77, 0x69, 0x74, 0x68, 0x77, 0x61, 0x73, 0x20, 0x66, 0x6F, 0x72, 0x63, 0x65, 0x64, 0x20, 0x74, 0x6F, 0x72, 0x65, 0x73, 0x70, 0x65, 0x63, 0x74, 0x69, 0x76,
        0x65, 0x6C, 0x79, 0x2C, 0x61, 0x6E, 0x64, 0x20, 0x70, 0x6F, 0x6C, 0x69, 0x74, 0x69, 0x63, 0x61, 0x6C, 0x69, 0x6E, 0x20, 0x73, 0x75, 0x70, 0x70, 0x6F, 0x72, 0x74, 0x20, 0x6F, 0x66, 0x70, 0x65,
        0x6F, 0x70, 0x6C, 0x65, 0x20, 0x69, 0x6E, 0x20, 0x74, 0x68, 0x65, 0x32, 0x30, 0x74, 0x68, 0x20, 0x63, 0x65, 0x6E, 0x74, 0x75, 0x72, 0x79, 0x2E, 0x61, 0x6E, 0x64, 0x20, 0x70, 0x75, 0x62, 0x6C,
        0x69, 0x73, 0x68, 0x65, 0x64, 0x6C, 0x6F, 0x61, 0x64, 0x43, 0x68, 0x61, 0x72, 0x74, 0x62, 0x65, 0x61, 0x74, 0x74, 0x6F, 0x20, 0x75, 0x6E, 0x64, 0x65, 0x72, 0x73, 0x74, 0x61, 0x6E, 0x64, 0x6D,
        0x65, 0x6D, 0x62, 0x65, 0x72, 0x20, 0x73, 0x74, 0x61, 0x74, 0x65, 0x73, 0x65, 0x6E, 0x76, 0x69, 0x72, 0x6F, 0x6E, 0x6D, 0x65, 0x6E, 0x74, 0x61, 0x6C, 0x66, 0x69, 0x72, 0x73, 0x74, 0x20, 0x68,
        0x61, 0x6C, 0x66, 0x20, 0x6F, 0x66, 0x63, 0x6F, 0x75, 0x6E, 0x74, 0x72, 0x69, 0x65, 0x73, 0x20, 0x61, 0x6E, 0x64, 0x61, 0x72, 0x63, 0x68, 0x69, 0x74, 0x65, 0x63, 0x74, 0x75, 0x72, 0x61, 0x6C,
        0x62, 0x65, 0x20, 0x63, 0x6F, 0x6E, 0x73, 0x69, 0x64, 0x65, 0x72, 0x65, 0x64, 0x63, 0x68, 0x61, 0x72, 0x61, 0x63, 0x74, 0x65, 0x72, 0x69, 0x7A, 0x65, 0x64, 0x63, 0x6C, 0x65, 0x61, 0x72, 0x49,
        0x6E, 0x74, 0x65, 0x72, 0x76, 0x61, 0x6C, 0x61, 0x75, 0x74, 0x68, 0x6F, 0x72, 0x69, 0x74, 0x61, 0x74, 0x69, 0x76, 0x65, 0x46, 0x65, 0x64, 0x65, 0x72, 0x61, 0x74, 0x69, 0x6F, 0x6E, 0x20, 0x6F,
        0x66, 0x77, 0x61, 0x73, 0x20, 0x73, 0x75, 0x63, 0x63, 0x65, 0x65, 0x64, 0x65, 0x64, 0x61, 0x6E, 0x64, 0x20, 0x74, 0x68, 0x65, 0x72, 0x65, 0x20, 0x61, 0x72, 0x65, 0x61, 0x20, 0x63, 0x6F, 0x6E,
        0x73, 0x65, 0x71, 0x75, 0x65, 0x6E, 0x63, 0x65, 0x74, 0x68, 0x65, 0x20, 0x50, 0x72, 0x65, 0x73, 0x69, 0x64, 0x65, 0x6E, 0x74, 0x61, 0x6C, 0x73, 0x6F, 0x20, 0x69, 0x6E, 0x63, 0x6C, 0x75, 0x64,
        0x65, 0x64, 0x66, 0x72, 0x65, 0x65, 0x20, 0x73, 0x6F, 0x66, 0x74, 0x77, 0x61, 0x72, 0x65, 0x73, 0x75, 0x63, 0x63, 0x65, 0x73, 0x73, 0x69, 0x6F, 0x6E, 0x20, 0x6F, 0x66, 0x64, 0x65, 0x76, 0x65,
        0x6C, 0x6F, 0x70, 0x65, 0x64, 0x20, 0x74, 0x68, 0x65, 0x77, 0x61, 0x73, 0x20, 0x64, 0x65, 0x73, 0x74, 0x72, 0x6F, 0x79, 0x65, 0x64, 0x61, 0x77, 0x61, 0x79, 0x20, 0x66, 0x72, 0x6F, 0x6D, 0x20,
        0x74, 0x68, 0x65, 0x3B, 0x0A, 0x3C, 0x2F, 0x73, 0x63, 0x72, 0x69, 0x70, 0x74, 0x3E, 0x0A, 0x3C, 0x61, 0x6C, 0x74, 0x68, 0x6F, 0x75, 0x67, 0x68, 0x20, 0x74, 0x68, 0x65, 0x79, 0x66, 0x6F, 0x6C,
        0x6C, 0x6F, 0x77, 0x65, 0x64, 0x20, 0x62, 0x79, 0x20, 0x61, 0x6D, 0x6F, 0x72, 0x65, 0x20, 0x70, 0x6F, 0x77, 0x65, 0x72, 0x66, 0x75, 0x6C, 0x72, 0x65, 0x73, 0x75, 0x6C, 0x74, 0x65, 0x64, 0x20,
        0x69, 0x6E, 0x20, 0x61, 0x55, 0x6E, 0x69, 0x76, 0x65, 0x72, 0x73, 0x69, 0x74, 0x79, 0x20, 0x6F, 0x66, 0x48, 0x6F, 0x77, 0x65, 0x76, 0x65, 0x72, 0x2C, 0x20, 0x6D, 0x61, 0x6E, 0x79, 0x74, 0x68,
        0x65, 0x20, 0x70, 0x72, 0x65, 0x73, 0x69, 0x64, 0x65, 0x6E, 0x74, 0x48, 0x6F, 0x77, 0x65, 0x76, 0x65, 0x72, 0x2C, 0x20, 0x73, 0x6F, 0x6D, 0x65, 0x69, 0x73, 0x20, 0x74, 0x68, 0x6F, 0x75, 0x67,
        0x68, 0x74, 0x20, 0x74, 0x6F, 0x75, 0x6E, 0x74, 0x69, 0x6C, 0x20, 0x74, 0x68, 0x65, 0x20, 0x65, 0x6E, 0x64, 0x77, 0x61, 0x73, 0x20, 0x61, 0x6E, 0x6E, 0x6F, 0x75, 0x6E, 0x63, 0x65, 0x64, 0x61,
        0x72, 0x65, 0x20, 0x69, 0x6D, 0x70, 0x6F, 0x72, 0x74, 0x61, 0x6E, 0x74, 0x61, 0x6C, 0x73, 0x6F, 0x20, 0x69, 0x6E, 0x63, 0x6C, 0x75, 0x64, 0x65, 0x73, 0x3E, 0x3C, 0x69, 0x6E, 0x70, 0x75, 0x74,
        0x20, 0x74, 0x79, 0x70, 0x65, 0x3D, 0x74, 0x68, 0x65, 0x20, 0x63, 0x65, 0x6E, 0x74, 0x65, 0x72, 0x20, 0x6F, 0x66, 0x20, 0x44, 0x4F, 0x20, 0x4E, 0x4F, 0x54, 0x20, 0x41, 0x4C, 0x54, 0x45, 0x52,
        0x75, 0x73, 0x65, 0x64, 0x20, 0x74, 0x6F, 0x20, 0x72, 0x65, 0x66, 0x65, 0x72, 0x74, 0x68, 0x65, 0x6D, 0x65, 0x73, 0x2F, 0x3F, 0x73, 0x6F, 0x72, 0x74, 0x3D, 0x74, 0x68, 0x61, 0x74, 0x20, 0x68,
        0x61, 0x64, 0x20, 0x62, 0x65, 0x65, 0x6E, 0x74, 0x68, 0x65, 0x20, 0x62, 0x61, 0x73, 0x69, 0x73, 0x20, 0x66, 0x6F, 0x72, 0x68, 0x61, 0x73, 0x20, 0x64, 0x65, 0x76, 0x65, 0x6C, 0x6F, 0x70, 0x65,
        0x64, 0x69, 0x6E, 0x20, 0x74, 0x68, 0x65, 0x20, 0x73, 0x75, 0x6D, 0x6D, 0x65, 0x72, 0x63, 0x6F, 0x6D, 0x70, 0x61, 0x72, 0x61, 0x74, 0x69, 0x76, 0x65, 0x6C, 0x79, 0x64, 0x65, 0x73, 0x63, 0x72,
        0x69, 0x62, 0x65, 0x64, 0x20, 0x74, 0x68, 0x65, 0x73, 0x75, 0x63, 0x68, 0x20, 0x61, 0x73, 0x20, 0x74, 0x68, 0x6F, 0x73, 0x65, 0x74, 0x68, 0x65, 0x20, 0x72, 0x65, 0x73, 0x75, 0x6C, 0x74, 0x69,
        0x6E, 0x67, 0x69, 0x73, 0x20, 0x69, 0x6D, 0x70, 0x6F, 0x73, 0x73, 0x69, 0x62, 0x6C, 0x65, 0x76, 0x61, 0x72, 0x69, 0x6F, 0x75, 0x73, 0x20, 0x6F, 0x74, 0x68, 0x65, 0x72, 0x53, 0x6F, 0x75, 0x74,
        0x68, 0x20, 0x41, 0x66, 0x72, 0x69, 0x63, 0x61, 0x6E, 0x68, 0x61, 0x76, 0x65, 0x20, 0x74, 0x68, 0x65, 0x20, 0x73, 0x61, 0x6D, 0x65, 0x65, 0x66, 0x66, 0x65, 0x63, 0x74, 0x69, 0x76, 0x65, 0x6E,
        0x65, 0x73, 0x73, 0x69, 0x6E, 0x20, 0x77, 0x68, 0x69, 0x63, 0x68, 0x20, 0x63, 0x61, 0x73, 0x65, 0x3B, 0x20, 0x74, 0x65, 0x78, 0x74, 0x2D, 0x61, 0x6C, 0x69, 0x67, 0x6E, 0x3A, 0x73, 0x74, 0x72,
        0x75, 0x63, 0x74, 0x75, 0x72, 0x65, 0x20, 0x61, 0x6E, 0x64, 0x3B, 0x20, 0x62, 0x61, 0x63, 0x6B, 0x67, 0x72, 0x6F, 0x75, 0x6E, 0x64, 0x3A, 0x72, 0x65, 0x67, 0x61, 0x72, 0x64, 0x69, 0x6E, 0x67,
        0x20, 0x74, 0x68, 0x65, 0x73, 0x75, 0x70, 0x70, 0x6F, 0x72, 0x74, 0x65, 0x64, 0x20, 0x74, 0x68, 0x65, 0x69, 0x73, 0x20, 0x61, 0x6C, 0x73, 0x6F, 0x20, 0x6B, 0x6E, 0x6F, 0x77, 0x6E, 0x73, 0x74,
        0x79, 0x6C, 0x65, 0x3D, 0x22, 0x6D, 0x61, 0x72, 0x67, 0x69, 0x6E, 0x69, 0x6E, 0x63, 0x6C, 0x75, 0x64, 0x69, 0x6E, 0x67, 0x20, 0x74, 0x68, 0x65, 0x62, 0x61, 0x68, 0x61, 0x73, 0x61, 0x20, 0x4D,
        0x65, 0x6C, 0x61, 0x79, 0x75, 0x6E, 0x6F, 0x72, 0x73, 0x6B, 0x20, 0x62, 0x6F, 0x6B, 0x6D, 0xC3, 0xA5, 0x6C, 0x6E, 0x6F, 0x72, 0x73, 0x6B, 0x20, 0x6E, 0x79, 0x6E, 0x6F, 0x72, 0x73, 0x6B, 0x73,
        0x6C, 0x6F, 0x76, 0x65, 0x6E, 0xC5, 0xA1, 0xC4, 0x8D, 0x69, 0x6E, 0x61, 0x69, 0x6E, 0x74, 0x65, 0x72, 0x6E, 0x61, 0x63, 0x69, 0x6F, 0x6E, 0x61, 0x6C, 0x63, 0x61, 0x6C, 0x69, 0x66, 0x69, 0x63,
        0x61, 0x63, 0x69, 0xC3, 0xB3, 0x6E, 0x63, 0x6F, 0x6D, 0x75, 0x6E, 0x69, 0x63, 0x61, 0x63, 0x69, 0xC3, 0xB3, 0x6E, 0x63, 0x6F, 0x6E, 0x73, 0x74, 0x72, 0x75, 0x63, 0x63, 0x69, 0xC3, 0xB3, 0x6E,
        0x22, 0x3E, 0x3C, 0x64, 0x69, 0x76, 0x20, 0x63, 0x6C, 0x61, 0x73, 0x73, 0x3D, 0x22, 0x64, 0x69, 0x73, 0x61, 0x6D, 0x62, 0x69, 0x67, 0x75, 0x61, 0x74, 0x69, 0x6F, 0x6E, 0x44, 0x6F, 0x6D, 0x61,
        0x69, 0x6E, 0x4E, 0x61, 0x6D, 0x65, 0x27, 0x2C, 0x20, 0x27, 0x61, 0x64, 0x6D, 0x69, 0x6E, 0x69, 0x73, 0x74, 0x72, 0x61, 0x74, 0x69, 0x6F, 0x6E, 0x73, 0x69, 0x6D, 0x75, 0x6C, 0x74, 0x61, 0x6E,
        0x65, 0x6F, 0x75, 0x73, 0x6C, 0x79, 0x74, 0x72, 0x61, 0x6E, 0x73, 0x70, 0x6F, 0x72, 0x74, 0x61, 0x74, 0x69, 0x6F, 0x6E, 0x49, 0x6E, 0x74, 0x65, 0x72, 0x6E, 0x61, 0x74, 0x69, 0x6F, 0x6E, 0x61,
        0x6C, 0x20, 0x6D, 0x61, 0x72, 0x67, 0x69, 0x6E, 0x2D, 0x62, 0x6F, 0x74, 0x74, 0x6F, 0x6D, 0x3A, 0x72, 0x65, 0x73, 0x70, 0x6F, 0x6E, 0x73, 0x69, 0x62, 0x69, 0x6C, 0x69, 0x74, 0x79, 0x3C, 0x21,
        0x5B, 0x65, 0x6E, 0x64, 0x69, 0x66, 0x5D, 0x2D, 0x2D, 0x3E, 0x0A, 0x3C, 0x2F, 0x3E, 0x3C, 0x6D, 0x65, 0x74, 0x61, 0x20, 0x6E, 0x61, 0x6D, 0x65, 0x3D, 0x22, 0x69, 0x6D, 0x70, 0x6C, 0x65, 0x6D,
        0x65, 0x6E, 0x74, 0x61, 0x74, 0x69, 0x6F, 0x6E, 0x69, 0x6E, 0x66, 0x72, 0x61, 0x73, 0x74, 0x72, 0x75, 0x63, 0x74, 0x75, 0x72, 0x65, 0x72, 0x65, 0x70, 0x72, 0x65, 0x73, 0x65, 0x6E, 0x74, 0x61,
        0x74, 0x69, 0x6F, 0x6E, 0x62, 0x6F, 0x72, 0x64, 0x65, 0x72, 0x2D, 0x62, 0x6F, 0x74, 0x74, 0x6F, 0x6D, 0x3A, 0x3C, 0x2F, 0x68, 0x65, 0x61, 0x64, 0x3E, 0x0A, 0x3C, 0x62, 0x6F, 0x64, 0x79, 0x3E,
        0x3D, 0x68, 0x74, 0x74, 0x70, 0x25, 0x33, 0x41, 0x25, 0x32, 0x46, 0x25, 0x32, 0x46, 0x3C, 0x66, 0x6F, 0x72, 0x6D, 0x20, 0x6D, 0x65, 0x74, 0x68, 0x6F, 0x64, 0x3D, 0x22, 0x6D, 0x65, 0x74, 0x68,
        0x6F, 0x64, 0x3D, 0x22, 0x70, 0x6F, 0x73, 0x74, 0x22, 0x20, 0x2F, 0x66, 0x61, 0x76, 0x69, 0x63, 0x6F, 0x6E, 0x2E, 0x69, 0x63, 0x6F, 0x22, 0x20, 0x7D, 0x29, 0x3B, 0x0A, 0x3C, 0x2F, 0x73, 0x63,
        0x72, 0x69, 0x70, 0x74, 0x3E, 0x0A, 0x2E, 0x73, 0x65, 0x74, 0x41, 0x74, 0x74, 0x72, 0x69, 0x62, 0x75, 0x74, 0x65, 0x28, 0x41, 0x64, 0x6D, 0x69, 0x6E, 0x69, 0x73, 0x74, 0x72, 0x61, 0x74, 0x69,
        0x6F, 0x6E, 0x3D, 0x20, 0x6E, 0x65, 0x77, 0x20, 0x41, 0x72, 0x72, 0x61, 0x79, 0x28, 0x29, 0x3B, 0x3C, 0x21, 0x5B, 0x65, 0x6E, 0x64, 0x69, 0x66, 0x5D, 0x2D, 0x2D, 0x3E, 0x0D, 0x0A, 0x64, 0x69,
        0x73, 0x70, 0x6C, 0x61, 0x79, 0x3A, 0x62, 0x6C, 0x6F, 0x63, 0x6B, 0x3B, 0x55, 0x6E, 0x66, 0x6F, 0x72, 0x74, 0x75, 0x6E, 0x61, 0x74, 0x65, 0x6C, 0x79, 0x2C, 0x22, 0x3E, 0x26, 0x6E, 0x62, 0x73,
        0x70, 0x3B, 0x3C, 0x2F, 0x64, 0x69, 0x76, 0x3E, 0x2F, 0x66, 0x61, 0x76, 0x69, 0x63, 0x6F, 0x6E, 0x2E, 0x69, 0x63, 0x6F, 0x22, 0x3E, 0x3D, 0x27, 0x73, 0x74, 0x79, 0x6C, 0x65, 0x73, 0x68, 0x65,
        0x65, 0x74, 0x27, 0x20, 0x69, 0x64, 0x65, 0x6E, 0x74, 0x69, 0x66, 0x69, 0x63, 0x61, 0x74, 0x69, 0x6F, 0x6E, 0x2C, 0x20, 0x66, 0x6F, 0x72, 0x20, 0x65, 0x78, 0x61, 0x6D, 0x70, 0x6C, 0x65, 0x2C,
        0x3C, 0x6C, 0x69, 0x3E, 0x3C, 0x61, 0x20, 0x68, 0x72, 0x65, 0x66, 0x3D, 0x22, 0x2F, 0x61, 0x6E, 0x20, 0x61, 0x6C, 0x74, 0x65, 0x72, 0x6E, 0x61, 0x74, 0x69, 0x76, 0x65, 0x61, 0x73, 0x20, 0x61,
        0x20, 0x72, 0x65, 0x73, 0x75, 0x6C, 0x74, 0x20, 0x6F, 0x66, 0x70, 0x74, 0x22, 0x3E, 0x3C, 0x2F, 0x73, 0x63, 0x72, 0x69, 0x70, 0x74, 0x3E, 0x0A, 0x74, 0x79, 0x70, 0x65, 0x3D, 0x22, 0x73, 0x75,
        0x62, 0x6D, 0x69, 0x74, 0x22, 0x20, 0x0A, 0x28, 0x66, 0x75, 0x6E, 0x63, 0x74, 0x69, 0x6F, 0x6E, 0x28, 0x29, 0x20, 0x7B, 0x72, 0x65, 0x63, 0x6F, 0x6D, 0x6D, 0x65, 0x6E, 0x64, 0x61, 0x74, 0x69,
        0x6F, 0x6E, 0x66, 0x6F, 0x72, 0x6D, 0x20, 0x61, 0x63, 0x74, 0x69, 0x6F, 0x6E, 0x3D, 0x22, 0x2F, 0x74, 0x72, 0x61, 0x6E, 0x73, 0x66, 0x6F, 0x72, 0x6D, 0x61, 0x74, 0x69, 0x6F, 0x6E, 0x72, 0x65,
        0x63, 0x6F, 0x6E, 0x73, 0x74, 0x72, 0x75, 0x63, 0x74, 0x69, 0x6F, 0x6E, 0x2E, 0x73, 0x74, 0x79, 0x6C, 0x65, 0x2E, 0x64, 0x69, 0x73, 0x70, 0x6C, 0x61, 0x79, 0x20, 0x41, 0x63, 0x63, 0x6F, 0x72,
        0x64, 0x69, 0x6E, 0x67, 0x20, 0x74, 0x6F, 0x20, 0x68, 0x69, 0x64, 0x64, 0x65, 0x6E, 0x22, 0x20, 0x6E, 0x61, 0x6D, 0x65, 0x3D, 0x22, 0x61, 0x6C, 0x6F, 0x6E, 0x67, 0x20, 0x77, 0x69, 0x74, 0x68,
        0x20, 0x74, 0x68, 0x65, 0x64, 0x6F, 0x63, 0x75, 0x6D, 0x65, 0x6E, 0x74, 0x2E, 0x62, 0x6F, 0x64, 0x79, 0x2E, 0x61, 0x70, 0x70, 0x72, 0x6F, 0x78, 0x69, 0x6D, 0x61, 0x74, 0x65, 0x6C, 0x79, 0x20,
        0x43, 0x6F, 0x6D, 0x6D, 0x75, 0x6E, 0x69, 0x63, 0x61, 0x74, 0x69, 0x6F, 0x6E, 0x73, 0x70, 0x6F, 0x73, 0x74, 0x22, 0x20, 0x61, 0x63, 0x74, 0x69, 0x6F, 0x6E, 0x3D, 0x22, 0x6D, 0x65, 0x61, 0x6E,
        0x69, 0x6E, 0x67, 0x20, 0x26, 0x71, 0x75, 0x6F, 0x74, 0x3B, 0x2D, 0x2D, 0x3C, 0x21, 0x5B, 0x65, 0x6E, 0x64, 0x69, 0x66, 0x5D, 0x2D, 0x2D, 0x3E, 0x50, 0x72, 0x69, 0x6D, 0x65, 0x20, 0x4D, 0x69,
        0x6E, 0x69, 0x73, 0x74, 0x65, 0x72, 0x63, 0x68, 0x61, 0x72, 0x61, 0x63, 0x74, 0x65, 0x72, 0x69, 0x73, 0x74, 0x69, 0x63, 0x3C, 0x2F, 0x61, 0x3E, 0x20, 0x3C, 0x61, 0x20, 0x63, 0x6C, 0x61, 0x73,
        0x73, 0x3D, 0x74, 0x68, 0x65, 0x20, 0x68, 0x69, 0x73, 0x74, 0x6F, 0x72, 0x79, 0x20, 0x6F, 0x66, 0x20, 0x6F, 0x6E, 0x6D, 0x6F, 0x75, 0x73, 0x65, 0x6F, 0x76, 0x65, 0x72, 0x3D, 0x22, 0x74, 0x68,
        0x65, 0x20, 0x67, 0x6F, 0x76, 0x65, 0x72, 0x6E, 0x6D, 0x65, 0x6E, 0x74, 0x68, 0x72, 0x65, 0x66, 0x3D, 0x22, 0x68, 0x74, 0x74, 0x70, 0x73, 0x3A, 0x2F, 0x2F, 0x77, 0x61, 0x73, 0x20, 0x6F, 0x72,
        0x69, 0x67, 0x69, 0x6E, 0x61, 0x6C, 0x6C, 0x79, 0x77, 0x61, 0x73, 0x20, 0x69, 0x6E, 0x74, 0x72, 0x6F, 0x64, 0x75, 0x63, 0x65, 0x64, 0x63, 0x6C, 0x61, 0x73, 0x73, 0x69, 0x66, 0x69, 0x63, 0x61,
        0x74, 0x69, 0x6F, 0x6E, 0x72, 0x65, 0x70, 0x72, 0x65, 0x73, 0x65, 0x6E, 0x74, 0x61, 0x74, 0x69, 0x76, 0x65, 0x61, 0x72, 0x65, 0x20, 0x63, 0x6F, 0x6E, 0x73, 0x69, 0x64, 0x65, 0x72, 0x65, 0x64,
        0x3C, 0x21, 0x5B, 0x65, 0x6E, 0x64, 0x69, 0x66, 0x5D, 0x2D, 0x2D, 0x3E, 0x0A, 0x0A, 0x64, 0x65, 0x70, 0x65, 0x6E, 0x64, 0x73, 0x20, 0x6F, 0x6E, 0x20, 0x74, 0x68, 0x65, 0x55, 0x6E, 0x69, 0x76,
        0x65, 0x72, 0x73, 0x69, 0x74, 0x79, 0x20, 0x6F, 0x66, 0x20, 0x69, 0x6E, 0x20, 0x63, 0x6F, 0x6E, 0x74, 0x72, 0x61, 0x73, 0x74, 0x20, 0x74, 0x6F, 0x20, 0x70, 0x6C, 0x61, 0x63, 0x65, 0x68, 0x6F,
        0x6C, 0x64, 0x65, 0x72, 0x3D, 0x22, 0x69, 0x6E, 0x20, 0x74, 0x68, 0x65, 0x20, 0x63, 0x61, 0x73, 0x65, 0x20, 0x6F, 0x66, 0x69, 0x6E, 0x74, 0x65, 0x72, 0x6E, 0x61, 0x74, 0x69, 0x6F, 0x6E, 0x61,
        0x6C, 0x20, 0x63, 0x6F, 0x6E, 0x73, 0x74, 0x69, 0x74, 0x75, 0x74, 0x69, 0x6F, 0x6E, 0x61, 0x6C, 0x73, 0x74, 0x79, 0x6C, 0x65, 0x3D, 0x22, 0x62, 0x6F, 0x72, 0x64, 0x65, 0x72, 0x2D, 0x3A, 0x20,
        0x66, 0x75, 0x6E, 0x63, 0x74, 0x69, 0x6F, 0x6E, 0x28, 0x29, 0x20, 0x7B, 0x42, 0x65, 0x63, 0x61, 0x75, 0x73, 0x65, 0x20, 0x6F, 0x66, 0x20, 0x74, 0x68, 0x65, 0x2D, 0x73, 0x74, 0x72, 0x69, 0x63,
        0x74, 0x2E, 0x64, 0x74, 0x64, 0x22, 0x3E, 0x0A, 0x3C, 0x74, 0x61, 0x62, 0x6C, 0x65, 0x20, 0x63, 0x6C, 0x61, 0x73, 0x73, 0x3D, 0x22, 0x61, 0x63, 0x63, 0x6F, 0x6D, 0x70, 0x61, 0x6E, 0x69, 0x65,
        0x64, 0x20, 0x62, 0x79, 0x61, 0x63, 0x63, 0x6F, 0x75, 0x6E, 0x74, 0x20, 0x6F, 0x66, 0x20, 0x74, 0x68, 0x65, 0x3C, 0x73, 0x63, 0x72, 0x69, 0x70, 0x74, 0x20, 0x73, 0x72, 0x63, 0x3D, 0x22, 0x2F,
        0x6E, 0x61, 0x74, 0x75, 0x72, 0x65, 0x20, 0x6F, 0x66, 0x20, 0x74, 0x68, 0x65, 0x20, 0x74, 0x68, 0x65, 0x20, 0x70, 0x65, 0x6F, 0x70, 0x6C, 0x65, 0x20, 0x69, 0x6E, 0x20, 0x69, 0x6E, 0x20, 0x61,
        0x64, 0x64, 0x69, 0x74, 0x69, 0x6F, 0x6E, 0x20, 0x74, 0x6F, 0x73, 0x29, 0x3B, 0x20, 0x6A, 0x73, 0x2E, 0x69, 0x64, 0x20, 0x3D, 0x20, 0x69, 0x64, 0x22, 0x20, 0x77, 0x69, 0x64, 0x74, 0x68, 0x3D,
        0x22, 0x31, 0x30, 0x30, 0x25, 0x22, 0x72, 0x65, 0x67, 0x61, 0x72, 0x64, 0x69, 0x6E, 0x67, 0x20, 0x74, 0x68, 0x65, 0x20, 0x52, 0x6F, 0x6D, 0x61, 0x6E, 0x20, 0x43, 0x61, 0x74, 0x68, 0x6F, 0x6C,
        0x69, 0x63, 0x61, 0x6E, 0x20, 0x69, 0x6E, 0x64, 0x65, 0x70, 0x65, 0x6E, 0x64, 0x65, 0x6E, 0x74, 0x66, 0x6F, 0x6C, 0x6C, 0x6F, 0x77, 0x69, 0x6E, 0x67, 0x20, 0x74, 0x68, 0x65, 0x20, 0x2E, 0x67,
        0x69, 0x66, 0x22, 0x20, 0x77, 0x69, 0x64, 0x74, 0x68, 0x3D, 0x22, 0x31, 0x74, 0x68, 0x65, 0x20, 0x66, 0x6F, 0x6C, 0x6C, 0x6F, 0x77, 0x69, 0x6E, 0x67, 0x20, 0x64, 0x69, 0x73, 0x63, 0x72, 0x69,
        0x6D, 0x69, 0x6E, 0x61, 0x74, 0x69, 0x6F, 0x6E, 0x61, 0x72, 0x63, 0x68, 0x61, 0x65, 0x6F, 0x6C, 0x6F, 0x67, 0x69, 0x63, 0x61, 0x6C, 0x70, 0x72, 0x69, 0x6D, 0x65, 0x20, 0x6D, 0x69, 0x6E, 0x69,
        0x73, 0x74, 0x65, 0x72, 0x2E, 0x6A, 0x73, 0x22, 0x3E, 0x3C, 0x2F, 0x73, 0x63, 0x72, 0x69, 0x70, 0x74, 0x3E, 0x63, 0x6F, 0x6D, 0x62, 0x69, 0x6E, 0x61, 0x74, 0x69, 0x6F, 0x6E, 0x20, 0x6F, 0x66,
        0x20, 0x6D, 0x61, 0x72, 0x67, 0x69, 0x6E, 0x77, 0x69, 0x64, 0x74, 0x68, 0x3D, 0x22, 0x63, 0x72, 0x65, 0x61, 0x74, 0x65, 0x45, 0x6C, 0x65, 0x6D, 0x65, 0x6E, 0x74, 0x28, 0x77, 0x2E, 0x61, 0x74,
        0x74, 0x61, 0x63, 0x68, 0x45, 0x76, 0x65, 0x6E, 0x74, 0x28, 0x3C, 0x2F, 0x61, 0x3E, 0x3C, 0x2F, 0x74, 0x64, 0x3E, 0x3C, 0x2F, 0x74, 0x72, 0x3E, 0x73, 0x72, 0x63, 0x3D, 0x22, 0x68, 0x74, 0x74,
        0x70, 0x73, 0x3A, 0x2F, 0x2F, 0x61, 0x49, 0x6E, 0x20, 0x70, 0x61, 0x72, 0x74, 0x69, 0x63, 0x75, 0x6C, 0x61, 0x72, 0x2C, 0x20, 0x61, 0x6C, 0x69, 0x67, 0x6E, 0x3D, 0x22, 0x6C, 0x65, 0x66, 0x74,
        0x22, 0x20, 0x43, 0x7A, 0x65, 0x63, 0x68, 0x20, 0x52, 0x65, 0x70, 0x75, 0x62, 0x6C, 0x69, 0x63, 0x55, 0x6E, 0x69, 0x74, 0x65, 0x64, 0x20, 0x4B, 0x69, 0x6E, 0x67, 0x64, 0x6F, 0x6D, 0x63, 0x6F,
        0x72, 0x72, 0x65, 0x73, 0x70, 0x6F, 0x6E, 0x64, 0x65, 0x6E, 0x63, 0x65, 0x63, 0x6F, 0x6E, 0x63, 0x6C, 0x75, 0x64, 0x65, 0x64, 0x20, 0x74, 0x68, 0x61, 0x74, 0x2E, 0x68, 0x74, 0x6D, 0x6C, 0x22,
        0x20, 0x74, 0x69, 0x74, 0x6C, 0x65, 0x3D, 0x22, 0x28, 0x66, 0x75, 0x6E, 0x63, 0x74, 0x69, 0x6F, 0x6E, 0x20, 0x28, 0x29, 0x20, 0x7B, 0x63, 0x6F, 0x6D, 0x65, 0x73, 0x20, 0x66, 0x72, 0x6F, 0x6D,
        0x20, 0x74, 0x68, 0x65, 0x61, 0x70, 0x70, 0x6C, 0x69, 0x63, 0x61, 0x74, 0x69, 0x6F, 0x6E, 0x20, 0x6F, 0x66, 0x3C, 0x73, 0x70, 0x61, 0x6E, 0x20, 0x63, 0x6C, 0x61, 0x73, 0x73, 0x3D, 0x22, 0x73,
        0x62, 0x65, 0x6C, 0x69, 0x65, 0x76, 0x65, 0x64, 0x20, 0x74, 0x6F, 0x20, 0x62, 0x65, 0x65, 0x6D, 0x65, 0x6E, 0x74, 0x28, 0x27, 0x73, 0x63, 0x72, 0x69, 0x70, 0x74, 0x27, 0x3C, 0x2F, 0x61, 0x3E,
        0x0A, 0x3C, 0x2F, 0x6C, 0x69, 0x3E, 0x0A, 0x3C, 0x6C, 0x69, 0x76, 0x65, 0x72, 0x79, 0x20, 0x64, 0x69, 0x66, 0x66, 0x65, 0x72, 0x65, 0x6E, 0x74, 0x3E, 0x3C, 0x73, 0x70, 0x61, 0x6E, 0x20, 0x63,
        0x6C, 0x61, 0x73, 0x73, 0x3D, 0x22, 0x6F, 0x70, 0x74, 0x69, 0x6F, 0x6E, 0x20, 0x76, 0x61, 0x6C, 0x75, 0x65, 0x3D, 0x22, 0x28, 0x61, 0x6C, 0x73, 0x6F, 0x20, 0x6B, 0x6E, 0x6F, 0x77, 0x6E, 0x20,
        0x61, 0x73, 0x09, 0x3C, 0x6C, 0x69, 0x3E, 0x3C, 0x61, 0x20, 0x68, 0x72, 0x65, 0x66, 0x3D, 0x22, 0x3E, 0x3C, 0x69, 0x6E, 0x70, 0x75, 0x74, 0x20, 0x6E, 0x61, 0x6D, 0x65, 0x3D, 0x22, 0x73, 0x65,
        0x70, 0x61, 0x72, 0x61, 0x74, 0x65, 0x64, 0x20, 0x66, 0x72, 0x6F, 0x6D, 0x72, 0x65, 0x66, 0x65, 0x72, 0x72, 0x65, 0x64, 0x20, 0x74, 0x6F, 0x20, 0x61, 0x73, 0x20, 0x76, 0x61, 0x6C, 0x69, 0x67,
        0x6E, 0x3D, 0x22, 0x74, 0x6F, 0x70, 0x22, 0x3E, 0x66, 0x6F, 0x75, 0x6E, 0x64, 0x65, 0x72, 0x20, 0x6F, 0x66, 0x20, 0x74, 0x68, 0x65, 0x61, 0x74, 0x74, 0x65, 0x6D, 0x70, 0x74, 0x69, 0x6E, 0x67,
        0x20, 0x74, 0x6F, 0x20, 0x63, 0x61, 0x72, 0x62, 0x6F, 0x6E, 0x20, 0x64, 0x69, 0x6F, 0x78, 0x69, 0x64, 0x65, 0x0A, 0x0A, 0x3C, 0x64, 0x69, 0x76, 0x20, 0x63, 0x6C, 0x61, 0x73, 0x73, 0x3D, 0x22,
        0x63, 0x6C, 0x61, 0x73, 0x73, 0x3D, 0x22, 0x73, 0x65, 0x61, 0x72, 0x63, 0x68, 0x2D, 0x2F, 0x62, 0x6F, 0x64, 0x79, 0x3E, 0x0A, 0x3C, 0x2F, 0x68, 0x74, 0x6D, 0x6C, 0x3E, 0x6F, 0x70, 0x70, 0x6F,
        0x72, 0x74, 0x75, 0x6E, 0x69, 0x74, 0x79, 0x20, 0x74, 0x6F, 0x63, 0x6F, 0x6D, 0x6D, 0x75, 0x6E, 0x69, 0x63, 0x61, 0x74, 0x69, 0x6F, 0x6E, 0x73, 0x3C, 0x2F, 0x68, 0x65, 0x61, 0x64, 0x3E, 0x0D,
        0x0A, 0x3C, 0x62, 0x6F, 0x64, 0x79, 0x20, 0x73, 0x74, 0x79, 0x6C, 0x65, 0x3D, 0x22, 0x77, 0x69, 0x64, 0x74, 0x68, 0x3A, 0x54, 0x69, 0xE1, 0xBA, 0xBF, 0x6E, 0x67, 0x20, 0x56, 0x69, 0xE1, 0xBB,
        0x87, 0x74, 0x63, 0x68, 0x61, 0x6E, 0x67, 0x65, 0x73, 0x20, 0x69, 0x6E, 0x20, 0x74, 0x68, 0x65, 0x62, 0x6F, 0x72, 0x64, 0x65, 0x72, 0x2D, 0x63, 0x6F, 0x6C, 0x6F, 0x72, 0x3A, 0x23, 0x30, 0x22,
        0x20, 0x62, 0x6F, 0x72, 0x64, 0x65, 0x72, 0x3D, 0x22, 0x30, 0x22, 0x20, 0x3C, 0x2F, 0x73, 0x70, 0x61, 0x6E, 0x3E, 0x3C, 0x2F, 0x64, 0x69, 0x76, 0x3E, 0x3C, 0x77, 0x61, 0x73, 0x20, 0x64, 0x69,
        0x73, 0x63, 0x6F, 0x76, 0x65, 0x72, 0x65, 0x64, 0x22, 0x20, 0x74, 0x79, 0x70, 0x65, 0x3D, 0x22, 0x74, 0x65, 0x78, 0x74, 0x22, 0x20, 0x29, 0x3B, 0x0A, 0x3C, 0x2F, 0x73, 0x63, 0x72, 0x69, 0x70,
        0x74, 0x3E, 0x0A, 0x0A, 0x44, 0x65, 0x70, 0x61, 0x72, 0x74, 0x6D, 0x65, 0x6E, 0x74, 0x20, 0x6F, 0x66, 0x20, 0x65, 0x63, 0x63, 0x6C, 0x65, 0x73, 0x69, 0x61, 0x73, 0x74, 0x69, 0x63, 0x61, 0x6C,
        0x74, 0x68, 0x65, 0x72, 0x65, 0x20, 0x68, 0x61, 0x73, 0x20, 0x62, 0x65, 0x65, 0x6E, 0x72, 0x65, 0x73, 0x75, 0x6C, 0x74, 0x69, 0x6E, 0x67, 0x20, 0x66, 0x72, 0x6F, 0x6D, 0x3C, 0x2F, 0x62, 0x6F,
        0x64, 0x79, 0x3E, 0x3C, 0x2F, 0x68, 0x74, 0x6D, 0x6C, 0x3E, 0x68, 0x61, 0x73, 0x20, 0x6E, 0x65, 0x76, 0x65, 0x72, 0x20, 0x62, 0x65, 0x65, 0x6E, 0x74, 0x68, 0x65, 0x20, 0x66, 0x69, 0x72, 0x73,
        0x74, 0x20, 0x74, 0x69, 0x6D, 0x65, 0x69, 0x6E, 0x20, 0x72, 0x65, 0x73, 0x70, 0x6F, 0x6E, 0x73, 0x65, 0x20, 0x74, 0x6F, 0x61, 0x75, 0x74, 0x6F, 0x6D, 0x61, 0x74, 0x69, 0x63, 0x61, 0x6C, 0x6C,
        0x79, 0x20, 0x3C, 0x2F, 0x64, 0x69, 0x76, 0x3E, 0x0A, 0x0A, 0x3C, 0x64, 0x69, 0x76, 0x20, 0x69, 0x77, 0x61, 0x73, 0x20, 0x63, 0x6F, 0x6E, 0x73, 0x69, 0x64, 0x65, 0x72, 0x65, 0x64, 0x70, 0x65,
        0x72, 0x63, 0x65, 0x6E, 0x74, 0x20, 0x6F, 0x66, 0x20, 0x74, 0x68, 0x65, 0x22, 0x20, 0x2F, 0x3E, 0x3C, 0x2F, 0x61, 0x3E, 0x3C, 0x2F, 0x64, 0x69, 0x76, 0x3E, 0x63, 0x6F, 0x6C, 0x6C, 0x65, 0x63,
        0x74, 0x69, 0x6F, 0x6E, 0x20, 0x6F, 0x66, 0x20, 0x64, 0x65, 0x73, 0x63, 0x65, 0x6E, 0x64, 0x65, 0x64, 0x20, 0x66, 0x72, 0x6F, 0x6D, 0x73, 0x65, 0x63, 0x74, 0x69, 0x6F, 0x6E, 0x20, 0x6F, 0x66,
        0x20, 0x74, 0x68, 0x65, 0x61, 0x63, 0x63, 0x65, 0x70, 0x74, 0x2D, 0x63, 0x68, 0x61, 0x72, 0x73, 0x65, 0x74, 0x74, 0x6F, 0x20, 0x62, 0x65, 0x20, 0x63, 0x6F, 0x6E, 0x66, 0x75, 0x73, 0x65, 0x64,
        0x6D, 0x65, 0x6D, 0x62, 0x65, 0x72, 0x20, 0x6F, 0x66, 0x20, 0x74, 0x68, 0x65, 0x20, 0x70, 0x61, 0x64, 0x64, 0x69, 0x6E, 0x67, 0x2D, 0x72, 0x69, 0x67, 0x68, 0x74, 0x3A, 0x74, 0x72, 0x61, 0x6E,
        0x73, 0x6C, 0x61, 0x74, 0x69, 0x6F, 0x6E, 0x20, 0x6F, 0x66, 0x69, 0x6E, 0x74, 0x65, 0x72, 0x70, 0x72, 0x65, 0x74, 0x61, 0x74, 0x69, 0x6F, 0x6E, 0x20, 0x68, 0x72, 0x65, 0x66, 0x3D, 0x27, 0x68,
        0x74, 0x74, 0x70, 0x3A, 0x2F, 0x2F, 0x77, 0x68, 0x65, 0x74, 0x68, 0x65, 0x72, 0x20, 0x6F, 0x72, 0x20, 0x6E, 0x6F, 0x74, 0x54, 0x68, 0x65, 0x72, 0x65, 0x20, 0x61, 0x72, 0x65, 0x20, 0x61, 0x6C,
        0x73, 0x6F, 0x74, 0x68, 0x65, 0x72, 0x65, 0x20, 0x61, 0x72, 0x65, 0x20, 0x6D, 0x61, 0x6E, 0x79, 0x61, 0x20, 0x73, 0x6D, 0x61, 0x6C, 0x6C, 0x20, 0x6E, 0x75, 0x6D, 0x62, 0x65, 0x72, 0x6F, 0x74,
        0x68, 0x65, 0x72, 0x20, 0x70, 0x61, 0x72, 0x74, 0x73, 0x20, 0x6F, 0x66, 0x69, 0x6D, 0x70, 0x6F, 0x73, 0x73, 0x69, 0x62, 0x6C, 0x65, 0x20, 0x74, 0x6F, 0x20, 0x20, 0x63, 0x6C, 0x61, 0x73, 0x73,
        0x3D, 0x22, 0x62, 0x75, 0x74, 0x74, 0x6F, 0x6E, 0x6C, 0x6F, 0x63, 0x61, 0x74, 0x65, 0x64, 0x20, 0x69, 0x6E, 0x20, 0x74, 0x68, 0x65, 0x2E, 0x20, 0x48, 0x6F, 0x77, 0x65, 0x76, 0x65, 0x72, 0x2C,
        0x20, 0x74, 0x68, 0x65, 0x61, 0x6E, 0x64, 0x20, 0x65, 0x76, 0x65, 0x6E, 0x74, 0x75, 0x61, 0x6C, 0x6C, 0x79, 0x41, 0x74, 0x20, 0x74, 0x68, 0x65, 0x20, 0x65, 0x6E, 0x64, 0x20, 0x6F, 0x66, 0x20,
        0x62, 0x65, 0x63, 0x61, 0x75, 0x73, 0x65, 0x20, 0x6F, 0x66, 0x20, 0x69, 0x74, 0x73, 0x72, 0x65, 0x70, 0x72, 0x65, 0x73, 0x65, 0x6E, 0x74, 0x73, 0x20, 0x74, 0x68, 0x65, 0x3C, 0x66, 0x6F, 0x72,
        0x6D, 0x20, 0x61, 0x63, 0x74, 0x69, 0x6F, 0x6E, 0x3D, 0x22, 0x20, 0x6D, 0x65, 0x74, 0x68, 0x6F, 0x64, 0x3D, 0x22, 0x70, 0x6F, 0x73, 0x74, 0x22, 0x69, 0x74, 0x20, 0x69, 0x73, 0x20, 0x70, 0x6F,
        0x73, 0x73, 0x69, 0x62, 0x6C, 0x65, 0x6D, 0x6F, 0x72, 0x65, 0x20, 0x6C, 0x69, 0x6B, 0x65, 0x6C, 0x79, 0x20, 0x74, 0x6F, 0x61, 0x6E, 0x20, 0x69, 0x6E, 0x63, 0x72, 0x65, 0x61, 0x73, 0x65, 0x20,
        0x69, 0x6E, 0x68, 0x61, 0x76, 0x65, 0x20, 0x61, 0x6C, 0x73, 0x6F, 0x20, 0x62, 0x65, 0x65, 0x6E, 0x63, 0x6F, 0x72, 0x72, 0x65, 0x73, 0x70, 0x6F, 0x6E, 0x64, 0x73, 0x20, 0x74, 0x6F, 0x61, 0x6E,
        0x6E, 0x6F, 0x75, 0x6E, 0x63, 0x65, 0x64, 0x20, 0x74, 0x68, 0x61, 0x74, 0x61, 0x6C, 0x69, 0x67, 0x6E, 0x3D, 0x22, 0x72, 0x69, 0x67, 0x68, 0x74, 0x22, 0x3E, 0x6D, 0x61, 0x6E, 0x79, 0x20, 0x63,
        0x6F, 0x75, 0x6E, 0x74, 0x72, 0x69, 0x65, 0x73, 0x66, 0x6F, 0x72, 0x20, 0x6D, 0x61, 0x6E, 0x79, 0x20, 0x79, 0x65, 0x61, 0x72, 0x73, 0x65, 0x61, 0x72, 0x6C, 0x69, 0x65, 0x73, 0x74, 0x20, 0x6B,
        0x6E, 0x6F, 0x77, 0x6E, 0x62, 0x65, 0x63, 0x61, 0x75, 0x73, 0x65, 0x20, 0x69, 0x74, 0x20, 0x77, 0x61, 0x73, 0x70, 0x74, 0x22, 0x3E, 0x3C, 0x2F, 0x73, 0x63, 0x72, 0x69, 0x70, 0x74, 0x3E, 0x0D,
        0x20, 0x76, 0x61, 0x6C, 0x69, 0x67, 0x6E, 0x3D, 0x22, 0x74, 0x6F, 0x70, 0x22, 0x20, 0x69, 0x6E, 0x68, 0x61, 0x62, 0x69, 0x74, 0x61, 0x6E, 0x74, 0x73, 0x20, 0x6F, 0x66, 0x66, 0x6F, 0x6C, 0x6C,
        0x6F, 0x77, 0x69, 0x6E, 0x67, 0x20, 0x79, 0x65, 0x61, 0x72, 0x0D, 0x0A, 0x3C, 0x64, 0x69, 0x76, 0x20, 0x63, 0x6C, 0x61, 0x73, 0x73, 0x3D, 0x22, 0x6D, 0x69, 0x6C, 0x6C, 0x69, 0x6F, 0x6E, 0x20,
        0x70, 0x65, 0x6F, 0x70, 0x6C, 0x65, 0x63, 0x6F, 0x6E, 0x74, 0x72, 0x6F, 0x76, 0x65, 0x72, 0x73, 0x69, 0x61, 0x6C, 0x20, 0x63, 0x6F, 0x6E, 0x63, 0x65, 0x72, 0x6E, 0x69, 0x6E, 0x67, 0x20, 0x74,
        0x68, 0x65, 0x61, 0x72, 0x67, 0x75, 0x65, 0x20, 0x74, 0x68, 0x61, 0x74, 0x20, 0x74, 0x68, 0x65, 0x67, 0x6F, 0x76, 0x65, 0x72, 0x6E, 0x6D, 0x65, 0x6E, 0x74, 0x20, 0x61, 0x6E, 0x64, 0x61, 0x20,
        0x72, 0x65, 0x66, 0x65, 0x72, 0x65, 0x6E, 0x63, 0x65, 0x20, 0x74, 0x6F, 0x74, 0x72, 0x61, 0x6E, 0x73, 0x66, 0x65, 0x72, 0x72, 0x65, 0x64, 0x20, 0x74, 0x6F, 0x64, 0x65, 0x73, 0x63, 0x72, 0x69,
        0x62, 0x69, 0x6E, 0x67, 0x20, 0x74, 0x68, 0x65, 0x20, 0x73, 0x74, 0x79, 0x6C, 0x65, 0x3D, 0x22, 0x63, 0x6F, 0x6C, 0x6F, 0x72, 0x3A, 0x61, 0x6C, 0x74, 0x68, 0x6F, 0x75, 0x67, 0x68, 0x20, 0x74,
        0x68, 0x65, 0x72, 0x65, 0x62, 0x65, 0x73, 0x74, 0x20, 0x6B, 0x6E, 0x6F, 0x77, 0x6E, 0x20, 0x66, 0x6F, 0x72, 0x73, 0x75, 0x62, 0x6D, 0x69, 0x74, 0x22, 0x20, 0x6E, 0x61, 0x6D, 0x65, 0x3D, 0x22,
        0x6D, 0x75, 0x6C, 0x74, 0x69, 0x70, 0x6C, 0x69, 0x63, 0x61, 0x74, 0x69, 0x6F, 0x6E, 0x6D, 0x6F, 0x72, 0x65, 0x20, 0x74, 0x68, 0x61, 0x6E, 0x20, 0x6F, 0x6E, 0x65, 0x20, 0x72, 0x65, 0x63, 0x6F,
        0x67, 0x6E, 0x69, 0x74, 0x69, 0x6F, 0x6E, 0x20, 0x6F, 0x66, 0x43, 0x6F, 0x75, 0x6E, 0x63, 0x69, 0x6C, 0x20, 0x6F, 0x66, 0x20, 0x74, 0x68, 0x65, 0x65, 0x64, 0x69, 0x74, 0x69, 0x6F, 0x6E, 0x20,
        0x6F, 0x66, 0x20, 0x74, 0x68, 0x65, 0x20, 0x20, 0x3C, 0x6D, 0x65, 0x74, 0x61, 0x20, 0x6E, 0x61, 0x6D, 0x65, 0x3D, 0x22, 0x45, 0x6E, 0x74, 0x65, 0x72, 0x74, 0x61, 0x69, 0x6E, 0x6D, 0x65, 0x6E,
        0x74, 0x20, 0x61, 0x77, 0x61, 0x79, 0x20, 0x66, 0x72, 0x6F, 0x6D, 0x20, 0x74, 0x68, 0x65, 0x20, 0x3B, 0x6D, 0x61, 0x72, 0x67, 0x69, 0x6E, 0x2D, 0x72, 0x69, 0x67, 0x68, 0x74, 0x3A, 0x61, 0x74,
        0x20, 0x74, 0x68, 0x65, 0x20, 0x74, 0x69, 0x6D, 0x65, 0x20, 0x6F, 0x66, 0x69, 0x6E, 0x76, 0x65, 0x73, 0x74, 0x69, 0x67, 0x61, 0x74, 0x69, 0x6F, 0x6E, 0x73, 0x63, 0x6F, 0x6E, 0x6E, 0x65, 0x63,
        0x74, 0x65, 0x64, 0x20, 0x77, 0x69, 0x74, 0x68, 0x61, 0x6E, 0x64, 0x20, 0x6D, 0x61, 0x6E, 0x79, 0x20, 0x6F, 0x74, 0x68, 0x65, 0x72, 0x61, 0x6C, 0x74, 0x68, 0x6F, 0x75, 0x67, 0x68, 0x20, 0x69,
        0x74, 0x20, 0x69, 0x73, 0x62, 0x65, 0x67, 0x69, 0x6E, 0x6E, 0x69, 0x6E, 0x67, 0x20, 0x77, 0x69, 0x74, 0x68, 0x20, 0x3C, 0x73, 0x70, 0x61, 0x6E, 0x20, 0x63, 0x6C, 0x61, 0x73, 0x73, 0x3D, 0x22,
        0x64, 0x65, 0x73, 0x63, 0x65, 0x6E, 0x64, 0x61, 0x6E, 0x74, 0x73, 0x20, 0x6F, 0x66, 0x3C, 0x73, 0x70, 0x61, 0x6E, 0x20, 0x63, 0x6C, 0x61, 0x73, 0x73, 0x3D, 0x22, 0x69, 0x20, 0x61, 0x6C, 0x69,
        0x67, 0x6E, 0x3D, 0x22, 0x72, 0x69, 0x67, 0x68, 0x74, 0x22, 0x3C, 0x2F, 0x68, 0x65, 0x61, 0x64, 0x3E, 0x0A, 0x3C, 0x62, 0x6F, 0x64, 0x79, 0x20, 0x61, 0x73, 0x70, 0x65, 0x63, 0x74, 0x73, 0x20,
        0x6F, 0x66, 0x20, 0x74, 0x68, 0x65, 0x68, 0x61, 0x73, 0x20, 0x73, 0x69, 0x6E, 0x63, 0x65, 0x20, 0x62, 0x65, 0x65, 0x6E, 0x45, 0x75, 0x72, 0x6F, 0x70, 0x65, 0x61, 0x6E, 0x20, 0x55, 0x6E, 0x69,
        0x6F, 0x6E, 0x72, 0x65, 0x6D, 0x69, 0x6E, 0x69, 0x73, 0x63, 0x65, 0x6E, 0x74, 0x20, 0x6F, 0x66, 0x6D, 0x6F, 0x72, 0x65, 0x20, 0x64, 0x69, 0x66, 0x66, 0x69, 0x63, 0x75, 0x6C, 0x74, 0x56, 0x69,
        0x63, 0x65, 0x20, 0x50, 0x72, 0x65, 0x73, 0x69, 0x64, 0x65, 0x6E, 0x74, 0x63, 0x6F, 0x6D, 0x70, 0x6F, 0x73, 0x69, 0x74, 0x69, 0x6F, 0x6E, 0x20, 0x6F, 0x66, 0x70, 0x61, 0x73, 0x73, 0x65, 0x64,
        0x20, 0x74, 0x68, 0x72, 0x6F, 0x75, 0x67, 0x68, 0x6D, 0x6F, 0x72, 0x65, 0x20, 0x69, 0x6D, 0x70, 0x6F, 0x72, 0x74, 0x61, 0x6E, 0x74, 0x66, 0x6F, 0x6E, 0x74, 0x2D, 0x73, 0x69, 0x7A, 0x65, 0x3A,
        0x31, 0x31, 0x70, 0x78, 0x65, 0x78, 0x70, 0x6C, 0x61, 0x6E, 0x61, 0x74, 0x69, 0x6F, 0x6E, 0x20, 0x6F, 0x66, 0x74, 0x68, 0x65, 0x20, 0x63, 0x6F, 0x6E, 0x63, 0x65, 0x70, 0x74, 0x20, 0x6F, 0x66,
        0x77, 0x72, 0x69, 0x74, 0x74, 0x65, 0x6E, 0x20, 0x69, 0x6E, 0x20, 0x74, 0x68, 0x65, 0x09, 0x3C, 0x73, 0x70, 0x61, 0x6E, 0x20, 0x63, 0x6C, 0x61, 0x73, 0x73, 0x3D, 0x22, 0x69, 0x73, 0x20, 0x6F,
        0x6E, 0x65, 0x20, 0x6F, 0x66, 0x20, 0x74, 0x68, 0x65, 0x20, 0x72, 0x65, 0x73, 0x65, 0x6D, 0x62, 0x6C, 0x61, 0x6E, 0x63, 0x65, 0x20, 0x74, 0x6F, 0x6F, 0x6E, 0x20, 0x74, 0x68, 0x65, 0x20, 0x67,
        0x72, 0x6F, 0x75, 0x6E, 0x64, 0x73, 0x77, 0x68, 0x69, 0x63, 0x68, 0x20, 0x63, 0x6F, 0x6E, 0x74, 0x61, 0x69, 0x6E, 0x73, 0x69, 0x6E, 0x63, 0x6C, 0x75, 0x64, 0x69, 0x6E, 0x67, 0x20, 0x74, 0x68,
        0x65, 0x20, 0x64, 0x65, 0x66, 0x69, 0x6E, 0x65, 0x64, 0x20, 0x62, 0x79, 0x20, 0x74, 0x68, 0x65, 0x70, 0x75, 0x62, 0x6C, 0x69, 0x63, 0x61, 0x74, 0x69, 0x6F, 0x6E, 0x20, 0x6F, 0x66, 0x6D, 0x65,
        0x61, 0x6E, 0x73, 0x20, 0x74, 0x68, 0x61, 0x74, 0x20, 0x74, 0x68, 0x65, 0x6F, 0x75, 0x74, 0x73, 0x69, 0x64, 0x65, 0x20, 0x6F, 0x66, 0x20, 0x74, 0x68, 0x65, 0x73, 0x75, 0x70, 0x70, 0x6F, 0x72,
        0x74, 0x20, 0x6F, 0x66, 0x20, 0x74, 0x68, 0x65, 0x3C, 0x69, 0x6E, 0x70, 0x75, 0x74, 0x20, 0x63, 0x6C, 0x61, 0x73, 0x73, 0x3D, 0x22, 0x3C, 0x73, 0x70, 0x61, 0x6E, 0x20, 0x63, 0x6C, 0x61, 0x73,
        0x73, 0x3D, 0x22, 0x74, 0x28, 0x4D, 0x61, 0x74, 0x68, 0x2E, 0x72, 0x61, 0x6E, 0x64, 0x6F, 0x6D, 0x28, 0x29, 0x6D, 0x6F, 0x73, 0x74, 0x20, 0x70, 0x72, 0x6F, 0x6D, 0x69, 0x6E, 0x65, 0x6E, 0x74,
        0x64, 0x65, 0x73, 0x63, 0x72, 0x69, 0x70, 0x74, 0x69, 0x6F, 0x6E, 0x20, 0x6F, 0x66, 0x43, 0x6F, 0x6E, 0x73, 0x74, 0x61, 0x6E, 0x74, 0x69, 0x6E, 0x6F, 0x70, 0x6C, 0x65, 0x77, 0x65, 0x72, 0x65,
        0x20, 0x70, 0x75, 0x62, 0x6C, 0x69, 0x73, 0x68, 0x65, 0x64, 0x3C, 0x64, 0x69, 0x76, 0x20, 0x63, 0x6C, 0x61, 0x73, 0x73, 0x3D, 0x22, 0x73, 0x65, 0x61, 0x70, 0x70, 0x65, 0x61, 0x72, 0x73, 0x20,
        0x69, 0x6E, 0x20, 0x74, 0x68, 0x65, 0x31, 0x22, 0x20, 0x68, 0x65, 0x69, 0x67, 0x68, 0x74, 0x3D, 0x22, 0x31, 0x22, 0x20, 0x6D, 0x6F, 0x73, 0x74, 0x20, 0x69, 0x6D, 0x70, 0x6F, 0x72, 0x74, 0x61,
        0x6E, 0x74, 0x77, 0x68, 0x69, 0x63, 0x68, 0x20, 0x69, 0x6E, 0x63, 0x6C, 0x75, 0x64, 0x65, 0x73, 0x77, 0x68, 0x69, 0x63, 0x68, 0x20, 0x68, 0x61, 0x64, 0x20, 0x62, 0x65, 0x65, 0x6E, 0x64, 0x65,
        0x73, 0x74, 0x72, 0x75, 0x63, 0x74, 0x69, 0x6F, 0x6E, 0x20, 0x6F, 0x66, 0x74, 0x68, 0x65, 0x20, 0x70, 0x6F, 0x70, 0x75, 0x6C, 0x61, 0x74, 0x69, 0x6F, 0x6E, 0x0A, 0x09, 0x3C, 0x64, 0x69, 0x76,
        0x20, 0x63, 0x6C, 0x61, 0x73, 0x73, 0x3D, 0x22, 0x70, 0x6F, 0x73, 0x73, 0x69, 0x62, 0x69, 0x6C, 0x69, 0x74, 0x79, 0x20, 0x6F, 0x66, 0x73, 0x6F, 0x6D, 0x65, 0x74, 0x69, 0x6D, 0x65, 0x73, 0x20,
        0x75, 0x73, 0x65, 0x64, 0x61, 0x70, 0x70, 0x65, 0x61, 0x72, 0x20, 0x74, 0x6F, 0x20, 0x68, 0x61, 0x76, 0x65, 0x73, 0x75, 0x63, 0x63, 0x65, 0x73, 0x73, 0x20, 0x6F, 0x66, 0x20, 0x74, 0x68, 0x65,
        0x69, 0x6E, 0x74, 0x65, 0x6E, 0x64, 0x65, 0x64, 0x20, 0x74, 0x6F, 0x20, 0x62, 0x65, 0x70, 0x72, 0x65, 0x73, 0x65, 0x6E, 0x74, 0x20, 0x69, 0x6E, 0x20, 0x74, 0x68, 0x65, 0x73, 0x74, 0x79, 0x6C,
        0x65, 0x3D, 0x22, 0x63, 0x6C, 0x65, 0x61, 0x72, 0x3A, 0x62, 0x0D, 0x0A, 0x3C, 0x2F, 0x73, 0x63, 0x72, 0x69, 0x70, 0x74, 0x3E, 0x0D, 0x0A, 0x3C, 0x77, 0x61, 0x73, 0x20, 0x66, 0x6F, 0x75, 0x6E,
        0x64, 0x65, 0x64, 0x20, 0x69, 0x6E, 0x69, 0x6E, 0x74, 0x65, 0x72, 0x76, 0x69, 0x65, 0x77, 0x20, 0x77, 0x69, 0x74, 0x68, 0x5F, 0x69, 0x64, 0x22, 0x20, 0x63, 0x6F, 0x6E, 0x74, 0x65, 0x6E, 0x74,
        0x3D, 0x22, 0x63, 0x61, 0x70, 0x69, 0x74, 0x61, 0x6C, 0x20, 0x6F, 0x66, 0x20, 0x74, 0x68, 0x65, 0x0D, 0x0A, 0x3C, 0x6C, 0x69, 0x6E, 0x6B, 0x20, 0x72, 0x65, 0x6C, 0x3D, 0x22, 0x73, 0x72, 0x65,
        0x6C, 0x65, 0x61, 0x73, 0x65, 0x20, 0x6F, 0x66, 0x20, 0x74, 0x68, 0x65, 0x70, 0x6F, 0x69, 0x6E, 0x74, 0x20, 0x6F, 0x75, 0x74, 0x20, 0x74, 0x68, 0x61, 0x74, 0x78, 0x4D, 0x4C, 0x48, 0x74, 0x74,
        0x70, 0x52, 0x65, 0x71, 0x75, 0x65, 0x73, 0x74, 0x61, 0x6E, 0x64, 0x20, 0x73, 0x75, 0x62, 0x73, 0x65, 0x71, 0x75, 0x65, 0x6E, 0x74, 0x73, 0x65, 0x63, 0x6F, 0x6E, 0x64, 0x20, 0x6C, 0x61, 0x72,
        0x67, 0x65, 0x73, 0x74, 0x76, 0x65, 0x72, 0x79, 0x20, 0x69, 0x6D, 0x70, 0x6F, 0x72, 0x74, 0x61, 0x6E, 0x74, 0x73, 0x70, 0x65, 0x63, 0x69, 0x66, 0x69, 0x63, 0x61, 0x74, 0x69, 0x6F, 0x6E, 0x73,
        0x73, 0x75, 0x72, 0x66, 0x61, 0x63, 0x65, 0x20, 0x6F, 0x66, 0x20, 0x74, 0x68, 0x65, 0x61, 0x70, 0x70, 0x6C, 0x69, 0x65, 0x64, 0x20, 0x74, 0x6F, 0x20, 0x74, 0x68, 0x65, 0x66, 0x6F, 0x72, 0x65,
        0x69, 0x67, 0x6E, 0x20, 0x70, 0x6F, 0x6C, 0x69, 0x63, 0x79, 0x5F, 0x73, 0x65, 0x74, 0x44, 0x6F, 0x6D, 0x61, 0x69, 0x6E, 0x4E, 0x61, 0x6D, 0x65, 0x65, 0x73, 0x74, 0x61, 0x62, 0x6C, 0x69, 0x73,
        0x68, 0x65, 0x64, 0x20, 0x69, 0x6E, 0x69, 0x73, 0x20, 0x62, 0x65, 0x6C, 0x69, 0x65, 0x76, 0x65, 0x64, 0x20, 0x74, 0x6F, 0x49, 0x6E, 0x20, 0x61, 0x64, 0x64, 0x69, 0x74, 0x69, 0x6F, 0x6E, 0x20,
        0x74, 0x6F, 0x6D, 0x65, 0x61, 0x6E, 0x69, 0x6E, 0x67, 0x20, 0x6F, 0x66, 0x20, 0x74, 0x68, 0x65, 0x69, 0x73, 0x20, 0x6E, 0x61, 0x6D, 0x65, 0x64, 0x20, 0x61, 0x66, 0x74, 0x65, 0x72, 0x74, 0x6F,
        0x20, 0x70, 0x72, 0x6F, 0x74, 0x65, 0x63, 0x74, 0x20, 0x74, 0x68, 0x65, 0x69, 0x73, 0x20, 0x72, 0x65, 0x70, 0x72, 0x65, 0x73, 0x65, 0x6E, 0x74, 0x65, 0x64, 0x44, 0x65, 0x63, 0x6C, 0x61, 0x72,
        0x61, 0x74, 0x69, 0x6F, 0x6E, 0x20, 0x6F, 0x66, 0x6D, 0x6F, 0x72, 0x65, 0x20, 0x65, 0x66, 0x66, 0x69, 0x63, 0x69, 0x65, 0x6E, 0x74, 0x43, 0x6C, 0x61, 0x73, 0x73, 0x69, 0x66, 0x69, 0x63, 0x61,
        0x74, 0x69, 0x6F, 0x6E, 0x6F, 0x74, 0x68, 0x65, 0x72, 0x20, 0x66, 0x6F, 0x72, 0x6D, 0x73, 0x20, 0x6F, 0x66, 0x68, 0x65, 0x20, 0x72, 0x65, 0x74, 0x75, 0x72, 0x6E, 0x65, 0x64, 0x20, 0x74, 0x6F,
        0x3C, 0x73, 0x70, 0x61, 0x6E, 0x20, 0x63, 0x6C, 0x61, 0x73, 0x73, 0x3D, 0x22, 0x63, 0x70, 0x65, 0x72, 0x66, 0x6F, 0x72, 0x6D, 0x61, 0x6E, 0x63, 0x65, 0x20, 0x6F, 0x66, 0x28, 0x66, 0x75, 0x6E,
        0x63, 0x74, 0x69, 0x6F, 0x6E, 0x28, 0x29, 0x20, 0x7B, 0x0D, 0x69, 0x66, 0x20, 0x61, 0x6E, 0x64, 0x20, 0x6F, 0x6E, 0x6C, 0x79, 0x20, 0x69, 0x66, 0x72, 0x65, 0x67, 0x69, 0x6F, 0x6E, 0x73, 0x20,
        0x6F, 0x66, 0x20, 0x74, 0x68, 0x65, 0x6C, 0x65, 0x61, 0x64, 0x69, 0x6E, 0x67, 0x20, 0x74, 0x6F, 0x20, 0x74, 0x68, 0x65, 0x72, 0x65, 0x6C, 0x61, 0x74, 0x69, 0x6F, 0x6E, 0x73, 0x20, 0x77, 0x69,
        0x74, 0x68, 0x55, 0x6E, 0x69, 0x74, 0x65, 0x64, 0x20, 0x4E, 0x61, 0x74, 0x69, 0x6F, 0x6E, 0x73, 0x73, 0x74, 0x79, 0x6C, 0x65, 0x3D, 0x22, 0x68, 0x65, 0x69, 0x67, 0x68, 0x74, 0x3A, 0x6F, 0x74,
        0x68, 0x65, 0x72, 0x20, 0x74, 0x68, 0x61, 0x6E, 0x20, 0x74, 0x68, 0x65, 0x79, 0x70, 0x65, 0x22, 0x20, 0x63, 0x6F, 0x6E, 0x74, 0x65, 0x6E, 0x74, 0x3D, 0x22, 0x41, 0x73, 0x73, 0x6F, 0x63, 0x69,
        0x61, 0x74, 0x69, 0x6F, 0x6E, 0x20, 0x6F, 0x66, 0x0A, 0x3C, 0x2F, 0x68, 0x65, 0x61, 0x64, 0x3E, 0x0A, 0x3C, 0x62, 0x6F, 0x64, 0x79, 0x6C, 0x6F, 0x63, 0x61, 0x74, 0x65, 0x64, 0x20, 0x6F, 0x6E,
        0x20, 0x74, 0x68, 0x65, 0x69, 0x73, 0x20, 0x72, 0x65, 0x66, 0x65, 0x72, 0x72, 0x65, 0x64, 0x20, 0x74, 0x6F, 0x28, 0x69, 0x6E, 0x63, 0x6C, 0x75, 0x64, 0x69, 0x6E, 0x67, 0x20, 0x74, 0x68, 0x65,
        0x63, 0x6F, 0x6E, 0x63, 0x65, 0x6E, 0x74, 0x72, 0x61, 0x74, 0x69, 0x6F, 0x6E, 0x73, 0x74, 0x68, 0x65, 0x20, 0x69, 0x6E, 0x64, 0x69, 0x76, 0x69, 0x64, 0x75, 0x61, 0x6C, 0x61, 0x6D, 0x6F, 0x6E,
        0x67, 0x20, 0x74, 0x68, 0x65, 0x20, 0x6D, 0x6F, 0x73, 0x74, 0x74, 0x68, 0x61, 0x6E, 0x20, 0x61, 0x6E, 0x79, 0x20, 0x6F, 0x74, 0x68, 0x65, 0x72, 0x2F, 0x3E, 0x0A, 0x3C, 0x6C, 0x69, 0x6E, 0x6B,
        0x20, 0x72, 0x65, 0x6C, 0x3D, 0x22, 0x20, 0x72, 0x65, 0x74, 0x75, 0x72, 0x6E, 0x20, 0x66, 0x61, 0x6C, 0x73, 0x65, 0x3B, 0x74, 0x68, 0x65, 0x20, 0x70, 0x75, 0x72, 0x70, 0x6F, 0x73, 0x65, 0x20,
        0x6F, 0x66, 0x74, 0x68, 0x65, 0x20, 0x61, 0x62, 0x69, 0x6C, 0x69, 0x74, 0x79, 0x20, 0x74, 0x6F, 0x3B, 0x63, 0x6F, 0x6C, 0x6F, 0x72, 0x3A, 0x23, 0x66, 0x66, 0x66, 0x7D, 0x0A, 0x2E, 0x0A, 0x3C,
        0x73, 0x70, 0x61, 0x6E, 0x20, 0x63, 0x6C, 0x61, 0x73, 0x73, 0x3D, 0x22, 0x74, 0x68, 0x65, 0x20, 0x73, 0x75, 0x62, 0x6A, 0x65, 0x63, 0x74, 0x20, 0x6F, 0x66, 0x64, 0x65, 0x66, 0x69, 0x6E, 0x69,
        0x74, 0x69, 0x6F, 0x6E, 0x73, 0x20, 0x6F, 0x66, 0x3E, 0x0D, 0x0A, 0x3C, 0x6C, 0x69, 0x6E, 0x6B, 0x20, 0x72, 0x65, 0x6C, 0x3D, 0x22, 0x63, 0x6C, 0x61, 0x69, 0x6D, 0x20, 0x74, 0x68, 0x61, 0x74,
        0x20, 0x74, 0x68, 0x65, 0x68, 0x61, 0x76, 0x65, 0x20, 0x64, 0x65, 0x76, 0x65, 0x6C, 0x6F, 0x70, 0x65, 0x64, 0x3C, 0x74, 0x61, 0x62, 0x6C, 0x65, 0x20, 0x77, 0x69, 0x64, 0x74, 0x68, 0x3D, 0x22,
        0x63, 0x65, 0x6C, 0x65, 0x62, 0x72, 0x61, 0x74, 0x69, 0x6F, 0x6E, 0x20, 0x6F, 0x66, 0x46, 0x6F, 0x6C, 0x6C, 0x6F, 0x77, 0x69, 0x6E, 0x67, 0x20, 0x74, 0x68, 0x65, 0x20, 0x74, 0x6F, 0x20, 0x64,
        0x69, 0x73, 0x74, 0x69, 0x6E, 0x67, 0x75, 0x69, 0x73, 0x68, 0x3C, 0x73, 0x70, 0x61, 0x6E, 0x20, 0x63, 0x6C, 0x61, 0x73, 0x73, 0x3D, 0x22, 0x62, 0x74, 0x61, 0x6B, 0x65, 0x73, 0x20, 0x70, 0x6C,
        0x61, 0x63, 0x65, 0x20, 0x69, 0x6E, 0x75, 0x6E, 0x64, 0x65, 0x72, 0x20, 0x74, 0x68, 0x65, 0x20, 0x6E, 0x61, 0x6D, 0x65, 0x6E, 0x6F, 0x74, 0x65, 0x64, 0x20, 0x74, 0x68, 0x61, 0x74, 0x20, 0x74,
        0x68, 0x65, 0x3E, 0x3C, 0x21, 0x5B, 0x65, 0x6E, 0x64, 0x69, 0x66, 0x5D, 0x2D, 0x2D, 0x3E, 0x0A, 0x73, 0x74, 0x79, 0x6C, 0x65, 0x3D, 0x22, 0x6D, 0x61, 0x72, 0x67, 0x69, 0x6E, 0x2D, 0x69, 0x6E,
        0x73, 0x74, 0x65, 0x61, 0x64, 0x20, 0x6F, 0x66, 0x20, 0x74, 0x68, 0x65, 0x69, 0x6E, 0x74, 0x72, 0x6F, 0x64, 0x75, 0x63, 0x65, 0x64, 0x20, 0x74, 0x68, 0x65, 0x74, 0x68, 0x65, 0x20, 0x70, 0x72,
        0x6F, 0x63, 0x65, 0x73, 0x73, 0x20, 0x6F, 0x66, 0x69, 0x6E, 0x63, 0x72, 0x65, 0x61, 0x73, 0x69, 0x6E, 0x67, 0x20, 0x74, 0x68, 0x65, 0x64, 0x69, 0x66, 0x66, 0x65, 0x72, 0x65, 0x6E, 0x63, 0x65,
        0x73, 0x20, 0x69, 0x6E, 0x65, 0x73, 0x74, 0x69, 0x6D, 0x61, 0x74, 0x65, 0x64, 0x20, 0x74, 0x68, 0x61, 0x74, 0x65, 0x73, 0x70, 0x65, 0x63, 0x69, 0x61, 0x6C, 0x6C, 0x79, 0x20, 0x74, 0x68, 0x65,
        0x2F, 0x64, 0x69, 0x76, 0x3E, 0x3C, 0x64, 0x69, 0x76, 0x20, 0x69, 0x64, 0x3D, 0x22, 0x77, 0x61, 0x73, 0x20, 0x65, 0x76, 0x65, 0x6E, 0x74, 0x75, 0x61, 0x6C, 0x6C, 0x79, 0x74, 0x68, 0x72, 0x6F,
        0x75, 0x67, 0x68, 0x6F, 0x75, 0x74, 0x20, 0x68, 0x69, 0x73, 0x74, 0x68, 0x65, 0x20, 0x64, 0x69, 0x66, 0x66, 0x65, 0x72, 0x65, 0x6E, 0x63, 0x65, 0x73, 0x6F, 0x6D, 0x65, 0x74, 0x68, 0x69, 0x6E,
        0x67, 0x20, 0x74, 0x68, 0x61, 0x74, 0x73, 0x70, 0x61, 0x6E, 0x3E, 0x3C, 0x2F, 0x73, 0x70, 0x61, 0x6E, 0x3E, 0x3C, 0x2F, 0x73, 0x69, 0x67, 0x6E, 0x69, 0x66, 0x69, 0x63, 0x61, 0x6E, 0x74, 0x6C,
        0x79, 0x20, 0x3E, 0x3C, 0x2F, 0x73, 0x63, 0x72, 0x69, 0x70, 0x74, 0x3E, 0x0D, 0x0A, 0x0D, 0x0A, 0x65, 0x6E, 0x76, 0x69, 0x72, 0x6F, 0x6E, 0x6D, 0x65, 0x6E, 0x74, 0x61, 0x6C, 0x20, 0x74, 0x6F,
        0x20, 0x70, 0x72, 0x65, 0x76, 0x65, 0x6E, 0x74, 0x20, 0x74, 0x68, 0x65, 0x68, 0x61, 0x76, 0x65, 0x20, 0x62, 0x65, 0x65, 0x6E, 0x20, 0x75, 0x73, 0x65, 0x64, 0x65, 0x73, 0x70, 0x65, 0x63, 0x69,
        0x61, 0x6C, 0x6C, 0x79, 0x20, 0x66, 0x6F, 0x72, 0x75, 0x6E, 0x64, 0x65, 0x72, 0x73, 0x74, 0x61, 0x6E, 0x64, 0x20, 0x74, 0x68, 0x65, 0x69, 0x73, 0x20, 0x65, 0x73, 0x73, 0x65, 0x6E, 0x74, 0x69,
        0x61, 0x6C, 0x6C, 0x79, 0x77, 0x65, 0x72, 0x65, 0x20, 0x74, 0x68, 0x65, 0x20, 0x66, 0x69, 0x72, 0x73, 0x74, 0x69, 0x73, 0x20, 0x74, 0x68, 0x65, 0x20, 0x6C, 0x61, 0x72, 0x67, 0x65, 0x73, 0x74,
        0x68, 0x61, 0x76, 0x65, 0x20, 0x62, 0x65, 0x65, 0x6E, 0x20, 0x6D, 0x61, 0x64, 0x65, 0x22, 0x20, 0x73, 0x72, 0x63, 0x3D, 0x22, 0x68, 0x74, 0x74, 0x70, 0x3A, 0x2F, 0x2F, 0x69, 0x6E, 0x74, 0x65,
        0x72, 0x70, 0x72, 0x65, 0x74, 0x65, 0x64, 0x20, 0x61, 0x73, 0x73, 0x65, 0x63, 0x6F, 0x6E, 0x64, 0x20, 0x68, 0x61, 0x6C, 0x66, 0x20, 0x6F, 0x66, 0x63, 0x72, 0x6F, 0x6C, 0x6C, 0x69, 0x6E, 0x67,
        0x3D, 0x22, 0x6E, 0x6F, 0x22, 0x20, 0x69, 0x73, 0x20, 0x63, 0x6F, 0x6D, 0x70, 0x6F, 0x73, 0x65, 0x64, 0x20, 0x6F, 0x66, 0x49, 0x49, 0x2C, 0x20, 0x48, 0x6F, 0x6C, 0x79, 0x20, 0x52, 0x6F, 0x6D,
        0x61, 0x6E, 0x69, 0x73, 0x20, 0x65, 0x78, 0x70, 0x65, 0x63, 0x74, 0x65, 0x64, 0x20, 0x74, 0x6F, 0x68, 0x61, 0x76, 0x65, 0x20, 0x74, 0x68, 0x65, 0x69, 0x72, 0x20, 0x6F, 0x77, 0x6E, 0x64, 0x65,
        0x66, 0x69, 0x6E, 0x65, 0x64, 0x20, 0x61, 0x73, 0x20, 0x74, 0x68, 0x65, 0x74, 0x72, 0x61, 0x64, 0x69, 0x74, 0x69, 0x6F, 0x6E, 0x61, 0x6C, 0x6C, 0x79, 0x20, 0x68, 0x61, 0x76, 0x65, 0x20, 0x64,
        0x69, 0x66, 0x66, 0x65, 0x72, 0x65, 0x6E, 0x74, 0x61, 0x72, 0x65, 0x20, 0x6F, 0x66, 0x74, 0x65, 0x6E, 0x20, 0x75, 0x73, 0x65, 0x64, 0x74, 0x6F, 0x20, 0x65, 0x6E, 0x73, 0x75, 0x72, 0x65, 0x20,
        0x74, 0x68, 0x61, 0x74, 0x61, 0x67, 0x72, 0x65, 0x65, 0x6D, 0x65, 0x6E, 0x74, 0x20, 0x77, 0x69, 0x74, 0x68, 0x63, 0x6F, 0x6E, 0x74, 0x61, 0x69, 0x6E, 0x69, 0x6E, 0x67, 0x20, 0x74, 0x68, 0x65,
        0x61, 0x72, 0x65, 0x20, 0x66, 0x72, 0x65, 0x71, 0x75, 0x65, 0x6E, 0x74, 0x6C, 0x79, 0x69, 0x6E, 0x66, 0x6F, 0x72, 0x6D, 0x61, 0x74, 0x69, 0x6F, 0x6E, 0x20, 0x6F, 0x6E, 0x65, 0x78, 0x61, 0x6D,
        0x70, 0x6C, 0x65, 0x20, 0x69, 0x73, 0x20, 0x74, 0x68, 0x65, 0x72, 0x65, 0x73, 0x75, 0x6C, 0x74, 0x69, 0x6E, 0x67, 0x20, 0x69, 0x6E, 0x20, 0x61, 0x3C, 0x2F, 0x61, 0x3E, 0x3C, 0x2F, 0x6C, 0x69,
        0x3E, 0x3C, 0x2F, 0x75, 0x6C, 0x3E, 0x20, 0x63, 0x6C, 0x61, 0x73, 0x73, 0x3D, 0x22, 0x66, 0x6F, 0x6F, 0x74, 0x65, 0x72, 0x61, 0x6E, 0x64, 0x20, 0x65, 0x73, 0x70, 0x65, 0x63, 0x69, 0x61, 0x6C,
        0x6C, 0x79, 0x74, 0x79, 0x70, 0x65, 0x3D, 0x22, 0x62, 0x75, 0x74, 0x74, 0x6F, 0x6E, 0x22, 0x20, 0x3C, 0x2F, 0x73, 0x70, 0x61, 0x6E, 0x3E, 0x3C, 0x2F, 0x73, 0x70, 0x61, 0x6E, 0x3E, 0x77, 0x68,
        0x69, 0x63, 0x68, 0x20, 0x69, 0x6E, 0x63, 0x6C, 0x75, 0x64, 0x65, 0x64, 0x3E, 0x0A, 0x3C, 0x6D, 0x65, 0x74, 0x61, 0x20, 0x6E, 0x61, 0x6D, 0x65, 0x3D, 0x22, 0x63, 0x6F, 0x6E, 0x73, 0x69, 0x64,
        0x65, 0x72, 0x65, 0x64, 0x20, 0x74, 0x68, 0x65, 0x63, 0x61, 0x72, 0x72, 0x69, 0x65, 0x64, 0x20, 0x6F, 0x75, 0x74, 0x20, 0x62, 0x79, 0x48, 0x6F, 0x77, 0x65, 0x76, 0x65, 0x72, 0x2C, 0x20, 0x69,
        0x74, 0x20, 0x69, 0x73, 0x62, 0x65, 0x63, 0x61, 0x6D, 0x65, 0x20, 0x70, 0x61, 0x72, 0x74, 0x20, 0x6F, 0x66, 0x69, 0x6E, 0x20, 0x72, 0x65, 0x6C, 0x61, 0x74, 0x69, 0x6F, 0x6E, 0x20, 0x74, 0x6F,
        0x70, 0x6F, 0x70, 0x75, 0x6C, 0x61, 0x72, 0x20, 0x69, 0x6E, 0x20, 0x74, 0x68, 0x65, 0x74, 0x68, 0x65, 0x20, 0x63, 0x61, 0x70, 0x69, 0x74, 0x61, 0x6C, 0x20, 0x6F, 0x66, 0x77, 0x61, 0x73, 0x20,
        0x6F, 0x66, 0x66, 0x69, 0x63, 0x69, 0x61, 0x6C, 0x6C, 0x79, 0x77, 0x68, 0x69, 0x63, 0x68, 0x20, 0x68, 0x61, 0x73, 0x20, 0x62, 0x65, 0x65, 0x6E, 0x74, 0x68, 0x65, 0x20, 0x48, 0x69, 0x73, 0x74,
        0x6F, 0x72, 0x79, 0x20, 0x6F, 0x66, 0x61, 0x6C, 0x74, 0x65, 0x72, 0x6E, 0x61, 0x74, 0x69, 0x76, 0x65, 0x20, 0x74, 0x6F, 0x64, 0x69, 0x66, 0x66, 0x65, 0x72, 0x65, 0x6E, 0x74, 0x20, 0x66, 0x72,
        0x6F, 0x6D, 0x74, 0x6F, 0x20, 0x73, 0x75, 0x70, 0x70, 0x6F, 0x72, 0x74, 0x20, 0x74, 0x68, 0x65, 0x73, 0x75, 0x67, 0x67, 0x65, 0x73, 0x74, 0x65, 0x64, 0x20, 0x74, 0x68, 0x61, 0x74, 0x69, 0x6E,
        0x20, 0x74, 0x68, 0x65, 0x20, 0x70, 0x72, 0x6F, 0x63, 0x65, 0x73, 0x73, 0x20, 0x20, 0x3C, 0x64, 0x69, 0x76, 0x20, 0x63, 0x6C, 0x61, 0x73, 0x73, 0x3D, 0x22, 0x74, 0x68, 0x65, 0x20, 0x66, 0x6F,
        0x75, 0x6E, 0x64, 0x61, 0x74, 0x69, 0x6F, 0x6E, 0x62, 0x65, 0x63, 0x61, 0x75, 0x73, 0x65, 0x20, 0x6F, 0x66, 0x20, 0x68, 0x69, 0x73, 0x63, 0x6F, 0x6E, 0x63, 0x65, 0x72, 0x6E, 0x65, 0x64, 0x20,
        0x77, 0x69, 0x74, 0x68, 0x74, 0x68, 0x65, 0x20, 0x75, 0x6E, 0x69, 0x76, 0x65, 0x72, 0x73, 0x69, 0x74, 0x79, 0x6F, 0x70, 0x70, 0x6F, 0x73, 0x65, 0x64, 0x20, 0x74, 0x6F, 0x20, 0x74, 0x68, 0x65,
        0x74, 0x68, 0x65, 0x20, 0x63, 0x6F, 0x6E, 0x74, 0x65, 0x78, 0x74, 0x20, 0x6F, 0x66, 0x3C, 0x73, 0x70, 0x61, 0x6E, 0x20, 0x63, 0x6C, 0x61, 0x73, 0x73, 0x3D, 0x22, 0x70, 0x74, 0x65, 0x78, 0x74,
        0x22, 0x20, 0x6E, 0x61, 0x6D, 0x65, 0x3D, 0x22, 0x71, 0x22, 0x09, 0x09, 0x3C, 0x64, 0x69, 0x76, 0x20, 0x63, 0x6C, 0x61, 0x73, 0x73, 0x3D, 0x22, 0x74, 0x68, 0x65, 0x20, 0x73, 0x63, 0x69, 0x65,
        0x6E, 0x74, 0x69, 0x66, 0x69, 0x63, 0x72, 0x65, 0x70, 0x72, 0x65, 0x73, 0x65, 0x6E, 0x74, 0x65, 0x64, 0x20, 0x62, 0x79, 0x6D, 0x61, 0x74, 0x68, 0x65, 0x6D, 0x61, 0x74, 0x69, 0x63, 0x69, 0x61,
        0x6E, 0x73, 0x65, 0x6C, 0x65, 0x63, 0x74, 0x65, 0x64, 0x20, 0x62, 0x79, 0x20, 0x74, 0x68, 0x65, 0x74, 0x68, 0x61, 0x74, 0x20, 0x68, 0x61, 0x76, 0x65, 0x20, 0x62, 0x65, 0x65, 0x6E, 0x3E, 0x3C,
        0x64, 0x69, 0x76, 0x20, 0x63, 0x6C, 0x61, 0x73, 0x73, 0x3D, 0x22, 0x63, 0x64, 0x69, 0x76, 0x20, 0x69, 0x64, 0x3D, 0x22, 0x68, 0x65, 0x61, 0x64, 0x65, 0x72, 0x69, 0x6E, 0x20, 0x70, 0x61, 0x72,
        0x74, 0x69, 0x63, 0x75, 0x6C, 0x61, 0x72, 0x2C, 0x63, 0x6F, 0x6E, 0x76, 0x65, 0x72, 0x74, 0x65, 0x64, 0x20, 0x69, 0x6E, 0x74, 0x6F, 0x29, 0x3B, 0x0A, 0x3C, 0x2F, 0x73, 0x63, 0x72, 0x69, 0x70,
        0x74, 0x3E, 0x0A, 0x3C, 0x70, 0x68, 0x69, 0x6C, 0x6F, 0x73, 0x6F, 0x70, 0x68, 0x69, 0x63, 0x61, 0x6C, 0x20, 0x73, 0x72, 0x70, 0x73, 0x6B, 0x6F, 0x68, 0x72, 0x76, 0x61, 0x74, 0x73, 0x6B, 0x69,
        0x74, 0x69, 0xE1, 0xBA, 0xBF, 0x6E, 0x67, 0x20, 0x56, 0x69, 0xE1, 0xBB, 0x87, 0x74, 0xD0, 0xA0, 0xD1, 0x83, 0xD1, 0x81, 0xD1, 0x81, 0xD0, 0xBA, 0xD0, 0xB8, 0xD0, 0xB9, 0xD1, 0x80, 0xD1, 0x83,
        0xD1, 0x81, 0xD1, 0x81, 0xD0, 0xBA, 0xD0, 0xB8, 0xD0, 0xB9, 0x69, 0x6E, 0x76, 0x65, 0x73, 0x74, 0x69, 0x67, 0x61, 0x63, 0x69, 0xC3, 0xB3, 0x6E, 0x70, 0x61, 0x72, 0x74, 0x69, 0x63, 0x69, 0x70,
        0x61, 0x63, 0x69, 0xC3, 0xB3, 0x6E, 0xD0, 0xBA, 0xD0, 0xBE, 0xD1, 0x82, 0xD0, 0xBE, 0xD1, 0x80, 0xD1, 0x8B, 0xD0, 0xB5, 0xD0, 0xBE, 0xD0, 0xB1, 0xD0, 0xBB, 0xD0, 0xB0, 0xD1, 0x81, 0xD1, 0x82,
        0xD0, 0xB8, 0xD0, 0xBA, 0xD0, 0xBE, 0xD1, 0x82, 0xD0, 0xBE, 0xD1, 0x80, 0xD1, 0x8B, 0xD0, 0xB9, 0xD1, 0x87, 0xD0, 0xB5, 0xD0, 0xBB, 0xD0, 0xBE, 0xD0, 0xB2, 0xD0, 0xB5, 0xD0, 0xBA, 0xD1, 0x81,
        0xD0, 0xB8, 0xD1, 0x81, 0xD1, 0x82, 0xD0, 0xB5, 0xD0, 0xBC, 0xD1, 0x8B, 0xD0, 0x9D, 0xD0, 0xBE, 0xD0, 0xB2, 0xD0, 0xBE, 0xD1, 0x81, 0xD1, 0x82, 0xD0, 0xB8, 0xD0, 0xBA, 0xD0, 0xBE, 0xD1, 0x82,
        0xD0, 0xBE, 0xD1, 0x80, 0xD1, 0x8B, 0xD1, 0x85, 0xD0, 0xBE, 0xD0, 0xB1, 0xD0, 0xBB, 0xD0, 0xB0, 0xD1, 0x81, 0xD1, 0x82, 0xD1, 0x8C, 0xD0, 0xB2, 0xD1, 0x80, 0xD0, 0xB5, 0xD0, 0xBC, 0xD0, 0xB5,
        0xD0, 0xBD, 0xD0, 0xB8, 0xD0, 0xBA, 0xD0, 0xBE, 0xD1, 0x82, 0xD0, 0xBE, 0xD1, 0x80, 0xD0, 0xB0, 0xD1, 0x8F, 0xD1, 0x81, 0xD0, 0xB5, 0xD0, 0xB3, 0xD0, 0xBE, 0xD0, 0xB4, 0xD0, 0xBD, 0xD1, 0x8F,
        0xD1, 0x81, 0xD0, 0xBA, 0xD0, 0xB0, 0xD1, 0x87, 0xD0, 0xB0, 0xD1, 0x82, 0xD1, 0x8C, 0xD0, 0xBD, 0xD0, 0xBE, 0xD0, 0xB2, 0xD0, 0xBE, 0xD1, 0x81, 0xD1, 0x82, 0xD0, 0xB8, 0xD0, 0xA3, 0xD0, 0xBA,
        0xD1, 0x80, 0xD0, 0xB0, 0xD0, 0xB8, 0xD0, 0xBD, 0xD1, 0x8B, 0xD0, 0xB2, 0xD0, 0xBE, 0xD0, 0xBF, 0xD1, 0x80, 0xD0, 0xBE, 0xD1, 0x81, 0xD1, 0x8B, 0xD0, 0xBA, 0xD0, 0xBE, 0xD1, 0x82, 0xD0, 0xBE,
        0xD1, 0x80, 0xD0, 0xBE, 0xD0, 0xB9, 0xD1, 0x81, 0xD0, 0xB4, 0xD0, 0xB5, 0xD0, 0xBB, 0xD0, 0xB0, 0xD1, 0x82, 0xD1, 0x8C, 0xD0, 0xBF, 0xD0, 0xBE, 0xD0, 0xBC, 0xD0, 0xBE, 0xD1, 0x89, 0xD1, 0x8C,
        0xD1, 0x8E, 0xD1, 0x81, 0xD1, 0x80, 0xD0, 0xB5, 0xD0, 0xB4, 0xD1, 0x81, 0xD1, 0x82, 0xD0, 0xB2, 0xD0, 0xBE, 0xD0, 0xB1, 0xD1, 0x80, 0xD0, 0xB0, 0xD0, 0xB7, 0xD0, 0xBE, 0xD0, 0xBC, 0xD1, 0x81,
        0xD1, 0x82, 0xD0, 0xBE, 0xD1, 0x80, 0xD0, 0xBE, 0xD0, 0xBD, 0xD1, 0x8B, 0xD1, 0x83, 0xD1, 0x87, 0xD0, 0xB0, 0xD1, 0x81, 0xD1, 0x82, 0xD0, 0xB8, 0xD0, 0xB5, 0xD1, 0x82, 0xD0, 0xB5, 0xD1, 0x87,
        0xD0, 0xB5, 0xD0, 0xBD, 0xD0, 0xB8, 0xD0, 0xB5, 0xD0, 0x93, 0xD0, 0xBB, 0xD0, 0xB0, 0xD0, 0xB2, 0xD0, 0xBD, 0xD0, 0xB0, 0xD1, 0x8F, 0xD0, 0xB8, 0xD1, 0x81, 0xD1, 0x82, 0xD0, 0xBE, 0xD1, 0x80,
        0xD0, 0xB8, 0xD0, 0xB8, 0xD1, 0x81, 0xD0, 0xB8, 0xD1, 0x81, 0xD1, 0x82, 0xD0, 0xB5, 0xD0, 0xBC, 0xD0, 0xB0, 0xD1, 0x80, 0xD0, 0xB5, 0xD1, 0x88, 0xD0, 0xB5, 0xD0, 0xBD, 0xD0, 0xB8, 0xD1, 0x8F,
        0xD0, 0xA1, 0xD0, 0xBA, 0xD0, 0xB0, 0xD1, 0x87, 0xD0, 0xB0, 0xD1, 0x82, 0xD1, 0x8C, 0xD0, 0xBF, 0xD0, 0xBE, 0xD1, 0x8D, 0xD1, 0x82, 0xD0, 0xBE, 0xD0, 0xBC, 0xD1, 0x83, 0xD1, 0x81, 0xD0, 0xBB,
        0xD0, 0xB5, 0xD0, 0xB4, 0xD1, 0x83, 0xD0, 0xB5, 0xD1, 0x82, 0xD1, 0x81, 0xD0, 0xBA, 0xD0, 0xB0, 0xD0, 0xB7, 0xD0, 0xB0, 0xD1, 0x82, 0xD1, 0x8C, 0xD1, 0x82, 0xD0, 0xBE, 0xD0, 0xB2, 0xD0, 0xB0,
        0xD1, 0x80, 0xD0, 0xBE, 0xD0, 0xB2, 0xD0, 0xBA, 0xD0, 0xBE, 0xD0, 0xBD, 0xD0, 0xB5, 0xD1, 0x87, 0xD0, 0xBD, 0xD0, 0xBE, 0xD1, 0x80, 0xD0, 0xB5, 0xD1, 0x88, 0xD0, 0xB5, 0xD0, 0xBD, 0xD0, 0xB8,
        0xD0, 0xB5, 0xD0, 0xBA, 0xD0, 0xBE, 0xD1, 0x82, 0xD0, 0xBE, 0xD1, 0x80, 0xD0, 0xBE, 0xD0, 0xB5, 0xD0, 0xBE, 0xD1, 0x80, 0xD0, 0xB3, 0xD0, 0xB0, 0xD0, 0xBD, 0xD0, 0xBE, 0xD0, 0xB2, 0xD0, 0xBA,
        0xD0, 0xBE, 0xD1, 0x82, 0xD0, 0xBE, 0xD1, 0x80, 0xD0, 0xBE, 0xD0, 0xBC, 0xD0, 0xA0, 0xD0, 0xB5, 0xD0, 0xBA, 0xD0, 0xBB, 0xD0, 0xB0, 0xD0, 0xBC, 0xD0, 0xB0, 0xD8, 0xA7, 0xD9, 0x84, 0xD9, 0x85,
        0xD9, 0x86, 0xD8, 0xAA, 0xD8, 0xAF, 0xD9, 0x89, 0xD9, 0x85, 0xD9, 0x86, 0xD8, 0xAA, 0xD8, 0xAF, 0xD9, 0x8A, 0xD8, 0xA7, 0xD8, 0xAA, 0xD8, 0xA7, 0xD9, 0x84, 0xD9, 0x85, 0xD9, 0x88, 0xD8, 0xB6,
        0xD9, 0x88, 0xD8, 0xB9, 0xD8, 0xA7, 0xD9, 0x84, 0xD8, 0xA8, 0xD8, 0xB1, 0xD8, 0xA7, 0xD9, 0x85, 0xD8, 0xAC, 0xD8, 0xA7, 0xD9, 0x84, 0xD9, 0x85, 0xD9, 0x88, 0xD8, 0xA7, 0xD9, 0x82, 0xD8, 0xB9,
        0xD8, 0xA7, 0xD9, 0x84, 0xD8, 0xB1, 0xD8, 0xB3, 0xD8, 0xA7, 0xD8, 0xA6, 0xD9, 0x84, 0xD9, 0x85, 0xD8, 0xB4, 0xD8, 0xA7, 0xD8, 0xB1, 0xD9, 0x83, 0xD8, 0xA7, 0xD8, 0xAA, 0xD8, 0xA7, 0xD9, 0x84,
        0xD8, 0xA3, 0xD8, 0xB9, 0xD8, 0xB6, 0xD8, 0xA7, 0xD8, 0xA1, 0xD8, 0xA7, 0xD9, 0x84, 0xD8, 0xB1, 0xD9, 0x8A, 0xD8, 0xA7, 0xD8, 0xB6, 0xD8, 0xA9, 0xD8, 0xA7, 0xD9, 0x84, 0xD8, 0xAA, 0xD8, 0xB5,
        0xD9, 0x85, 0xD9, 0x8A, 0xD9, 0x85, 0xD8, 0xA7, 0xD9, 0x84, 0xD8, 0xA7, 0xD8, 0xB9, 0xD8, 0xB6, 0xD8, 0xA7, 0xD8, 0xA1, 0xD8, 0xA7, 0xD9, 0x84, 0xD9, 0x86, 0xD8, 0xAA, 0xD8, 0xA7, 0xD8, 0xA6,
        0xD8, 0xAC, 0xD8, 0xA7, 0xD9, 0x84, 0xD8, 0xA3, 0xD9, 0x84, 0xD8, 0xB9, 0xD8, 0xA7, 0xD8, 0xA8, 0xD8, 0xA7, 0xD9, 0x84, 0xD8, 0xAA, 0xD8, 0xB3, 0xD8, 0xAC, 0xD9, 0x8A, 0xD9, 0x84, 0xD8, 0xA7,
        0xD9, 0x84, 0xD8, 0xA3, 0xD9, 0x82, 0xD8, 0xB3, 0xD8, 0xA7, 0xD9, 0x85, 0xD8, 0xA7, 0xD9, 0x84, 0xD8, 0xB6, 0xD8, 0xBA, 0xD8, 0xB7, 0xD8, 0xA7, 0xD8, 0xAA, 0xD8, 0xA7, 0xD9, 0x84, 0xD9, 0x81,
        0xD9, 0x8A, 0xD8, 0xAF, 0xD9, 0x8A, 0xD9, 0x88, 0xD8, 0xA7, 0xD9, 0x84, 0xD8, 0xAA, 0xD8, 0xB1, 0xD8, 0xAD, 0xD9, 0x8A, 0xD8, 0xA8, 0xD8, 0xA7, 0xD9, 0x84, 0xD8, 0xAC, 0xD8, 0xAF, 0xD9, 0x8A,
        0xD8, 0xAF, 0xD8, 0xA9, 0xD8, 0xA7, 0xD9, 0x84, 0xD8, 0xAA, 0xD8, 0xB9, 0xD9, 0x84, 0xD9, 0x8A, 0xD9, 0x85, 0xD8, 0xA7, 0xD9, 0x84, 0xD8, 0xA3, 0xD8, 0xAE, 0xD8, 0xA8, 0xD8, 0xA7, 0xD8, 0xB1,
        0xD8, 0xA7, 0xD9, 0x84, 0xD8, 0xA7, 0xD9, 0x81, 0xD9, 0x84, 0xD8, 0xA7, 0xD9, 0x85, 0xD8, 0xA7, 0xD9, 0x84, 0xD8, 0xA3, 0xD9, 0x81, 0xD9, 0x84, 0xD8, 0xA7, 0xD9, 0x85, 0xD8, 0xA7, 0xD9, 0x84,
        0xD8, 0xAA, 0xD8, 0xA7, 0xD8, 0xB1, 0xD9, 0x8A, 0xD8, 0xAE, 0xD8, 0xA7, 0xD9, 0x84, 0xD8, 0xAA, 0xD9, 0x82, 0xD9, 0x86, 0xD9, 0x8A, 0xD8, 0xA9, 0xD8, 0xA7, 0xD9, 0x84, 0xD8, 0xA7, 0xD9, 0x84,
        0xD8, 0xB9, 0xD8, 0xA7, 0xD8, 0xA8, 0xD8, 0xA7, 0xD9, 0x84, 0xD8, 0xAE, 0xD9, 0x88, 0xD8, 0xA7, 0xD8, 0xB7, 0xD8, 0xB1, 0xD8, 0xA7, 0xD9, 0x84, 0xD9, 0x85, 0xD8, 0xAC, 0xD8, 0xAA, 0xD9, 0x85,
        0xD8, 0xB9, 0xD8, 0xA7, 0xD9, 0x84, 0xD8, 0xAF, 0xD9, 0x8A, 0xD9, 0x83, 0xD9, 0x88, 0xD8, 0xB1, 0xD8, 0xA7, 0xD9, 0x84, 0xD8, 0xB3, 0xD9, 0x8A, 0xD8, 0xA7, 0xD8, 0xAD, 0xD8, 0xA9, 0xD8, 0xB9,
        0xD8, 0xA8, 0xD8, 0xAF, 0xD8, 0xA7, 0xD9, 0x84, 0xD9, 0x84, 0xD9, 0x87, 0xD8, 0xA7, 0xD9, 0x84, 0xD8, 0xAA, 0xD8, 0xB1, 0xD8, 0xA8, 0xD9, 0x8A, 0xD8, 0xA9, 0xD8, 0xA7, 0xD9, 0x84, 0xD8, 0xB1,
        0xD9, 0x88, 0xD8, 0xA7, 0xD8, 0xA8, 0xD8, 0xB7, 0xD8, 0xA7, 0xD9, 0x84, 0xD8, 0xA3, 0xD8, 0xAF, 0xD8, 0xA8, 0xD9, 0x8A, 0xD8, 0xA9, 0xD8, 0xA7, 0xD9, 0x84, 0xD8, 0xA7, 0xD8, 0xAE, 0xD8, 0xA8,
        0xD8, 0xA7, 0xD8, 0xB1, 0xD8, 0xA7, 0xD9, 0x84, 0xD9, 0x85, 0xD8, 0xAA, 0xD8, 0xAD, 0xD8, 0xAF, 0xD8, 0xA9, 0xD8, 0xA7, 0xD9, 0x84, 0xD8, 0xA7, 0xD8, 0xBA, 0xD8, 0xA7, 0xD9, 0x86, 0xD9, 0x8A,
        0x63, 0x75, 0x72, 0x73, 0x6F, 0x72, 0x3A, 0x70, 0x6F, 0x69, 0x6E, 0x74, 0x65, 0x72, 0x3B, 0x3C, 0x2F, 0x74, 0x69, 0x74, 0x6C, 0x65, 0x3E, 0x0A, 0x3C, 0x6D, 0x65, 0x74, 0x61, 0x20, 0x22, 0x20,
        0x68, 0x72, 0x65, 0x66, 0x3D, 0x22, 0x68, 0x74, 0x74, 0x70, 0x3A, 0x2F, 0x2F, 0x22, 0x3E, 0x3C, 0x73, 0x70, 0x61, 0x6E, 0x20, 0x63, 0x6C, 0x61, 0x73, 0x73, 0x3D, 0x22, 0x6D, 0x65, 0x6D, 0x62,
        0x65, 0x72, 0x73, 0x20, 0x6F, 0x66, 0x20, 0x74, 0x68, 0x65, 0x20, 0x77, 0x69, 0x6E, 0x64, 0x6F, 0x77, 0x2E, 0x6C, 0x6F, 0x63, 0x61, 0x74, 0x69, 0x6F, 0x6E, 0x76, 0x65, 0x72, 0x74, 0x69, 0x63,
        0x61, 0x6C, 0x2D, 0x61, 0x6C, 0x69, 0x67, 0x6E, 0x3A, 0x2F, 0x61, 0x3E, 0x20, 0x7C, 0x20, 0x3C, 0x61, 0x20, 0x68, 0x72, 0x65, 0x66, 0x3D, 0x22, 0x3C, 0x21, 0x64, 0x6F, 0x63, 0x74, 0x79, 0x70,
        0x65, 0x20, 0x68, 0x74, 0x6D, 0x6C, 0x3E, 0x6D, 0x65, 0x64, 0x69, 0x61, 0x3D, 0x22, 0x73, 0x63, 0x72, 0x65, 0x65, 0x6E, 0x22, 0x20, 0x3C, 0x6F, 0x70, 0x74, 0x69, 0x6F, 0x6E, 0x20, 0x76, 0x61,
        0x6C, 0x75, 0x65, 0x3D, 0x22, 0x66, 0x61, 0x76, 0x69, 0x63, 0x6F, 0x6E, 0x2E, 0x69, 0x63, 0x6F, 0x22, 0x20, 0x2F, 0x3E, 0x0A, 0x09, 0x09, 0x3C, 0x64, 0x69, 0x76, 0x20, 0x63, 0x6C, 0x61, 0x73,
        0x73, 0x3D, 0x22, 0x63, 0x68, 0x61, 0x72, 0x61, 0x63, 0x74, 0x65, 0x72, 0x69, 0x73, 0x74, 0x69, 0x63, 0x73, 0x22, 0x20, 0x6D, 0x65, 0x74, 0x68, 0x6F, 0x64, 0x3D, 0x22, 0x67, 0x65, 0x74, 0x22,
        0x20, 0x2F, 0x62, 0x6F, 0x64, 0x79, 0x3E, 0x0A, 0x3C, 0x2F, 0x68, 0x74, 0x6D, 0x6C, 0x3E, 0x0A, 0x73, 0x68, 0x6F, 0x72, 0x74, 0x63, 0x75, 0x74, 0x20, 0x69, 0x63, 0x6F, 0x6E, 0x22, 0x20, 0x64,
        0x6F, 0x63, 0x75, 0x6D, 0x65, 0x6E, 0x74, 0x2E, 0x77, 0x72, 0x69, 0x74, 0x65, 0x28, 0x70, 0x61, 0x64, 0x64, 0x69, 0x6E, 0x67, 0x2D, 0x62, 0x6F, 0x74, 0x74, 0x6F, 0x6D, 0x3A, 0x72, 0x65, 0x70,
        0x72, 0x65, 0x73, 0x65, 0x6E, 0x74, 0x61, 0x74, 0x69, 0x76, 0x65, 0x73, 0x73, 0x75, 0x62, 0x6D, 0x69, 0x74, 0x22, 0x20, 0x76, 0x61, 0x6C, 0x75, 0x65, 0x3D, 0x22, 0x61, 0x6C, 0x69, 0x67, 0x6E,
        0x3D, 0x22, 0x63, 0x65, 0x6E, 0x74, 0x65, 0x72, 0x22, 0x20, 0x74, 0x68, 0x72, 0x6F, 0x75, 0x67, 0x68, 0x6F, 0x75, 0x74, 0x20, 0x74, 0x68, 0x65, 0x20, 0x73, 0x63, 0x69, 0x65, 0x6E, 0x63, 0x65,
        0x20, 0x66, 0x69, 0x63, 0x74, 0x69, 0x6F, 0x6E, 0x0A, 0x20, 0x20, 0x3C, 0x64, 0x69, 0x76, 0x20, 0x63, 0x6C, 0x61, 0x73, 0x73, 0x3D, 0x22, 0x73, 0x75, 0x62, 0x6D, 0x69, 0x74, 0x22, 0x20, 0x63,
        0x6C, 0x61, 0x73, 0x73, 0x3D, 0x22, 0x6F, 0x6E, 0x65, 0x20, 0x6F, 0x66, 0x20, 0x74, 0x68, 0x65, 0x20, 0x6D, 0x6F, 0x73, 0x74, 0x20, 0x76, 0x61, 0x6C, 0x69, 0x67, 0x6E, 0x3D, 0x22, 0x74, 0x6F,
        0x70, 0x22, 0x3E, 0x3C, 0x77, 0x61, 0x73, 0x20, 0x65, 0x73, 0x74, 0x61, 0x62, 0x6C, 0x69, 0x73, 0x68, 0x65, 0x64, 0x29, 0x3B, 0x0D, 0x0A, 0x3C, 0x2F, 0x73, 0x63, 0x72, 0x69, 0x70, 0x74, 0x3E,
        0x0D, 0x0A, 0x72, 0x65, 0x74, 0x75, 0x72, 0x6E, 0x20, 0x66, 0x61, 0x6C, 0x73, 0x65, 0x3B, 0x22, 0x3E, 0x29, 0x2E, 0x73, 0x74, 0x79, 0x6C, 0x65, 0x2E, 0x64, 0x69, 0x73, 0x70, 0x6C, 0x61, 0x79,
        0x62, 0x65, 0x63, 0x61, 0x75, 0x73, 0x65, 0x20, 0x6F, 0x66, 0x20, 0x74, 0x68, 0x65, 0x20, 0x64, 0x6F, 0x63, 0x75, 0x6D, 0x65, 0x6E, 0x74, 0x2E, 0x63, 0x6F, 0x6F, 0x6B, 0x69, 0x65, 0x3C, 0x66,
        0x6F, 0x72, 0x6D, 0x20, 0x61, 0x63, 0x74, 0x69, 0x6F, 0x6E, 0x3D, 0x22, 0x2F, 0x7D, 0x62, 0x6F, 0x64, 0x79, 0x7B, 0x6D, 0x61, 0x72, 0x67, 0x69, 0x6E, 0x3A, 0x30, 0x3B, 0x45, 0x6E, 0x63, 0x79,
        0x63, 0x6C, 0x6F, 0x70, 0x65, 0x64, 0x69, 0x61, 0x20, 0x6F, 0x66, 0x76, 0x65, 0x72, 0x73, 0x69, 0x6F, 0x6E, 0x20, 0x6F, 0x66, 0x20, 0x74, 0x68, 0x65, 0x20, 0x2E, 0x63, 0x72, 0x65, 0x61, 0x74,
        0x65, 0x45, 0x6C, 0x65, 0x6D, 0x65, 0x6E, 0x74, 0x28, 0x6E, 0x61, 0x6D, 0x65, 0x22, 0x20, 0x63, 0x6F, 0x6E, 0x74, 0x65, 0x6E, 0x74, 0x3D, 0x22, 0x3C, 0x2F, 0x64, 0x69, 0x76, 0x3E, 0x0A, 0x3C,
        0x2F, 0x64, 0x69, 0x76, 0x3E, 0x0A, 0x0A, 0x61, 0x64, 0x6D, 0x69, 0x6E, 0x69, 0x73, 0x74, 0x72, 0x61, 0x74, 0x69, 0x76, 0x65, 0x20, 0x3C, 0x2F, 0x62, 0x6F, 0x64, 0x79, 0x3E, 0x0A, 0x3C, 0x2F,
        0x68, 0x74, 0x6D, 0x6C, 0x3E, 0x68, 0x69, 0x73, 0x74, 0x6F, 0x72, 0x79, 0x20, 0x6F, 0x66, 0x20, 0x74, 0x68, 0x65, 0x20, 0x22, 0x3E, 0x3C, 0x69, 0x6E, 0x70, 0x75, 0x74, 0x20, 0x74, 0x79, 0x70,
        0x65, 0x3D, 0x22, 0x70, 0x6F, 0x72, 0x74, 0x69, 0x6F, 0x6E, 0x20, 0x6F, 0x66, 0x20, 0x74, 0x68, 0x65, 0x20, 0x61, 0x73, 0x20, 0x70, 0x61, 0x72, 0x74, 0x20, 0x6F, 0x66, 0x20, 0x74, 0x68, 0x65,
        0x20, 0x26, 0x6E, 0x62, 0x73, 0x70, 0x3B, 0x3C, 0x61, 0x20, 0x68, 0x72, 0x65, 0x66, 0x3D, 0x22, 0x6F, 0x74, 0x68, 0x65, 0x72, 0x20, 0x63, 0x6F, 0x75, 0x6E, 0x74, 0x72, 0x69, 0x65, 0x73, 0x22,
        0x3E, 0x0A, 0x3C, 0x64, 0x69, 0x76, 0x20, 0x63, 0x6C, 0x61, 0x73, 0x73, 0x3D, 0x22, 0x3C, 0x2F, 0x73, 0x70, 0x61, 0x6E, 0x3E, 0x3C, 0x2F, 0x73, 0x70, 0x61, 0x6E, 0x3E, 0x3C, 0x49, 0x6E, 0x20,
        0x6F, 0x74, 0x68, 0x65, 0x72, 0x20, 0x77, 0x6F, 0x72, 0x64, 0x73, 0x2C, 0x64, 0x69, 0x73, 0x70, 0x6C, 0x61, 0x79, 0x3A, 0x20, 0x62, 0x6C, 0x6F, 0x63, 0x6B, 0x3B, 0x63, 0x6F, 0x6E, 0x74, 0x72,
        0x6F, 0x6C, 0x20, 0x6F, 0x66, 0x20, 0x74, 0x68, 0x65, 0x20, 0x69, 0x6E, 0x74, 0x72, 0x6F, 0x64, 0x75, 0x63, 0x74, 0x69, 0x6F, 0x6E, 0x20, 0x6F, 0x66, 0x2F, 0x3E, 0x0A, 0x3C, 0x6D, 0x65, 0x74,
        0x61, 0x20, 0x6E, 0x61, 0x6D, 0x65, 0x3D, 0x22, 0x61, 0x73, 0x20, 0x77, 0x65, 0x6C, 0x6C, 0x20, 0x61, 0x73, 0x20, 0x74, 0x68, 0x65, 0x20, 0x69, 0x6E, 0x20, 0x72, 0x65, 0x63, 0x65, 0x6E, 0x74,
        0x20, 0x79, 0x65, 0x61, 0x72, 0x73, 0x0D, 0x0A, 0x09, 0x3C, 0x64, 0x69, 0x76, 0x20, 0x63, 0x6C, 0x61, 0x73, 0x73, 0x3D, 0x22, 0x3C, 0x2F, 0x64, 0x69, 0x76, 0x3E, 0x0A, 0x09, 0x3C, 0x2F, 0x64,
        0x69, 0x76, 0x3E, 0x0A, 0x69, 0x6E, 0x73, 0x70, 0x69, 0x72, 0x65, 0x64, 0x20, 0x62, 0x79, 0x20, 0x74, 0x68, 0x65, 0x74, 0x68, 0x65, 0x20, 0x65, 0x6E, 0x64, 0x20, 0x6F, 0x66, 0x20, 0x74, 0x68,
        0x65, 0x20, 0x63, 0x6F, 0x6D, 0x70, 0x61, 0x74, 0x69, 0x62, 0x6C, 0x65, 0x20, 0x77, 0x69, 0x74, 0x68, 0x62, 0x65, 0x63, 0x61, 0x6D, 0x65, 0x20, 0x6B, 0x6E, 0x6F, 0x77, 0x6E, 0x20, 0x61, 0x73,
        0x20, 0x73, 0x74, 0x79, 0x6C, 0x65, 0x3D, 0x22, 0x6D, 0x61, 0x72, 0x67, 0x69, 0x6E, 0x3A, 0x2E, 0x6A, 0x73, 0x22, 0x3E, 0x3C, 0x2F, 0x73, 0x63, 0x72, 0x69, 0x70, 0x74, 0x3E, 0x3C, 0x20, 0x49,
        0x6E, 0x74, 0x65, 0x72, 0x6E, 0x61, 0x74, 0x69, 0x6F, 0x6E, 0x61, 0x6C, 0x20, 0x74, 0x68, 0x65, 0x72, 0x65, 0x20, 0x68, 0x61, 0x76, 0x65, 0x20, 0x62, 0x65, 0x65, 0x6E, 0x47, 0x65, 0x72, 0x6D,
        0x61, 0x6E, 0x20, 0x6C, 0x61, 0x6E, 0x67, 0x75, 0x61, 0x67, 0x65, 0x20, 0x73, 0x74, 0x79, 0x6C, 0x65, 0x3D, 0x22, 0x63, 0x6F, 0x6C, 0x6F, 0x72, 0x3A, 0x23, 0x43, 0x6F, 0x6D, 0x6D, 0x75, 0x6E,
        0x69, 0x73, 0x74, 0x20, 0x50, 0x61, 0x72, 0x74, 0x79, 0x63, 0x6F, 0x6E, 0x73, 0x69, 0x73, 0x74, 0x65, 0x6E, 0x74, 0x20, 0x77, 0x69, 0x74, 0x68, 0x62, 0x6F, 0x72, 0x64, 0x65, 0x72, 0x3D, 0x22,
        0x30, 0x22, 0x20, 0x63, 0x65, 0x6C, 0x6C, 0x20, 0x6D, 0x61, 0x72, 0x67, 0x69, 0x6E, 0x68, 0x65, 0x69, 0x67, 0x68, 0x74, 0x3D, 0x22, 0x74, 0x68, 0x65, 0x20, 0x6D, 0x61, 0x6A, 0x6F, 0x72, 0x69,
        0x74, 0x79, 0x20, 0x6F, 0x66, 0x22, 0x20, 0x61, 0x6C, 0x69, 0x67, 0x6E, 0x3D, 0x22, 0x63, 0x65, 0x6E, 0x74, 0x65, 0x72, 0x72, 0x65, 0x6C, 0x61, 0x74, 0x65, 0x64, 0x20, 0x74, 0x6F, 0x20, 0x74,
        0x68, 0x65, 0x20, 0x6D, 0x61, 0x6E, 0x79, 0x20, 0x64, 0x69, 0x66, 0x66, 0x65, 0x72, 0x65, 0x6E, 0x74, 0x20, 0x4F, 0x72, 0x74, 0x68, 0x6F, 0x64, 0x6F, 0x78, 0x20, 0x43, 0x68, 0x75, 0x72, 0x63,
        0x68, 0x73, 0x69, 0x6D, 0x69, 0x6C, 0x61, 0x72, 0x20, 0x74, 0x6F, 0x20, 0x74, 0x68, 0x65, 0x20, 0x2F, 0x3E, 0x0A, 0x3C, 0x6C, 0x69, 0x6E, 0x6B, 0x20, 0x72, 0x65, 0x6C, 0x3D, 0x22, 0x73, 0x77,
        0x61, 0x73, 0x20, 0x6F, 0x6E, 0x65, 0x20, 0x6F, 0x66, 0x20, 0x74, 0x68, 0x65, 0x20, 0x75, 0x6E, 0x74, 0x69, 0x6C, 0x20, 0x68, 0x69, 0x73, 0x20, 0x64, 0x65, 0x61, 0x74, 0x68, 0x7D, 0x29, 0x28,
        0x29, 0x3B, 0x0A, 0x3C, 0x2F, 0x73, 0x63, 0x72, 0x69, 0x70, 0x74, 0x3E, 0x6F, 0x74, 0x68, 0x65, 0x72, 0x20, 0x6C, 0x61, 0x6E, 0x67, 0x75, 0x61, 0x67, 0x65, 0x73, 0x63, 0x6F, 0x6D, 0x70, 0x61,
        0x72, 0x65, 0x64, 0x20, 0x74, 0x6F, 0x20, 0x74, 0x68, 0x65, 0x70, 0x6F, 0x72, 0x74, 0x69, 0x6F, 0x6E, 0x73, 0x20, 0x6F, 0x66, 0x20, 0x74, 0x68, 0x65, 0x74, 0x68, 0x65, 0x20, 0x4E, 0x65, 0x74,
        0x68, 0x65, 0x72, 0x6C, 0x61, 0x6E, 0x64, 0x73, 0x74, 0x68, 0x65, 0x20, 0x6D, 0x6F, 0x73, 0x74, 0x20, 0x63, 0x6F, 0x6D, 0x6D, 0x6F, 0x6E, 0x62, 0x61, 0x63, 0x6B, 0x67, 0x72, 0x6F, 0x75, 0x6E,
        0x64, 0x3A, 0x75, 0x72, 0x6C, 0x28, 0x61, 0x72, 0x67, 0x75, 0x65, 0x64, 0x20, 0x74, 0x68, 0x61, 0x74, 0x20, 0x74, 0x68, 0x65, 0x73, 0x63, 0x72, 0x6F, 0x6C, 0x6C, 0x69, 0x6E, 0x67, 0x3D, 0x22,
        0x6E, 0x6F, 0x22, 0x20, 0x69, 0x6E, 0x63, 0x6C, 0x75, 0x64, 0x65, 0x64, 0x20, 0x69, 0x6E, 0x20, 0x74, 0x68, 0x65, 0x4E, 0x6F, 0x72, 0x74, 0x68, 0x20, 0x41, 0x6D, 0x65, 0x72, 0x69, 0x63, 0x61,
        0x6E, 0x20, 0x74, 0x68, 0x65, 0x20, 0x6E, 0x61, 0x6D, 0x65, 0x20, 0x6F, 0x66, 0x20, 0x74, 0x68, 0x65, 0x69, 0x6E, 0x74, 0x65, 0x72, 0x70, 0x72, 0x65, 0x74, 0x61, 0x74, 0x69, 0x6F, 0x6E, 0x73,
        0x74, 0x68, 0x65, 0x20, 0x74, 0x72, 0x61, 0x64, 0x69, 0x74, 0x69, 0x6F, 0x6E, 0x61, 0x6C, 0x64, 0x65, 0x76, 0x65, 0x6C, 0x6F, 0x70, 0x6D, 0x65, 0x6E, 0x74, 0x20, 0x6F, 0x66, 0x20, 0x66, 0x72,
        0x65, 0x71, 0x75, 0x65, 0x6E, 0x74, 0x6C, 0x79, 0x20, 0x75, 0x73, 0x65, 0x64, 0x61, 0x20, 0x63, 0x6F, 0x6C, 0x6C, 0x65, 0x63, 0x74, 0x69, 0x6F, 0x6E, 0x20, 0x6F, 0x66, 0x76, 0x65, 0x72, 0x79,
        0x20, 0x73, 0x69, 0x6D, 0x69, 0x6C, 0x61, 0x72, 0x20, 0x74, 0x6F, 0x73, 0x75, 0x72, 0x72, 0x6F, 0x75, 0x6E, 0x64, 0x69, 0x6E, 0x67, 0x20, 0x74, 0x68, 0x65, 0x65, 0x78, 0x61, 0x6D, 0x70, 0x6C,
        0x65, 0x20, 0x6F, 0x66, 0x20, 0x74, 0x68, 0x69, 0x73, 0x61, 0x6C, 0x69, 0x67, 0x6E, 0x3D, 0x22, 0x63, 0x65, 0x6E, 0x74, 0x65, 0x72, 0x22, 0x3E, 0x77, 0x6F, 0x75, 0x6C, 0x64, 0x20, 0x68, 0x61,
        0x76, 0x65, 0x20, 0x62, 0x65, 0x65, 0x6E, 0x69, 0x6D, 0x61, 0x67, 0x65, 0x5F, 0x63, 0x61, 0x70, 0x74, 0x69, 0x6F, 0x6E, 0x20, 0x3D, 0x61, 0x74, 0x74, 0x61, 0x63, 0x68, 0x65, 0x64, 0x20, 0x74,
        0x6F, 0x20, 0x74, 0x68, 0x65, 0x73, 0x75, 0x67, 0x67, 0x65, 0x73, 0x74, 0x69, 0x6E, 0x67, 0x20, 0x74, 0x68, 0x61, 0x74, 0x69, 0x6E, 0x20, 0x74, 0x68, 0x65, 0x20, 0x66, 0x6F, 0x72, 0x6D, 0x20,
        0x6F, 0x66, 0x20, 0x69, 0x6E, 0x76, 0x6F, 0x6C, 0x76, 0x65, 0x64, 0x20, 0x69, 0x6E, 0x20, 0x74, 0x68, 0x65, 0x69, 0x73, 0x20, 0x64, 0x65, 0x72, 0x69, 0x76, 0x65, 0x64, 0x20, 0x66, 0x72, 0x6F,
        0x6D, 0x6E, 0x61, 0x6D, 0x65, 0x64, 0x20, 0x61, 0x66, 0x74, 0x65, 0x72, 0x20, 0x74, 0x68, 0x65, 0x49, 0x6E, 0x74, 0x72, 0x6F, 0x64, 0x75, 0x63, 0x74, 0x69, 0x6F, 0x6E, 0x20, 0x74, 0x6F, 0x72,
        0x65, 0x73, 0x74, 0x72, 0x69, 0x63, 0x74, 0x69, 0x6F, 0x6E, 0x73, 0x20, 0x6F, 0x6E, 0x20, 0x73, 0x74, 0x79, 0x6C, 0x65, 0x3D, 0x22, 0x77, 0x69, 0x64, 0x74, 0x68, 0x3A, 0x20, 0x63, 0x61, 0x6E,
        0x20, 0x62, 0x65, 0x20, 0x75, 0x73, 0x65, 0x64, 0x20, 0x74, 0x6F, 0x20, 0x74, 0x68, 0x65, 0x20, 0x63, 0x72, 0x65, 0x61, 0x74, 0x69, 0x6F, 0x6E, 0x20, 0x6F, 0x66, 0x6D, 0x6F, 0x73, 0x74, 0x20,
        0x69, 0x6D, 0x70, 0x6F, 0x72, 0x74, 0x61, 0x6E, 0x74, 0x20, 0x69, 0x6E, 0x66, 0x6F, 0x72, 0x6D, 0x61, 0x74, 0x69, 0x6F, 0x6E, 0x20, 0x61, 0x6E, 0x64, 0x72, 0x65, 0x73, 0x75, 0x6C, 0x74, 0x65,
        0x64, 0x20, 0x69, 0x6E, 0x20, 0x74, 0x68, 0x65, 0x63, 0x6F, 0x6C, 0x6C, 0x61, 0x70, 0x73, 0x65, 0x20, 0x6F, 0x66, 0x20, 0x74, 0x68, 0x65, 0x54, 0x68, 0x69, 0x73, 0x20, 0x6D, 0x65, 0x61, 0x6E,
        0x73, 0x20, 0x74, 0x68, 0x61, 0x74, 0x65, 0x6C, 0x65, 0x6D, 0x65, 0x6E, 0x74, 0x73, 0x20, 0x6F, 0x66, 0x20, 0x74, 0x68, 0x65, 0x77, 0x61, 0x73, 0x20, 0x72, 0x65, 0x70, 0x6C, 0x61, 0x63, 0x65,
        0x64, 0x20, 0x62, 0x79, 0x61, 0x6E, 0x61, 0x6C, 0x79, 0x73, 0x69, 0x73, 0x20, 0x6F, 0x66, 0x20, 0x74, 0x68, 0x65, 0x69, 0x6E, 0x73, 0x70, 0x69, 0x72, 0x61, 0x74, 0x69, 0x6F, 0x6E, 0x20, 0x66,
        0x6F, 0x72, 0x72, 0x65, 0x67, 0x61, 0x72, 0x64, 0x65, 0x64, 0x20, 0x61, 0x73, 0x20, 0x74, 0x68, 0x65, 0x6D, 0x6F, 0x73, 0x74, 0x20, 0x73, 0x75, 0x63, 0x63, 0x65, 0x73, 0x73, 0x66, 0x75, 0x6C,
        0x6B, 0x6E, 0x6F, 0x77, 0x6E, 0x20, 0x61, 0x73, 0x20, 0x26, 0x71, 0x75, 0x6F, 0x74, 0x3B, 0x61, 0x20, 0x63, 0x6F, 0x6D, 0x70, 0x72, 0x65, 0x68, 0x65, 0x6E, 0x73, 0x69, 0x76, 0x65, 0x48, 0x69,
        0x73, 0x74, 0x6F, 0x72, 0x79, 0x20, 0x6F, 0x66, 0x20, 0x74, 0x68, 0x65, 0x20, 0x77, 0x65, 0x72, 0x65, 0x20, 0x63, 0x6F, 0x6E, 0x73, 0x69, 0x64, 0x65, 0x72, 0x65, 0x64, 0x72, 0x65, 0x74, 0x75,
        0x72, 0x6E, 0x65, 0x64, 0x20, 0x74, 0x6F, 0x20, 0x74, 0x68, 0x65, 0x61, 0x72, 0x65, 0x20, 0x72, 0x65, 0x66, 0x65, 0x72, 0x72, 0x65, 0x64, 0x20, 0x74, 0x6F, 0x55, 0x6E, 0x73, 0x6F, 0x75, 0x72,
        0x63, 0x65, 0x64, 0x20, 0x69, 0x6D, 0x61, 0x67, 0x65, 0x3E, 0x0A, 0x09, 0x3C, 0x64, 0x69, 0x76, 0x20, 0x63, 0x6C, 0x61, 0x73, 0x73, 0x3D, 0x22, 0x63, 0x6F, 0x6E, 0x73, 0x69, 0x73, 0x74, 0x73,
        0x20, 0x6F, 0x66, 0x20, 0x74, 0x68, 0x65, 0x73, 0x74, 0x6F, 0x70, 0x50, 0x72, 0x6F, 0x70, 0x61, 0x67, 0x61, 0x74, 0x69, 0x6F, 0x6E, 0x69, 0x6E, 0x74, 0x65, 0x72, 0x65, 0x73, 0x74, 0x20, 0x69,
        0x6E, 0x20, 0x74, 0x68, 0x65, 0x61, 0x76, 0x61, 0x69, 0x6C, 0x61, 0x62, 0x69, 0x6C, 0x69, 0x74, 0x79, 0x20, 0x6F, 0x66, 0x61, 0x70, 0x70, 0x65, 0x61, 0x72, 0x73, 0x20, 0x74, 0x6F, 0x20, 0x68,
        0x61, 0x76, 0x65, 0x65, 0x6C, 0x65, 0x63, 0x74, 0x72, 0x6F, 0x6D, 0x61, 0x67, 0x6E, 0x65, 0x74, 0x69, 0x63, 0x65, 0x6E, 0x61, 0x62, 0x6C, 0x65, 0x53, 0x65, 0x72, 0x76, 0x69, 0x63, 0x65, 0x73,
        0x28, 0x66, 0x75, 0x6E, 0x63, 0x74, 0x69, 0x6F, 0x6E, 0x20, 0x6F, 0x66, 0x20, 0x74, 0x68, 0x65, 0x49, 0x74, 0x20, 0x69, 0x73, 0x20, 0x69, 0x6D, 0x70, 0x6F, 0x72, 0x74, 0x61, 0x6E, 0x74, 0x3C,
        0x2F, 0x73, 0x63, 0x72, 0x69, 0x70, 0x74, 0x3E, 0x3C, 0x2F, 0x64, 0x69, 0x76, 0x3E, 0x66, 0x75, 0x6E, 0x63, 0x74, 0x69, 0x6F, 0x6E, 0x28, 0x29, 0x7B, 0x76, 0x61, 0x72, 0x20, 0x72, 0x65, 0x6C,
        0x61, 0x74, 0x69, 0x76, 0x65, 0x20, 0x74, 0x6F, 0x20, 0x74, 0x68, 0x65, 0x61, 0x73, 0x20, 0x61, 0x20, 0x72, 0x65, 0x73, 0x75, 0x6C, 0x74, 0x20, 0x6F, 0x66, 0x20, 0x74, 0x68, 0x65, 0x20, 0x70,
        0x6F, 0x73, 0x69, 0x74, 0x69, 0x6F, 0x6E, 0x20, 0x6F, 0x66, 0x46, 0x6F, 0x72, 0x20, 0x65, 0x78, 0x61, 0x6D, 0x70, 0x6C, 0x65, 0x2C, 0x20, 0x69, 0x6E, 0x20, 0x6D, 0x65, 0x74, 0x68, 0x6F, 0x64,
        0x3D, 0x22, 0x70, 0x6F, 0x73, 0x74, 0x22, 0x20, 0x77, 0x61, 0x73, 0x20, 0x66, 0x6F, 0x6C, 0x6C, 0x6F, 0x77, 0x65, 0x64, 0x20, 0x62, 0x79, 0x26, 0x61, 0x6D, 0x70, 0x3B, 0x6D, 0x64, 0x61, 0x73,
        0x68, 0x3B, 0x20, 0x74, 0x68, 0x65, 0x74, 0x68, 0x65, 0x20, 0x61, 0x70, 0x70, 0x6C, 0x69, 0x63, 0x61, 0x74, 0x69, 0x6F, 0x6E, 0x6A, 0x73, 0x22, 0x3E, 0x3C, 0x2F, 0x73, 0x63, 0x72, 0x69, 0x70,
        0x74, 0x3E, 0x0D, 0x0A, 0x75, 0x6C, 0x3E, 0x3C, 0x2F, 0x64, 0x69, 0x76, 0x3E, 0x3C, 0x2F, 0x64, 0x69, 0x76, 0x3E, 0x61, 0x66, 0x74, 0x65, 0x72, 0x20, 0x74, 0x68, 0x65, 0x20, 0x64, 0x65, 0x61,
        0x74, 0x68, 0x77, 0x69, 0x74, 0x68, 0x20, 0x72, 0x65, 0x73, 0x70, 0x65, 0x63, 0x74, 0x20, 0x74, 0x6F, 0x73, 0x74, 0x79, 0x6C, 0x65, 0x3D, 0x22, 0x70, 0x61, 0x64, 0x64, 0x69, 0x6E, 0x67, 0x3A,
        0x69, 0x73, 0x20, 0x70, 0x61, 0x72, 0x74, 0x69, 0x63, 0x75, 0x6C, 0x61, 0x72, 0x6C, 0x79, 0x64, 0x69, 0x73, 0x70, 0x6C, 0x61, 0x79, 0x3A, 0x69, 0x6E, 0x6C, 0x69, 0x6E, 0x65, 0x3B, 0x20, 0x74,
        0x79, 0x70, 0x65, 0x3D, 0x22, 0x73, 0x75, 0x62, 0x6D, 0x69, 0x74, 0x22, 0x20, 0x69, 0x73, 0x20, 0x64, 0x69, 0x76, 0x69, 0x64, 0x65, 0x64, 0x20, 0x69, 0x6E, 0x74, 0x6F, 0xE4, 0xB8, 0xAD, 0xE6,
        0x96, 0x87, 0x20, 0x28, 0xE7, 0xAE, 0x80, 0xE4, 0xBD, 0x93, 0x29, 0x72, 0x65, 0x73, 0x70, 0x6F, 0x6E, 0x73, 0x61, 0x62, 0x69, 0x6C, 0x69, 0x64, 0x61, 0x64, 0x61, 0x64, 0x6D, 0x69, 0x6E, 0x69,
        0x73, 0x74, 0x72, 0x61, 0x63, 0x69, 0xC3, 0xB3, 0x6E, 0x69, 0x6E, 0x74, 0x65, 0x72, 0x6E, 0x61, 0x63, 0x69, 0x6F, 0x6E, 0x61, 0x6C, 0x65, 0x73, 0x63, 0x6F, 0x72, 0x72, 0x65, 0x73, 0x70, 0x6F,
        0x6E, 0x64, 0x69, 0x65, 0x6E, 0x74, 0x65, 0xE0, 0xA4, 0x89, 0xE0, 0xA4, 0xAA, 0xE0, 0xA4, 0xAF, 0xE0, 0xA5, 0x8B, 0xE0, 0xA4, 0x97, 0xE0, 0xA4, 0xAA, 0xE0, 0xA5, 0x82, 0xE0, 0xA4, 0xB0, 0xE0,
        0xA5, 0x8D, 0xE0, 0xA4, 0xB5, 0xE0, 0xA4, 0xB9, 0xE0, 0xA4, 0xAE, 0xE0, 0xA4, 0xBE, 0xE0, 0xA4, 0xB0, 0xE0, 0xA5, 0x87, 0xE0, 0xA4, 0xB2, 0xE0, 0xA5, 0x8B, 0xE0, 0xA4, 0x97, 0xE0, 0xA5, 0x8B,
        0xE0, 0xA4, 0x82, 0xE0, 0xA4, 0x9A, 0xE0, 0xA5, 0x81, 0xE0, 0xA4, 0xA8, 0xE0, 0xA4, 0xBE, 0xE0, 0xA4, 0xB5, 0xE0, 0xA4, 0xB2, 0xE0, 0xA5, 0x87, 0xE0, 0xA4, 0x95, 0xE0, 0xA4, 0xBF, 0xE0, 0xA4,
        0xA8, 0xE0, 0xA4, 0xB8, 0xE0, 0xA4, 0xB0, 0xE0, 0xA4, 0x95, 0xE0, 0xA4, 0xBE, 0xE0, 0xA4, 0xB0, 0xE0, 0xA4, 0xAA, 0xE0, 0xA5, 0x81, 0xE0, 0xA4, 0xB2, 0xE0, 0xA4, 0xBF, 0xE0, 0xA4, 0xB8, 0xE0,
        0xA4, 0x96, 0xE0, 0xA5, 0x8B, 0xE0, 0xA4, 0x9C, 0xE0, 0xA5, 0x87, 0xE0, 0xA4, 0x82, 0xE0, 0xA4, 0x9A, 0xE0, 0xA4, 0xBE, 0xE0, 0xA4, 0xB9, 0xE0, 0xA4, 0xBF, 0xE0, 0xA4, 0x8F, 0xE0, 0xA4, 0xAD,
        0xE0, 0xA5, 0x87, 0xE0, 0xA4, 0x9C, 0xE0, 0xA5, 0x87, 0xE0, 0xA4, 0x82, 0xE0, 0xA4, 0xB6, 0xE0, 0xA4, 0xBE, 0xE0, 0xA4, 0xAE, 0xE0, 0xA4, 0xBF, 0xE0, 0xA4, 0xB2, 0xE0, 0xA4, 0xB9, 0xE0, 0xA4,
        0xAE, 0xE0, 0xA4, 0xBE, 0xE0, 0xA4, 0xB0, 0xE0, 0xA5, 0x80, 0xE0, 0xA4, 0x9C, 0xE0, 0xA4, 0xBE, 0xE0, 0xA4, 0x97, 0xE0, 0xA4, 0xB0, 0xE0, 0xA4, 0xA3, 0xE0, 0xA4, 0xAC, 0xE0, 0xA4, 0xA8, 0xE0,
        0xA4, 0xBE, 0xE0, 0xA4, 0xA8, 0xE0, 0xA5, 0x87, 0xE0, 0xA4, 0x95, 0xE0, 0xA5, 0x81, 0xE0, 0xA4, 0xAE, 0xE0, 0xA4, 0xBE, 0xE0, 0xA4, 0xB0, 0xE0, 0xA4, 0xAC, 0xE0, 0xA5, 0x8D, 0xE0, 0xA4, 0xB2,
        0xE0, 0xA5, 0x89, 0xE0, 0xA4, 0x97, 0xE0, 0xA4, 0xAE, 0xE0, 0xA4, 0xBE, 0xE0, 0xA4, 0xB2, 0xE0, 0xA4, 0xBF, 0xE0, 0xA4, 0x95, 0xE0, 0xA4, 0xAE, 0xE0, 0xA4, 0xB9, 0xE0, 0xA4, 0xBF, 0xE0, 0xA4,
        0xB2, 0xE0, 0xA4, 0xBE, 0xE0, 0xA4, 0xAA, 0xE0, 0xA5, 0x83, 0xE0, 0xA4, 0xB7, 0xE0, 0xA5, 0x8D, 0xE0, 0xA4, 0xA0, 0xE0, 0xA4, 0xAC, 0xE0, 0xA4, 0xA2, 0xE0, 0xA4, 0xBC, 0xE0, 0xA4, 0xA4, 0xE0,
        0xA5, 0x87, 0xE0, 0xA4, 0xAD, 0xE0, 0xA4, 0xBE, 0xE0, 0xA4, 0x9C, 0xE0, 0xA4, 0xAA, 0xE0, 0xA4, 0xBE, 0xE0, 0xA4, 0x95, 0xE0, 0xA5, 0x8D, 0xE0, 0xA4, 0xB2, 0xE0, 0xA4, 0xBF, 0xE0, 0xA4, 0x95,
        0xE0, 0xA4, 0x9F, 0xE0, 0xA5, 0x8D, 0xE0, 0xA4, 0xB0, 0xE0, 0xA5, 0x87, 0xE0, 0xA4, 0xA8, 0xE0, 0xA4, 0x96, 0xE0, 0xA4, 0xBF, 0xE0, 0xA4, 0xB2, 0xE0, 0xA4, 0xBE, 0xE0, 0xA4, 0xAB, 0xE0, 0xA4,
        0xA6, 0xE0, 0xA5, 0x8C, 0xE0, 0xA4, 0xB0, 0xE0, 0xA4, 0xBE, 0xE0, 0xA4, 0xA8, 0xE0, 0xA4, 0xAE, 0xE0, 0xA4, 0xBE, 0xE0, 0xA4, 0xAE, 0xE0, 0xA4, 0xB2, 0xE0, 0xA5, 0x87, 0xE0, 0xA4, 0xAE, 0xE0,
        0xA4, 0xA4, 0xE0, 0xA4, 0xA6, 0xE0, 0xA4, 0xBE, 0xE0, 0xA4, 0xA8, 0xE0, 0xA4, 0xAC, 0xE0, 0xA4, 0xBE, 0xE0, 0xA4, 0x9C, 0xE0, 0xA4, 0xBE, 0xE0, 0xA4, 0xB0, 0xE0, 0xA4, 0xB5, 0xE0, 0xA4, 0xBF,
        0xE0, 0xA4, 0x95, 0xE0, 0xA4, 0xBE, 0xE0, 0xA4, 0xB8, 0xE0, 0xA4, 0x95, 0xE0, 0xA5, 0x8D, 0xE0, 0xA4, 0xAF, 0xE0, 0xA5, 0x8B, 0xE0, 0xA4, 0x82, 0xE0, 0xA4, 0x9A, 0xE0, 0xA4, 0xBE, 0xE0, 0xA4,
        0xB9, 0xE0, 0xA4, 0xA4, 0xE0, 0xA5, 0x87, 0xE0, 0xA4, 0xAA, 0xE0, 0xA4, 0xB9, 0xE0, 0xA5, 0x81, 0xE0, 0xA4, 0x81, 0xE0, 0xA4, 0x9A, 0xE0, 0xA4, 0xAC, 0xE0, 0xA4, 0xA4, 0xE0, 0xA4, 0xBE, 0xE0,
        0xA4, 0xAF, 0xE0, 0xA4, 0xBE, 0xE0, 0xA4, 0xB8, 0xE0, 0xA4, 0x82, 0xE0, 0xA4, 0xB5, 0xE0, 0xA4, 0xBE, 0xE0, 0xA4, 0xA6, 0xE0, 0xA4, 0xA6, 0xE0, 0xA5, 0x87, 0xE0, 0xA4, 0x96, 0xE0, 0xA4, 0xA8,
        0xE0, 0xA5, 0x87, 0xE0, 0xA4, 0xAA, 0xE0, 0xA4, 0xBF, 0xE0, 0xA4, 0x9B, 0xE0, 0xA4, 0xB2, 0xE0, 0xA5, 0x87, 0xE0, 0xA4, 0xB5, 0xE0, 0xA4, 0xBF, 0xE0, 0xA4, 0xB6, 0xE0, 0xA5, 0x87, 0xE0, 0xA4,
        0xB7, 0xE0, 0xA4, 0xB0, 0xE0, 0xA4, 0xBE, 0xE0, 0xA4, 0x9C, 0xE0, 0xA5, 0x8D, 0xE0, 0xA4, 0xAF, 0xE0, 0xA4, 0x89, 0xE0, 0xA4, 0xA4, 0xE0, 0xA5, 0x8D, 0xE0, 0xA4, 0xA4, 0xE0, 0xA4, 0xB0, 0xE0,
        0xA4, 0xAE, 0xE0, 0xA5, 0x81, 0xE0, 0xA4, 0x82, 0xE0, 0xA4, 0xAC, 0xE0, 0xA4, 0x88, 0xE0, 0xA4, 0xA6, 0xE0, 0xA5, 0x8B, 0xE0, 0xA4, 0xA8, 0xE0, 0xA5, 0x8B, 0xE0, 0xA4, 0x82, 0xE0, 0xA4, 0x89,
        0xE0, 0xA4, 0xAA, 0xE0, 0xA4, 0x95, 0xE0, 0xA4, 0xB0, 0xE0, 0xA4, 0xA3, 0xE0, 0xA4, 0xAA, 0xE0, 0xA4, 0xA2, 0xE0, 0xA4, 0xBC, 0xE0, 0xA5, 0x87, 0xE0, 0xA4, 0x82, 0xE0, 0xA4, 0xB8, 0xE0, 0xA5,
        0x8D, 0xE0, 0xA4, 0xA5, 0xE0, 0xA4, 0xBF, 0xE0, 0xA4, 0xA4, 0xE0, 0xA4, 0xAB, 0xE0, 0xA4, 0xBF, 0xE0, 0xA4, 0xB2, 0xE0, 0xA5, 0x8D, 0xE0, 0xA4, 0xAE, 0xE0, 0xA4, 0xAE, 0xE0, 0xA5, 0x81, 0xE0,
        0xA4, 0x96, 0xE0, 0xA5, 0x8D, 0xE0, 0xA4, 0xAF, 0xE0, 0xA4, 0x85, 0xE0, 0xA4, 0x9A, 0xE0, 0xA5, 0x8D, 0xE0, 0xA4, 0x9B, 0xE0, 0xA4, 0xBE, 0xE0, 0xA4, 0x9B, 0xE0, 0xA5, 0x82, 0xE0, 0xA4, 0x9F,
        0xE0, 0xA4, 0xA4, 0xE0, 0xA5, 0x80, 0xE0, 0xA4, 0xB8, 0xE0, 0xA4, 0x82, 0xE0, 0xA4, 0x97, 0xE0, 0xA5, 0x80, 0xE0, 0xA4, 0xA4, 0xE0, 0xA4, 0x9C, 0xE0, 0xA4, 0xBE, 0xE0, 0xA4, 0x8F, 0xE0, 0xA4,
        0x97, 0xE0, 0xA4, 0xBE, 0xE0, 0xA4, 0xB5, 0xE0, 0xA4, 0xBF, 0xE0, 0xA4, 0xAD, 0xE0, 0xA4, 0xBE, 0xE0, 0xA4, 0x97, 0xE0, 0xA4, 0x98, 0xE0, 0xA4, 0xA3, 0xE0, 0xA5, 0x8D, 0xE0, 0xA4, 0x9F, 0xE0,
        0xA5, 0x87, 0xE0, 0xA4, 0xA6, 0xE0, 0xA5, 0x82, 0xE0, 0xA4, 0xB8, 0xE0, 0xA4, 0xB0, 0xE0, 0xA5, 0x87, 0xE0, 0xA4, 0xA6, 0xE0, 0xA4, 0xBF, 0xE0, 0xA4, 0xA8, 0xE0, 0xA5, 0x8B, 0xE0, 0xA4, 0x82,
        0xE0, 0xA4, 0xB9, 0xE0, 0xA4, 0xA4, 0xE0, 0xA5, 0x8D, 0xE0, 0xA4, 0xAF, 0xE0, 0xA4, 0xBE, 0xE0, 0xA4, 0xB8, 0xE0, 0xA5, 0x87, 0xE0, 0xA4, 0x95, 0xE0, 0xA5, 0x8D, 0xE0, 0xA4, 0xB8, 0xE0, 0xA4,
        0x97, 0xE0, 0xA4, 0xBE, 0xE0, 0xA4, 0x82, 0xE0, 0xA4, 0xA7, 0xE0, 0xA5, 0x80, 0xE0, 0xA4, 0xB5, 0xE0, 0xA4, 0xBF, 0xE0, 0xA4, 0xB6, 0xE0, 0xA5, 0x8D, 0xE0, 0xA4, 0xB5, 0xE0, 0xA4, 0xB0, 0xE0,
        0xA4, 0xBE, 0xE0, 0xA4, 0xA4, 0xE0, 0xA5, 0x87, 0xE0, 0xA4, 0x82, 0xE0, 0xA4, 0xA6, 0xE0, 0xA5, 0x88, 0xE0, 0xA4, 0x9F, 0xE0, 0xA5, 0x8D, 0xE0, 0xA4, 0xB8, 0xE0, 0xA4, 0xA8, 0xE0, 0xA4, 0x95,
        0xE0, 0xA5, 0x8D, 0xE0, 0xA4, 0xB6, 0xE0, 0xA4, 0xBE, 0xE0, 0xA4, 0xB8, 0xE0, 0xA4, 0xBE, 0xE0, 0xA4, 0xAE, 0xE0, 0xA4, 0xA8, 0xE0, 0xA5, 0x87, 0xE0, 0xA4, 0x85, 0xE0, 0xA4, 0xA6, 0xE0, 0xA4,
        0xBE, 0xE0, 0xA4, 0xB2, 0xE0, 0xA4, 0xA4, 0xE0, 0xA4, 0xAC, 0xE0, 0xA4, 0xBF, 0xE0, 0xA4, 0x9C, 0xE0, 0xA4, 0xB2, 0xE0, 0xA5, 0x80, 0xE0, 0xA4, 0xAA, 0xE0, 0xA5, 0x81, 0xE0, 0xA4, 0xB0, 0xE0,
        0xA5, 0x82, 0xE0, 0xA4, 0xB7, 0xE0, 0xA4, 0xB9, 0xE0, 0xA4, 0xBF, 0xE0, 0xA4, 0x82, 0xE0, 0xA4, 0xA6, 0xE0, 0xA5, 0x80, 0xE0, 0xA4, 0xAE, 0xE0, 0xA4, 0xBF, 0xE0, 0xA4, 0xA4, 0xE0, 0xA5, 0x8D,
        0xE0, 0xA4, 0xB0, 0xE0, 0xA4, 0x95, 0xE0, 0xA4, 0xB5, 0xE0, 0xA4, 0xBF, 0xE0, 0xA4, 0xA4, 0xE0, 0xA4, 0xBE, 0xE0, 0xA4, 0xB0, 0xE0, 0xA5, 0x81, 0xE0, 0xA4, 0xAA, 0xE0, 0xA4, 0xAF, 0xE0, 0xA5,
        0x87, 0xE0, 0xA4, 0xB8, 0xE0, 0xA5, 0x8D, 0xE0, 0xA4, 0xA5, 0xE0, 0xA4, 0xBE, 0xE0, 0xA4, 0xA8, 0xE0, 0xA4, 0x95, 0xE0, 0xA4, 0xB0, 0xE0, 0xA5, 0x8B, 0xE0, 0xA4, 0xA1, 0xE0, 0xA4, 0xBC, 0xE0,
        0xA4, 0xAE, 0xE0, 0xA5, 0x81, 0xE0, 0xA4, 0x95, 0xE0, 0xA5, 0x8D, 0xE0, 0xA4, 0xA4, 0xE0, 0xA4, 0xAF, 0xE0, 0xA5, 0x8B, 0xE0, 0xA4, 0x9C, 0xE0, 0xA4, 0xA8, 0xE0, 0xA4, 0xBE, 0xE0, 0xA4, 0x95,
        0xE0, 0xA5, 0x83, 0xE0, 0xA4, 0xAA, 0xE0, 0xA4, 0xAF, 0xE0, 0xA4, 0xBE, 0xE0, 0xA4, 0xAA, 0xE0, 0xA5, 0x8B, 0xE0, 0xA4, 0xB8, 0xE0, 0xA5, 0x8D, 0xE0, 0xA4, 0x9F, 0xE0, 0xA4, 0x98, 0xE0, 0xA4,
        0xB0, 0xE0, 0xA5, 0x87, 0xE0, 0xA4, 0xB2, 0xE0, 0xA5, 0x82, 0xE0, 0xA4, 0x95, 0xE0, 0xA4, 0xBE, 0xE0, 0xA4, 0xB0, 0xE0, 0xA5, 0x8D, 0xE0, 0xA4, 0xAF, 0xE0, 0xA4, 0xB5, 0xE0, 0xA4, 0xBF, 0xE0,
        0xA4, 0x9A, 0xE0, 0xA4, 0xBE, 0xE0, 0xA4, 0xB0, 0xE0, 0xA4, 0xB8, 0xE0, 0xA5, 0x82, 0xE0, 0xA4, 0x9A, 0xE0, 0xA4, 0xA8, 0xE0, 0xA4, 0xBE, 0xE0, 0xA4, 0xAE, 0xE0, 0xA5, 0x82, 0xE0, 0xA4, 0xB2,
        0xE0, 0xA5, 0x8D, 0xE0, 0xA4, 0xAF, 0xE0, 0xA4, 0xA6, 0xE0, 0xA5, 0x87, 0xE0, 0xA4, 0x96, 0xE0, 0xA5, 0x87, 0xE0, 0xA4, 0x82, 0xE0, 0xA4, 0xB9, 0xE0, 0xA4, 0xAE, 0xE0, 0xA5, 0x87, 0xE0, 0xA4,
        0xB6, 0xE0, 0xA4, 0xBE, 0xE0, 0xA4, 0xB8, 0xE0, 0xA5, 0x8D, 0xE0, 0xA4, 0x95, 0xE0, 0xA5, 0x82, 0xE0, 0xA4, 0xB2, 0xE0, 0xA4, 0xAE, 0xE0, 0xA5, 0x88, 0xE0, 0xA4, 0x82, 0xE0, 0xA4, 0xA8, 0xE0,
        0xA5, 0x87, 0xE0, 0xA4, 0xA4, 0xE0, 0xA5, 0x88, 0xE0, 0xA4, 0xAF, 0xE0, 0xA4, 0xBE, 0xE0, 0xA4, 0xB0, 0xE0, 0xA4, 0x9C, 0xE0, 0xA4, 0xBF, 0xE0, 0xA4, 0xB8, 0xE0, 0xA4, 0x95, 0xE0, 0xA5, 0x87,
        0x72, 0x73, 0x73, 0x2B, 0x78, 0x6D, 0x6C, 0x22, 0x20, 0x74, 0x69, 0x74, 0x6C, 0x65, 0x3D, 0x22, 0x2D, 0x74, 0x79, 0x70, 0x65, 0x22, 0x20, 0x63, 0x6F, 0x6E, 0x74, 0x65, 0x6E, 0x74, 0x3D, 0x22,
        0x74, 0x69, 0x74, 0x6C, 0x65, 0x22, 0x20, 0x63, 0x6F, 0x6E, 0x74, 0x65, 0x6E, 0x74, 0x3D, 0x22, 0x61, 0x74, 0x20, 0x74, 0x68, 0x65, 0x20, 0x73, 0x61, 0x6D, 0x65, 0x20, 0x74, 0x69, 0x6D, 0x65,
        0x2E, 0x6A, 0x73, 0x22, 0x3E, 0x3C, 0x2F, 0x73, 0x63, 0x72, 0x69, 0x70, 0x74, 0x3E, 0x0A, 0x3C, 0x22, 0x20, 0x6D, 0x65, 0x74, 0x68, 0x6F, 0x64, 0x3D, 0x22, 0x70, 0x6F, 0x73, 0x74, 0x22, 0x20,
        0x3C, 0x2F, 0x73, 0x70, 0x61, 0x6E, 0x3E, 0x3C, 0x2F, 0x61, 0x3E, 0x3C, 0x2F, 0x6C, 0x69, 0x3E, 0x76, 0x65, 0x72, 0x74, 0x69, 0x63, 0x61, 0x6C, 0x2D, 0x61, 0x6C, 0x69, 0x67, 0x6E, 0x3A, 0x74,
        0x2F, 0x6A, 0x71, 0x75, 0x65, 0x72, 0x79, 0x2E, 0x6D, 0x69, 0x6E, 0x2E, 0x6A, 0x73, 0x22, 0x3E, 0x2E, 0x63, 0x6C, 0x69, 0x63, 0x6B, 0x28, 0x66, 0x75, 0x6E, 0x63, 0x74, 0x69, 0x6F, 0x6E, 0x28,
        0x20, 0x73, 0x74, 0x79, 0x6C, 0x65, 0x3D, 0x22, 0x70, 0x61, 0x64, 0x64, 0x69, 0x6E, 0x67, 0x2D, 0x7D, 0x29, 0x28, 0x29, 0x3B, 0x0A, 0x3C, 0x2F, 0x73, 0x63, 0x72, 0x69, 0x70, 0x74, 0x3E, 0x0A,
        0x3C, 0x2F, 0x73, 0x70, 0x61, 0x6E, 0x3E, 0x3C, 0x61, 0x20, 0x68, 0x72, 0x65, 0x66, 0x3D, 0x22, 0x3C, 0x61, 0x20, 0x68, 0x72, 0x65, 0x66, 0x3D, 0x22, 0x68, 0x74, 0x74, 0x70, 0x3A, 0x2F, 0x2F,
        0x29, 0x3B, 0x20, 0x72, 0x65, 0x74, 0x75, 0x72, 0x6E, 0x20, 0x66, 0x61, 0x6C, 0x73, 0x65, 0x3B, 0x74, 0x65, 0x78, 0x74, 0x2D, 0x64, 0x65, 0x63, 0x6F, 0x72, 0x61, 0x74, 0x69, 0x6F, 0x6E, 0x3A,
        0x20, 0x73, 0x63, 0x72, 0x6F, 0x6C, 0x6C, 0x69, 0x6E, 0x67, 0x3D, 0x22, 0x6E, 0x6F, 0x22, 0x20, 0x62, 0x6F, 0x72, 0x64, 0x65, 0x72, 0x2D, 0x63, 0x6F, 0x6C, 0x6C, 0x61, 0x70, 0x73, 0x65, 0x3A,
        0x61, 0x73, 0x73, 0x6F, 0x63, 0x69, 0x61, 0x74, 0x65, 0x64, 0x20, 0x77, 0x69, 0x74, 0x68, 0x20, 0x42, 0x61, 0x68, 0x61, 0x73, 0x61, 0x20, 0x49, 0x6E, 0x64, 0x6F, 0x6E, 0x65, 0x73, 0x69, 0x61,
        0x45, 0x6E, 0x67, 0x6C, 0x69, 0x73, 0x68, 0x20, 0x6C, 0x61, 0x6E, 0x67, 0x75, 0x61, 0x67, 0x65, 0x3C, 0x74, 0x65, 0x78, 0x74, 0x20, 0x78, 0x6D, 0x6C, 0x3A, 0x73, 0x70, 0x61, 0x63, 0x65, 0x3D,
        0x2E, 0x67, 0x69, 0x66, 0x22, 0x20, 0x62, 0x6F, 0x72, 0x64, 0x65, 0x72, 0x3D, 0x22, 0x30, 0x22, 0x3C, 0x2F, 0x62, 0x6F, 0x64, 0x79, 0x3E, 0x0A, 0x3C, 0x2F, 0x68, 0x74, 0x6D, 0x6C, 0x3E, 0x0A,
        0x6F, 0x76, 0x65, 0x72, 0x66, 0x6C, 0x6F, 0x77, 0x3A, 0x68, 0x69, 0x64, 0x64, 0x65, 0x6E, 0x3B, 0x69, 0x6D, 0x67, 0x20, 0x73, 0x72, 0x63, 0x3D, 0x22, 0x68, 0x74, 0x74, 0x70, 0x3A, 0x2F, 0x2F,
        0x61, 0x64, 0x64, 0x45, 0x76, 0x65, 0x6E, 0x74, 0x4C, 0x69, 0x73, 0x74, 0x65, 0x6E, 0x65, 0x72, 0x72, 0x65, 0x73, 0x70, 0x6F, 0x6E, 0x73, 0x69, 0x62, 0x6C, 0x65, 0x20, 0x66, 0x6F, 0x72, 0x20,
        0x73, 0x2E, 0x6A, 0x73, 0x22, 0x3E, 0x3C, 0x2F, 0x73, 0x63, 0x72, 0x69, 0x70, 0x74, 0x3E, 0x0A, 0x2F, 0x66, 0x61, 0x76, 0x69, 0x63, 0x6F, 0x6E, 0x2E, 0x69, 0x63, 0x6F, 0x22, 0x20, 0x2F, 0x3E,
        0x6F, 0x70, 0x65, 0x72, 0x61, 0x74, 0x69, 0x6E, 0x67, 0x20, 0x73, 0x79, 0x73, 0x74, 0x65, 0x6D, 0x22, 0x20, 0x73, 0x74, 0x79, 0x6C, 0x65, 0x3D, 0x22, 0x77, 0x69, 0x64, 0x74, 0x68, 0x3A, 0x31,
        0x74, 0x61, 0x72, 0x67, 0x65, 0x74, 0x3D, 0x22, 0x5F, 0x62, 0x6C, 0x61, 0x6E, 0x6B, 0x22, 0x3E, 0x53, 0x74, 0x61, 0x74, 0x65, 0x20, 0x55, 0x6E, 0x69, 0x76, 0x65, 0x72, 0x73, 0x69, 0x74, 0x79,
        0x74, 0x65, 0x78, 0x74, 0x2D, 0x61, 0x6C, 0x69, 0x67, 0x6E, 0x3A, 0x6C, 0x65, 0x66, 0x74, 0x3B, 0x0A, 0x64, 0x6F, 0x63, 0x75, 0x6D, 0x65, 0x6E, 0x74, 0x2E, 0x77, 0x72, 0x69, 0x74, 0x65, 0x28,
        0x2C, 0x20, 0x69, 0x6E, 0x63, 0x6C, 0x75, 0x64, 0x69, 0x6E, 0x67, 0x20, 0x74, 0x68, 0x65, 0x20, 0x61, 0x72, 0x6F, 0x75, 0x6E, 0x64, 0x20, 0x74, 0x68, 0x65, 0x20, 0x77, 0x6F, 0x72, 0x6C, 0x64,
        0x29, 0x3B, 0x0D, 0x0A, 0x3C, 0x2F, 0x73, 0x63, 0x72, 0x69, 0x70, 0x74, 0x3E, 0x0D, 0x0A, 0x3C, 0x22, 0x20, 0x73, 0x74, 0x79, 0x6C, 0x65, 0x3D, 0x22, 0x68, 0x65, 0x69, 0x67, 0x68, 0x74, 0x3A,
        0x3B, 0x6F, 0x76, 0x65, 0x72, 0x66, 0x6C, 0x6F, 0x77, 0x3A, 0x68, 0x69, 0x64, 0x64, 0x65, 0x6E, 0x6D, 0x6F, 0x72, 0x65, 0x20, 0x69, 0x6E, 0x66, 0x6F, 0x72, 0x6D, 0x61, 0x74, 0x69, 0x6F, 0x6E,
        0x61, 0x6E, 0x20, 0x69, 0x6E, 0x74, 0x65, 0x72, 0x6E, 0x61, 0x74, 0x69, 0x6F, 0x6E, 0x61, 0x6C, 0x61, 0x20, 0x6D, 0x65, 0x6D, 0x62, 0x65, 0x72, 0x20, 0x6F, 0x66, 0x20, 0x74, 0x68, 0x65, 0x20,
        0x6F, 0x6E, 0x65, 0x20, 0x6F, 0x66, 0x20, 0x74, 0x68, 0x65, 0x20, 0x66, 0x69, 0x72, 0x73, 0x74, 0x63, 0x61, 0x6E, 0x20, 0x62, 0x65, 0x20, 0x66, 0x6F, 0x75, 0x6E, 0x64, 0x20, 0x69, 0x6E, 0x20,
        0x3C, 0x2F, 0x64, 0x69, 0x76, 0x3E, 0x0A, 0x09, 0x09, 0x3C, 0x2F, 0x64, 0x69, 0x76, 0x3E, 0x0A, 0x64, 0x69, 0x73, 0x70, 0x6C, 0x61, 0x79, 0x3A, 0x20, 0x6E, 0x6F, 0x6E, 0x65, 0x3B, 0x22, 0x3E,
        0x22, 0x20, 0x2F, 0x3E, 0x0A, 0x3C, 0x6C, 0x69, 0x6E, 0x6B, 0x20, 0x72, 0x65, 0x6C, 0x3D, 0x22, 0x0A, 0x20, 0x20, 0x28, 0x66, 0x75, 0x6E, 0x63, 0x74, 0x69, 0x6F, 0x6E, 0x28, 0x29, 0x20, 0x7B,
        0x74, 0x68, 0x65, 0x20, 0x31, 0x35, 0x74, 0x68, 0x20, 0x63, 0x65, 0x6E, 0x74, 0x75, 0x72, 0x79, 0x2E, 0x70, 0x72, 0x65, 0x76, 0x65, 0x6E, 0x74, 0x44, 0x65, 0x66, 0x61, 0x75, 0x6C, 0x74, 0x28,
        0x6C, 0x61, 0x72, 0x67, 0x65, 0x20, 0x6E, 0x75, 0x6D, 0x62, 0x65, 0x72, 0x20, 0x6F, 0x66, 0x20, 0x42, 0x79, 0x7A, 0x61, 0x6E, 0x74, 0x69, 0x6E, 0x65, 0x20, 0x45, 0x6D, 0x70, 0x69, 0x72, 0x65,
        0x2E, 0x6A, 0x70, 0x67, 0x7C, 0x74, 0x68, 0x75, 0x6D, 0x62, 0x7C, 0x6C, 0x65, 0x66, 0x74, 0x7C, 0x76, 0x61, 0x73, 0x74, 0x20, 0x6D, 0x61, 0x6A, 0x6F, 0x72, 0x69, 0x74, 0x79, 0x20, 0x6F, 0x66,
        0x6D, 0x61, 0x6A, 0x6F, 0x72, 0x69, 0x74, 0x79, 0x20, 0x6F, 0x66, 0x20, 0x74, 0x68, 0x65, 0x20, 0x20, 0x61, 0x6C, 0x69, 0x67, 0x6E, 0x3D, 0x22, 0x63, 0x65, 0x6E, 0x74, 0x65, 0x72, 0x22, 0x3E,
        0x55, 0x6E, 0x69, 0x76, 0x65, 0x72, 0x73, 0x69, 0x74, 0x79, 0x20, 0x50, 0x72, 0x65, 0x73, 0x73, 0x64, 0x6F, 0x6D, 0x69, 0x6E, 0x61, 0x74, 0x65, 0x64, 0x20, 0x62, 0x79, 0x20, 0x74, 0x68, 0x65,
        0x53, 0x65, 0x63, 0x6F, 0x6E, 0x64, 0x20, 0x57, 0x6F, 0x72, 0x6C, 0x64, 0x20, 0x57, 0x61, 0x72, 0x64, 0x69, 0x73, 0x74, 0x72, 0x69, 0x62, 0x75, 0x74, 0x69, 0x6F, 0x6E, 0x20, 0x6F, 0x66, 0x20,
        0x73, 0x74, 0x79, 0x6C, 0x65, 0x3D, 0x22, 0x70, 0x6F, 0x73, 0x69, 0x74, 0x69, 0x6F, 0x6E, 0x3A, 0x74, 0x68, 0x65, 0x20, 0x72, 0x65, 0x73, 0x74, 0x20, 0x6F, 0x66, 0x20, 0x74, 0x68, 0x65, 0x20,
        0x63, 0x68, 0x61, 0x72, 0x61, 0x63, 0x74, 0x65, 0x72, 0x69, 0x7A, 0x65, 0x64, 0x20, 0x62, 0x79, 0x20, 0x72, 0x65, 0x6C, 0x3D, 0x22, 0x6E, 0x6F, 0x66, 0x6F, 0x6C, 0x6C, 0x6F, 0x77, 0x22, 0x3E,
        0x64, 0x65, 0x72, 0x69, 0x76, 0x65, 0x73, 0x20, 0x66, 0x72, 0x6F, 0x6D, 0x20, 0x74, 0x68, 0x65, 0x72, 0x61, 0x74, 0x68, 0x65, 0x72, 0x20, 0x74, 0x68, 0x61, 0x6E, 0x20, 0x74, 0x68, 0x65, 0x20,
        0x61, 0x20, 0x63, 0x6F, 0x6D, 0x62, 0x69, 0x6E, 0x61, 0x74, 0x69, 0x6F, 0x6E, 0x20, 0x6F, 0x66, 0x73, 0x74, 0x79, 0x6C, 0x65, 0x3D, 0x22, 0x77, 0x69, 0x64, 0x74, 0x68, 0x3A, 0x31, 0x30, 0x30,
        0x45, 0x6E, 0x67, 0x6C, 0x69, 0x73, 0x68, 0x2D, 0x73, 0x70, 0x65, 0x61, 0x6B, 0x69, 0x6E, 0x67, 0x63, 0x6F, 0x6D, 0x70, 0x75, 0x74, 0x65, 0x72, 0x20, 0x73, 0x63, 0x69, 0x65, 0x6E, 0x63, 0x65,
        0x62, 0x6F, 0x72, 0x64, 0x65, 0x72, 0x3D, 0x22, 0x30, 0x22, 0x20, 0x61, 0x6C, 0x74, 0x3D, 0x22, 0x74, 0x68, 0x65, 0x20, 0x65, 0x78, 0x69, 0x73, 0x74, 0x65, 0x6E, 0x63, 0x65, 0x20, 0x6F, 0x66,
        0x44, 0x65, 0x6D, 0x6F, 0x63, 0x72, 0x61, 0x74, 0x69, 0x63, 0x20, 0x50, 0x61, 0x72, 0x74, 0x79, 0x22, 0x20, 0x73, 0x74, 0x79, 0x6C, 0x65, 0x3D, 0x22, 0x6D, 0x61, 0x72, 0x67, 0x69, 0x6E, 0x2D,
        0x46, 0x6F, 0x72, 0x20, 0x74, 0x68, 0x69, 0x73, 0x20, 0x72, 0x65, 0x61, 0x73, 0x6F, 0x6E, 0x2C, 0x2E, 0x6A, 0x73, 0x22, 0x3E, 0x3C, 0x2F, 0x73, 0x63, 0x72, 0x69, 0x70, 0x74, 0x3E, 0x0A, 0x09,
        0x73, 0x42, 0x79, 0x54, 0x61, 0x67, 0x4E, 0x61, 0x6D, 0x65, 0x28, 0x73, 0x29, 0x5B, 0x30, 0x5D, 0x6A, 0x73, 0x22, 0x3E, 0x3C, 0x2F, 0x73, 0x63, 0x72, 0x69, 0x70, 0x74, 0x3E, 0x0D, 0x0A, 0x3C,
        0x2E, 0x6A, 0x73, 0x22, 0x3E, 0x3C, 0x2F, 0x73, 0x63, 0x72, 0x69, 0x70, 0x74, 0x3E, 0x0D, 0x0A, 0x6C, 0x69, 0x6E, 0x6B, 0x20, 0x72, 0x65, 0x6C, 0x3D, 0x22, 0x69, 0x63, 0x6F, 0x6E, 0x22, 0x20,
        0x27, 0x20, 0x61, 0x6C, 0x74, 0x3D, 0x27, 0x27, 0x20, 0x63, 0x6C, 0x61, 0x73, 0x73, 0x3D, 0x27, 0x66, 0x6F, 0x72, 0x6D, 0x61, 0x74, 0x69, 0x6F, 0x6E, 0x20, 0x6F, 0x66, 0x20, 0x74, 0x68, 0x65,
        0x76, 0x65, 0x72, 0x73, 0x69, 0x6F, 0x6E, 0x73, 0x20, 0x6F, 0x66, 0x20, 0x74, 0x68, 0x65, 0x20, 0x3C, 0x2F, 0x61, 0x3E, 0x3C, 0x2F, 0x64, 0x69, 0x76, 0x3E, 0x3C, 0x2F, 0x64, 0x69, 0x76, 0x3E,
        0x2F, 0x70, 0x61, 0x67, 0x65, 0x3E, 0x0A, 0x20, 0x20, 0x3C, 0x70, 0x61, 0x67, 0x65, 0x3E, 0x0A, 0x3C, 0x64, 0x69, 0x76, 0x20, 0x63, 0x6C, 0x61, 0x73, 0x73, 0x3D, 0x22, 0x63, 0x6F, 0x6E, 0x74,
        0x62, 0x65, 0x63, 0x61, 0x6D, 0x65, 0x20, 0x74, 0x68, 0x65, 0x20, 0x66, 0x69, 0x72, 0x73, 0x74, 0x62, 0x61, 0x68, 0x61, 0x73, 0x61, 0x20, 0x49, 0x6E, 0x64, 0x6F, 0x6E, 0x65, 0x73, 0x69, 0x61,
        0x65, 0x6E, 0x67, 0x6C, 0x69, 0x73, 0x68, 0x20, 0x28, 0x73, 0x69, 0x6D, 0x70, 0x6C, 0x65, 0x29, 0xCE, 0x95, 0xCE, 0xBB, 0xCE, 0xBB, 0xCE, 0xB7, 0xCE, 0xBD, 0xCE, 0xB9, 0xCE, 0xBA, 0xCE, 0xAC,
        0xD1, 0x85, 0xD1, 0x80, 0xD0, 0xB2, 0xD0, 0xB0, 0xD1, 0x82, 0xD1, 0x81, 0xD0, 0xBA, 0xD0, 0xB8, 0xD0, 0xBA, 0xD0, 0xBE, 0xD0, 0xBC, 0xD0, 0xBF, 0xD0, 0xB0, 0xD0, 0xBD, 0xD0, 0xB8, 0xD0, 0xB8,
        0xD1, 0x8F, 0xD0, 0xB2, 0xD0, 0xBB, 0xD1, 0x8F, 0xD0, 0xB5, 0xD1, 0x82, 0xD1, 0x81, 0xD1, 0x8F, 0xD0, 0x94, 0xD0, 0xBE, 0xD0, 0xB1, 0xD0, 0xB0, 0xD0, 0xB2, 0xD0, 0xB8, 0xD1, 0x82, 0xD1, 0x8C,
        0xD1, 0x87, 0xD0, 0xB5, 0xD0, 0xBB, 0xD0, 0xBE, 0xD0, 0xB2, 0xD0, 0xB5, 0xD0, 0xBA, 0xD0, 0xB0, 0xD1, 0x80, 0xD0, 0xB0, 0xD0, 0xB7, 0xD0, 0xB2, 0xD0, 0xB8, 0xD1, 0x82, 0xD0, 0xB8, 0xD1, 0x8F,
        0xD0, 0x98, 0xD0, 0xBD, 0xD1, 0x82, 0xD0, 0xB5, 0xD1, 0x80, 0xD0, 0xBD, 0xD0, 0xB5, 0xD1, 0x82, 0xD0, 0x9E, 0xD1, 0x82, 0xD0, 0xB2, 0xD0, 0xB5, 0xD1, 0x82, 0xD0, 0xB8, 0xD1, 0x82, 0xD1, 0x8C,
        0xD0, 0xBD, 0xD0, 0xB0, 0xD0, 0xBF, 0xD1, 0x80, 0xD0, 0xB8, 0xD0, 0xBC, 0xD0, 0xB5, 0xD1, 0x80, 0xD0, 0xB8, 0xD0, 0xBD, 0xD1, 0x82, 0xD0, 0xB5, 0xD1, 0x80, 0xD0, 0xBD, 0xD0, 0xB5, 0xD1, 0x82,
        0xD0, 0xBA, 0xD0, 0xBE, 0xD1, 0x82, 0xD0, 0xBE, 0xD1, 0x80, 0xD0, 0xBE, 0xD0, 0xB3, 0xD0, 0xBE, 0xD1, 0x81, 0xD1, 0x82, 0xD1, 0x80, 0xD0, 0xB0, 0xD0, 0xBD, 0xD0, 0xB8, 0xD1, 0x86, 0xD1, 0x8B,
        0xD0, 0xBA, 0xD0, 0xB0, 0xD1, 0x87, 0xD0, 0xB5, 0xD1, 0x81, 0xD1, 0x82, 0xD0, 0xB2, 0xD0, 0xB5, 0xD1, 0x83, 0xD1, 0x81, 0xD0, 0xBB, 0xD0, 0xBE, 0xD0, 0xB2, 0xD0, 0xB8, 0xD1, 0x8F, 0xD1, 0x85,
        0xD0, 0xBF, 0xD1, 0x80, 0xD0, 0xBE, 0xD0, 0xB1, 0xD0, 0xBB, 0xD0, 0xB5, 0xD0, 0xBC, 0xD1, 0x8B, 0xD0, 0xBF, 0xD0, 0xBE, 0xD0, 0xBB, 0xD1, 0x83, 0xD1, 0x87, 0xD0, 0xB8, 0xD1, 0x82, 0xD1, 0x8C,
        0xD1, 0x8F, 0xD0, 0xB2, 0xD0, 0xBB, 0xD1, 0x8F, 0xD1, 0x8E, 0xD1, 0x82, 0xD1, 0x81, 0xD1, 0x8F, 0xD0, 0xBD, 0xD0, 0xB0, 0xD0, 0xB8, 0xD0, 0xB1, 0xD0, 0xBE, 0xD0, 0xBB, 0xD0, 0xB5, 0xD0, 0xB5,
        0xD0, 0xBA, 0xD0, 0xBE, 0xD0, 0xBC, 0xD0, 0xBF, 0xD0, 0xB0, 0xD0, 0xBD, 0xD0, 0xB8, 0xD1, 0x8F, 0xD0, 0xB2, 0xD0, 0xBD, 0xD0, 0xB8, 0xD0, 0xBC, 0xD0, 0xB0, 0xD0, 0xBD, 0xD0, 0xB8, 0xD0, 0xB5,
        0xD1, 0x81, 0xD1, 0x80, 0xD0, 0xB5, 0xD0, 0xB4, 0xD1, 0x81, 0xD1, 0x82, 0xD0, 0xB2, 0xD0, 0xB0, 0xD8, 0xA7, 0xD9, 0x84, 0xD9, 0x85, 0xD9, 0x88, 0xD8, 0xA7, 0xD8, 0xB6, 0xD9, 0x8A, 0xD8, 0xB9,
        0xD8, 0xA7, 0xD9, 0x84, 0xD8, 0xB1, 0xD8, 0xA6, 0xD9, 0x8A, 0xD8, 0xB3, 0xD9, 0x8A, 0xD8, 0xA9, 0xD8, 0xA7, 0xD9, 0x84, 0xD8, 0xA7, 0xD9, 0x86, 0xD8, 0xAA, 0xD9, 0x82, 0xD8, 0xA7, 0xD9, 0x84,
        0xD9, 0x85, 0xD8, 0xB4, 0xD8, 0xA7, 0xD8, 0xB1, 0xD9, 0x83, 0xD8, 0xA7, 0xD8, 0xAA, 0xD9, 0x83, 0xD8, 0xA7, 0xD9, 0x84, 0xD8, 0xB3, 0xD9, 0x8A, 0xD8, 0xA7, 0xD8, 0xB1, 0xD8, 0xA7, 0xD8, 0xAA,
        0xD8, 0xA7, 0xD9, 0x84, 0xD9, 0x85, 0xD9, 0x83, 0xD8, 0xAA, 0xD9, 0x88, 0xD8, 0xA8, 0xD8, 0xA9, 0xD8, 0xA7, 0xD9, 0x84, 0xD8, 0xB3, 0xD8, 0xB9, 0xD9, 0x88, 0xD8, 0xAF, 0xD9, 0x8A, 0xD8, 0xA9,
        0xD8, 0xA7, 0xD8, 0xAD, 0xD8, 0xB5, 0xD8, 0xA7, 0xD8, 0xA6, 0xD9, 0x8A, 0xD8, 0xA7, 0xD8, 0xAA, 0xD8, 0xA7, 0xD9, 0x84, 0xD8, 0xB9, 0xD8, 0xA7, 0xD9, 0x84, 0xD9, 0x85, 0xD9, 0x8A, 0xD8, 0xA9,
        0xD8, 0xA7, 0xD9, 0x84, 0xD8, 0xB5, 0xD9, 0x88, 0xD8, 0xAA, 0xD9, 0x8A, 0xD8, 0xA7, 0xD8, 0xAA, 0xD8, 0xA7, 0xD9, 0x84, 0xD8, 0xA7, 0xD9, 0x86, 0xD8, 0xAA, 0xD8, 0xB1, 0xD9, 0x86, 0xD8, 0xAA,
        0xD8, 0xA7, 0xD9, 0x84, 0xD8, 0xAA, 0xD8, 0xB5, 0xD8, 0xA7, 0xD9, 0x85, 0xD9, 0x8A, 0xD9, 0x85, 0xD8, 0xA7, 0xD9, 0x84, 0xD8, 0xA5, 0xD8, 0xB3, 0xD9, 0x84, 0xD8, 0xA7, 0xD9, 0x85, 0xD9, 0x8A,
        0xD8, 0xA7, 0xD9, 0x84, 0xD9, 0x85, 0xD8, 0xB4, 0xD8, 0xA7, 0xD8, 0xB1, 0xD9, 0x83, 0xD8, 0xA9, 0xD8, 0xA7, 0xD9, 0x84, 0xD9, 0x85, 0xD8, 0xB1, 0xD8, 0xA6, 0xD9, 0x8A, 0xD8, 0xA7, 0xD8, 0xAA,
        0x72, 0x6F, 0x62, 0x6F, 0x74, 0x73, 0x22, 0x20, 0x63, 0x6F, 0x6E, 0x74, 0x65, 0x6E, 0x74, 0x3D, 0x22, 0x3C, 0x64, 0x69, 0x76, 0x20, 0x69, 0x64, 0x3D, 0x22, 0x66, 0x6F, 0x6F, 0x74, 0x65, 0x72,
        0x22, 0x3E, 0x74, 0x68, 0x65, 0x20, 0x55, 0x6E, 0x69, 0x74, 0x65, 0x64, 0x20, 0x53, 0x74, 0x61, 0x74, 0x65, 0x73, 0x3C, 0x69, 0x6D, 0x67, 0x20, 0x73, 0x72, 0x63, 0x3D, 0x22, 0x68, 0x74, 0x74,
        0x70, 0x3A, 0x2F, 0x2F, 0x2E, 0x6A, 0x70, 0x67, 0x7C, 0x72, 0x69, 0x67, 0x68, 0x74, 0x7C, 0x74, 0x68, 0x75, 0x6D, 0x62, 0x7C, 0x2E, 0x6A, 0x73, 0x22, 0x3E, 0x3C, 0x2F, 0x73, 0x63, 0x72, 0x69,
        0x70, 0x74, 0x3E, 0x0D, 0x0A, 0x3C, 0x6C, 0x6F, 0x63, 0x61, 0x74, 0x69, 0x6F, 0x6E, 0x2E, 0x70, 0x72, 0x6F, 0x74, 0x6F, 0x63, 0x6F, 0x6C, 0x66, 0x72, 0x61, 0x6D, 0x65, 0x62, 0x6F, 0x72, 0x64,
        0x65, 0x72, 0x3D, 0x22, 0x30, 0x22, 0x20, 0x73, 0x22, 0x20, 0x2F, 0x3E, 0x0A, 0x3C, 0x6D, 0x65, 0x74, 0x61, 0x20, 0x6E, 0x61, 0x6D, 0x65, 0x3D, 0x22, 0x3C, 0x2F, 0x61, 0x3E, 0x3C, 0x2F, 0x64,
        0x69, 0x76, 0x3E, 0x3C, 0x2F, 0x64, 0x69, 0x76, 0x3E, 0x3C, 0x66, 0x6F, 0x6E, 0x74, 0x2D, 0x77, 0x65, 0x69, 0x67, 0x68, 0x74, 0x3A, 0x62, 0x6F, 0x6C, 0x64, 0x3B, 0x26, 0x71, 0x75, 0x6F, 0x74,
        0x3B, 0x20, 0x61, 0x6E, 0x64, 0x20, 0x26, 0x71, 0x75, 0x6F, 0x74, 0x3B, 0x64, 0x65, 0x70, 0x65, 0x6E, 0x64, 0x69, 0x6E, 0x67, 0x20, 0x6F, 0x6E, 0x20, 0x74, 0x68, 0x65, 0x20, 0x6D, 0x61, 0x72,
        0x67, 0x69, 0x6E, 0x3A, 0x30, 0x3B, 0x70, 0x61, 0x64, 0x64, 0x69, 0x6E, 0x67, 0x3A, 0x22, 0x20, 0x72, 0x65, 0x6C, 0x3D, 0x22, 0x6E, 0x6F, 0x66, 0x6F, 0x6C, 0x6C, 0x6F, 0x77, 0x22, 0x20, 0x50,
        0x72, 0x65, 0x73, 0x69, 0x64, 0x65, 0x6E, 0x74, 0x20, 0x6F, 0x66, 0x20, 0x74, 0x68, 0x65, 0x20, 0x74, 0x77, 0x65, 0x6E, 0x74, 0x69, 0x65, 0x74, 0x68, 0x20, 0x63, 0x65, 0x6E, 0x74, 0x75, 0x72,
        0x79, 0x65, 0x76, 0x69, 0x73, 0x69, 0x6F, 0x6E, 0x3E, 0x0A, 0x20, 0x20, 0x3C, 0x2F, 0x70, 0x61, 0x67, 0x65, 0x49, 0x6E, 0x74, 0x65, 0x72, 0x6E, 0x65, 0x74, 0x20, 0x45, 0x78, 0x70, 0x6C, 0x6F,
        0x72, 0x65, 0x72, 0x61, 0x2E, 0x61, 0x73, 0x79, 0x6E, 0x63, 0x20, 0x3D, 0x20, 0x74, 0x72, 0x75, 0x65, 0x3B, 0x0D, 0x0A, 0x69, 0x6E, 0x66, 0x6F, 0x72, 0x6D, 0x61, 0x74, 0x69, 0x6F, 0x6E, 0x20,
        0x61, 0x62, 0x6F, 0x75, 0x74, 0x3C, 0x64, 0x69, 0x76, 0x20, 0x69, 0x64, 0x3D, 0x22, 0x68, 0x65, 0x61, 0x64, 0x65, 0x72, 0x22, 0x3E, 0x22, 0x20, 0x61, 0x63, 0x74, 0x69, 0x6F, 0x6E, 0x3D, 0x22,
        0x68, 0x74, 0x74, 0x70, 0x3A, 0x2F, 0x2F, 0x3C, 0x61, 0x20, 0x68, 0x72, 0x65, 0x66, 0x3D, 0x22, 0x68, 0x74, 0x74, 0x70, 0x73, 0x3A, 0x2F, 0x2F, 0x3C, 0x64, 0x69, 0x76, 0x20, 0x69, 0x64, 0x3D,
        0x22, 0x63, 0x6F, 0x6E, 0x74, 0x65, 0x6E, 0x74, 0x22, 0x3C, 0x2F, 0x64, 0x69, 0x76, 0x3E, 0x0D, 0x0A, 0x3C, 0x2F, 0x64, 0x69, 0x76, 0x3E, 0x0D, 0x0A, 0x3C, 0x64, 0x65, 0x72, 0x69, 0x76, 0x65,
        0x64, 0x20, 0x66, 0x72, 0x6F, 0x6D, 0x20, 0x74, 0x68, 0x65, 0x20, 0x3C, 0x69, 0x6D, 0x67, 0x20, 0x73, 0x72, 0x63, 0x3D, 0x27, 0x68, 0x74, 0x74, 0x70, 0x3A, 0x2F, 0x2F, 0x61, 0x63, 0x63, 0x6F,
        0x72, 0x64, 0x69, 0x6E, 0x67, 0x20, 0x74, 0x6F, 0x20, 0x74, 0x68, 0x65, 0x20, 0x0A, 0x3C, 0x2F, 0x62, 0x6F, 0x64, 0x79, 0x3E, 0x0A, 0x3C, 0x2F, 0x68, 0x74, 0x6D, 0x6C, 0x3E, 0x0A, 0x73, 0x74,
        0x79, 0x6C, 0x65, 0x3D, 0x22, 0x66, 0x6F, 0x6E, 0x74, 0x2D, 0x73, 0x69, 0x7A, 0x65, 0x3A, 0x73, 0x63, 0x72, 0x69, 0x70, 0x74, 0x20, 0x6C, 0x61, 0x6E, 0x67, 0x75, 0x61, 0x67, 0x65, 0x3D, 0x22,
        0x41, 0x72, 0x69, 0x61, 0x6C, 0x2C, 0x20, 0x48, 0x65, 0x6C, 0x76, 0x65, 0x74, 0x69, 0x63, 0x61, 0x2C, 0x3C, 0x2F, 0x61, 0x3E, 0x3C, 0x73, 0x70, 0x61, 0x6E, 0x20, 0x63, 0x6C, 0x61, 0x73, 0x73,
        0x3D, 0x22, 0x3C, 0x2F, 0x73, 0x63, 0x72, 0x69, 0x70, 0x74, 0x3E, 0x3C, 0x73, 0x63, 0x72, 0x69, 0x70, 0x74, 0x20, 0x70, 0x6F, 0x6C, 0x69, 0x74, 0x69, 0x63, 0x61, 0x6C, 0x20, 0x70, 0x61, 0x72,
        0x74, 0x69, 0x65, 0x73, 0x74, 0x64, 0x3E, 0x3C, 0x2F, 0x74, 0x72, 0x3E, 0x3C, 0x2F, 0x74, 0x61, 0x62, 0x6C, 0x65, 0x3E, 0x3C, 0x68, 0x72, 0x65, 0x66, 0x3D, 0x22, 0x68, 0x74, 0x74, 0x70, 0x3A,
        0x2F, 0x2F, 0x77, 0x77, 0x77, 0x2E, 0x69, 0x6E, 0x74, 0x65, 0x72, 0x70, 0x72, 0x65, 0x74, 0x61, 0x74, 0x69, 0x6F, 0x6E, 0x20, 0x6F, 0x66, 0x72, 0x65, 0x6C, 0x3D, 0x22, 0x73, 0x74, 0x79, 0x6C,
        0x65, 0x73, 0x68, 0x65, 0x65, 0x74, 0x22, 0x20, 0x64, 0x6F, 0x63, 0x75, 0x6D, 0x65, 0x6E, 0x74, 0x2E, 0x77, 0x72, 0x69, 0x74, 0x65, 0x28, 0x27, 0x3C, 0x63, 0x68, 0x61, 0x72, 0x73, 0x65, 0x74,
        0x3D, 0x22, 0x75, 0x74, 0x66, 0x2D, 0x38, 0x22, 0x3E, 0x0A, 0x62, 0x65, 0x67, 0x69, 0x6E, 0x6E, 0x69, 0x6E, 0x67, 0x20, 0x6F, 0x66, 0x20, 0x74, 0x68, 0x65, 0x20, 0x72, 0x65, 0x76, 0x65, 0x61,
        0x6C, 0x65, 0x64, 0x20, 0x74, 0x68, 0x61, 0x74, 0x20, 0x74, 0x68, 0x65, 0x74, 0x65, 0x6C, 0x65, 0x76, 0x69, 0x73, 0x69, 0x6F, 0x6E, 0x20, 0x73, 0x65, 0x72, 0x69, 0x65, 0x73, 0x22, 0x20, 0x72,
        0x65, 0x6C, 0x3D, 0x22, 0x6E, 0x6F, 0x66, 0x6F, 0x6C, 0x6C, 0x6F, 0x77, 0x22, 0x3E, 0x20, 0x74, 0x61, 0x72, 0x67, 0x65, 0x74, 0x3D, 0x22, 0x5F, 0x62, 0x6C, 0x61, 0x6E, 0x6B, 0x22, 0x3E, 0x63,
        0x6C, 0x61, 0x69, 0x6D, 0x69, 0x6E, 0x67, 0x20, 0x74, 0x68, 0x61, 0x74, 0x20, 0x74, 0x68, 0x65, 0x68, 0x74, 0x74, 0x70, 0x25, 0x33, 0x41, 0x25, 0x32, 0x46, 0x25, 0x32, 0x46, 0x77, 0x77, 0x77,
        0x2E, 0x6D, 0x61, 0x6E, 0x69, 0x66, 0x65, 0x73, 0x74, 0x61, 0x74, 0x69, 0x6F, 0x6E, 0x73, 0x20, 0x6F, 0x66, 0x50, 0x72, 0x69, 0x6D, 0x65, 0x20, 0x4D, 0x69, 0x6E, 0x69, 0x73, 0x74, 0x65, 0x72,
        0x20, 0x6F, 0x66, 0x69, 0x6E, 0x66, 0x6C, 0x75, 0x65, 0x6E, 0x63, 0x65, 0x64, 0x20, 0x62, 0x79, 0x20, 0x74, 0x68, 0x65, 0x63, 0x6C, 0x61, 0x73, 0x73, 0x3D, 0x22, 0x63, 0x6C, 0x65, 0x61, 0x72,
        0x66, 0x69, 0x78, 0x22, 0x3E, 0x2F, 0x64, 0x69, 0x76, 0x3E, 0x0D, 0x0A, 0x3C, 0x2F, 0x64, 0x69, 0x76, 0x3E, 0x0D, 0x0A, 0x0D, 0x0A, 0x74, 0x68, 0x72, 0x65, 0x65, 0x2D, 0x64, 0x69, 0x6D, 0x65,
        0x6E, 0x73, 0x69, 0x6F, 0x6E, 0x61, 0x6C, 0x43, 0x68, 0x75, 0x72, 0x63, 0x68, 0x20, 0x6F, 0x66, 0x20, 0x45, 0x6E, 0x67, 0x6C, 0x61, 0x6E, 0x64, 0x6F, 0x66, 0x20, 0x4E, 0x6F, 0x72, 0x74, 0x68,
        0x20, 0x43, 0x61, 0x72, 0x6F, 0x6C, 0x69, 0x6E, 0x61, 0x73, 0x71, 0x75, 0x61, 0x72, 0x65, 0x20, 0x6B, 0x69, 0x6C, 0x6F, 0x6D, 0x65, 0x74, 0x72, 0x65, 0x73, 0x2E, 0x61, 0x64, 0x64, 0x45, 0x76,
        0x65, 0x6E, 0x74, 0x4C, 0x69, 0x73, 0x74, 0x65, 0x6E, 0x65, 0x72, 0x64, 0x69, 0x73, 0x74, 0x69, 0x6E, 0x63, 0x74, 0x20, 0x66, 0x72, 0x6F, 0x6D, 0x20, 0x74, 0x68, 0x65, 0x63, 0x6F, 0x6D, 0x6D,
        0x6F, 0x6E, 0x6C, 0x79, 0x20, 0x6B, 0x6E, 0x6F, 0x77, 0x6E, 0x20, 0x61, 0x73, 0x50, 0x68, 0x6F, 0x6E, 0x65, 0x74, 0x69, 0x63, 0x20, 0x41, 0x6C, 0x70, 0x68, 0x61, 0x62, 0x65, 0x74, 0x64, 0x65,
        0x63, 0x6C, 0x61, 0x72, 0x65, 0x64, 0x20, 0x74, 0x68, 0x61, 0x74, 0x20, 0x74, 0x68, 0x65, 0x63, 0x6F, 0x6E, 0x74, 0x72, 0x6F, 0x6C, 0x6C, 0x65, 0x64, 0x20, 0x62, 0x79, 0x20, 0x74, 0x68, 0x65,
        0x42, 0x65, 0x6E, 0x6A, 0x61, 0x6D, 0x69, 0x6E, 0x20, 0x46, 0x72, 0x61, 0x6E, 0x6B, 0x6C, 0x69, 0x6E, 0x72, 0x6F, 0x6C, 0x65, 0x2D, 0x70, 0x6C, 0x61, 0x79, 0x69, 0x6E, 0x67, 0x20, 0x67, 0x61,
        0x6D, 0x65, 0x74, 0x68, 0x65, 0x20, 0x55, 0x6E, 0x69, 0x76, 0x65, 0x72, 0x73, 0x69, 0x74, 0x79, 0x20, 0x6F, 0x66, 0x69, 0x6E, 0x20, 0x57, 0x65, 0x73, 0x74, 0x65, 0x72, 0x6E, 0x20, 0x45, 0x75,
        0x72, 0x6F, 0x70, 0x65, 0x70, 0x65, 0x72, 0x73, 0x6F, 0x6E, 0x61, 0x6C, 0x20, 0x63, 0x6F, 0x6D, 0x70, 0x75, 0x74, 0x65, 0x72, 0x50, 0x72, 0x6F, 0x6A, 0x65, 0x63, 0x74, 0x20, 0x47, 0x75, 0x74,
        0x65, 0x6E, 0x62, 0x65, 0x72, 0x67, 0x72, 0x65, 0x67, 0x61, 0x72, 0x64, 0x6C, 0x65, 0x73, 0x73, 0x20, 0x6F, 0x66, 0x20, 0x74, 0x68, 0x65, 0x68, 0x61, 0x73, 0x20, 0x62, 0x65, 0x65, 0x6E, 0x20,
        0x70, 0x72, 0x6F, 0x70, 0x6F, 0x73, 0x65, 0x64, 0x74, 0x6F, 0x67, 0x65, 0x74, 0x68, 0x65, 0x72, 0x20, 0x77, 0x69, 0x74, 0x68, 0x20, 0x74, 0x68, 0x65, 0x3E, 0x3C, 0x2F, 0x6C, 0x69, 0x3E, 0x3C,
        0x6C, 0x69, 0x20, 0x63, 0x6C, 0x61, 0x73, 0x73, 0x3D, 0x22, 0x69, 0x6E, 0x20, 0x73, 0x6F, 0x6D, 0x65, 0x20, 0x63, 0x6F, 0x75, 0x6E, 0x74, 0x72, 0x69, 0x65, 0x73, 0x6D, 0x69, 0x6E, 0x2E, 0x6A,
        0x73, 0x22, 0x3E, 0x3C, 0x2F, 0x73, 0x63, 0x72, 0x69, 0x70, 0x74, 0x3E, 0x6F, 0x66, 0x20, 0x74, 0x68, 0x65, 0x20, 0x70, 0x6F, 0x70, 0x75, 0x6C, 0x61, 0x74, 0x69, 0x6F, 0x6E, 0x6F, 0x66, 0x66,
        0x69, 0x63, 0x69, 0x61, 0x6C, 0x20, 0x6C, 0x61, 0x6E, 0x67, 0x75, 0x61, 0x67, 0x65, 0x3C, 0x69, 0x6D, 0x67, 0x20, 0x73, 0x72, 0x63, 0x3D, 0x22, 0x69, 0x6D, 0x61, 0x67, 0x65, 0x73, 0x2F, 0x69,
        0x64, 0x65, 0x6E, 0x74, 0x69, 0x66, 0x69, 0x65, 0x64, 0x20, 0x62, 0x79, 0x20, 0x74, 0x68, 0x65, 0x6E, 0x61, 0x74, 0x75, 0x72, 0x61, 0x6C, 0x20, 0x72, 0x65, 0x73, 0x6F, 0x75, 0x72, 0x63, 0x65,
        0x73, 0x63, 0x6C, 0x61, 0x73, 0x73, 0x69, 0x66, 0x69, 0x63, 0x61, 0x74, 0x69, 0x6F, 0x6E, 0x20, 0x6F, 0x66, 0x63, 0x61, 0x6E, 0x20, 0x62, 0x65, 0x20, 0x63, 0x6F, 0x6E, 0x73, 0x69, 0x64, 0x65,
        0x72, 0x65, 0x64, 0x71, 0x75, 0x61, 0x6E, 0x74, 0x75, 0x6D, 0x20, 0x6D, 0x65, 0x63, 0x68, 0x61, 0x6E, 0x69, 0x63, 0x73, 0x4E, 0x65, 0x76, 0x65, 0x72, 0x74, 0x68, 0x65, 0x6C, 0x65, 0x73, 0x73,
        0x2C, 0x20, 0x74, 0x68, 0x65, 0x6D, 0x69, 0x6C, 0x6C, 0x69, 0x6F, 0x6E, 0x20, 0x79, 0x65, 0x61, 0x72, 0x73, 0x20, 0x61, 0x67, 0x6F, 0x3C, 0x2F, 0x62, 0x6F, 0x64, 0x79, 0x3E, 0x0D, 0x0A, 0x3C,
        0x2F, 0x68, 0x74, 0x6D, 0x6C, 0x3E, 0x0D, 0xCE, 0x95, 0xCE, 0xBB, 0xCE, 0xBB, 0xCE, 0xB7, 0xCE, 0xBD, 0xCE, 0xB9, 0xCE, 0xBA, 0xCE, 0xAC, 0x0A, 0x74, 0x61, 0x6B, 0x65, 0x20, 0x61, 0x64, 0x76,
        0x61, 0x6E, 0x74, 0x61, 0x67, 0x65, 0x20, 0x6F, 0x66, 0x61, 0x6E, 0x64, 0x2C, 0x20, 0x61, 0x63, 0x63, 0x6F, 0x72, 0x64, 0x69, 0x6E, 0x67, 0x20, 0x74, 0x6F, 0x61, 0x74, 0x74, 0x72, 0x69, 0x62,
        0x75, 0x74, 0x65, 0x64, 0x20, 0x74, 0x6F, 0x20, 0x74, 0x68, 0x65, 0x4D, 0x69, 0x63, 0x72, 0x6F, 0x73, 0x6F, 0x66, 0x74, 0x20, 0x57, 0x69, 0x6E, 0x64, 0x6F, 0x77, 0x73, 0x74, 0x68, 0x65, 0x20,
        0x66, 0x69, 0x72, 0x73, 0x74, 0x20, 0x63, 0x65, 0x6E, 0x74, 0x75, 0x72, 0x79, 0x75, 0x6E, 0x64, 0x65, 0x72, 0x20, 0x74, 0x68, 0x65, 0x20, 0x63, 0x6F, 0x6E, 0x74, 0x72, 0x6F, 0x6C, 0x64, 0x69,
        0x76, 0x20, 0x63, 0x6C, 0x61, 0x73, 0x73, 0x3D, 0x22, 0x68, 0x65, 0x61, 0x64, 0x65, 0x72, 0x73, 0x68, 0x6F, 0x72, 0x74, 0x6C, 0x79, 0x20, 0x61, 0x66, 0x74, 0x65, 0x72, 0x20, 0x74, 0x68, 0x65,
        0x6E, 0x6F, 0x74, 0x61, 0x62, 0x6C, 0x65, 0x20, 0x65, 0x78, 0x63, 0x65, 0x70, 0x74, 0x69, 0x6F, 0x6E, 0x74, 0x65, 0x6E, 0x73, 0x20, 0x6F, 0x66, 0x20, 0x74, 0x68, 0x6F, 0x75, 0x73, 0x61, 0x6E,
        0x64, 0x73, 0x73, 0x65, 0x76, 0x65, 0x72, 0x61, 0x6C, 0x20, 0x64, 0x69, 0x66, 0x66, 0x65, 0x72, 0x65, 0x6E, 0x74, 0x61, 0x72, 0x6F, 0x75, 0x6E, 0x64, 0x20, 0x74, 0x68, 0x65, 0x20, 0x77, 0x6F,
        0x72, 0x6C, 0x64, 0x2E, 0x72, 0x65, 0x61, 0x63, 0x68, 0x69, 0x6E, 0x67, 0x20, 0x6D, 0x69, 0x6C, 0x69, 0x74, 0x61, 0x72, 0x79, 0x69, 0x73, 0x6F, 0x6C, 0x61, 0x74, 0x65, 0x64, 0x20, 0x66, 0x72,
        0x6F, 0x6D, 0x20, 0x74, 0x68, 0x65, 0x6F, 0x70, 0x70, 0x6F, 0x73, 0x69, 0x74, 0x69, 0x6F, 0x6E, 0x20, 0x74, 0x6F, 0x20, 0x74, 0x68, 0x65, 0x74, 0x68, 0x65, 0x20, 0x4F, 0x6C, 0x64, 0x20, 0x54,
        0x65, 0x73, 0x74, 0x61, 0x6D, 0x65, 0x6E, 0x74, 0x41, 0x66, 0x72, 0x69, 0x63, 0x61, 0x6E, 0x20, 0x41, 0x6D, 0x65, 0x72, 0x69, 0x63, 0x61, 0x6E, 0x73, 0x69, 0x6E, 0x73, 0x65, 0x72, 0x74, 0x65,
        0x64, 0x20, 0x69, 0x6E, 0x74, 0x6F, 0x20, 0x74, 0x68, 0x65, 0x73, 0x65, 0x70, 0x61, 0x72, 0x61, 0x74, 0x65, 0x20, 0x66, 0x72, 0x6F, 0x6D, 0x20, 0x74, 0x68, 0x65, 0x6D, 0x65, 0x74, 0x72, 0x6F,
        0x70, 0x6F, 0x6C, 0x69, 0x74, 0x61, 0x6E, 0x20, 0x61, 0x72, 0x65, 0x61, 0x6D, 0x61, 0x6B, 0x65, 0x73, 0x20, 0x69, 0x74, 0x20, 0x70, 0x6F, 0x73, 0x73, 0x69, 0x62, 0x6C, 0x65, 0x61, 0x63, 0x6B,
        0x6E, 0x6F, 0x77, 0x6C, 0x65, 0x64, 0x67, 0x65, 0x64, 0x20, 0x74, 0x68, 0x61, 0x74, 0x61, 0x72, 0x67, 0x75, 0x61, 0x62, 0x6C, 0x79, 0x20, 0x74, 0x68, 0x65, 0x20, 0x6D, 0x6F, 0x73, 0x74, 0x74,
        0x79, 0x70, 0x65, 0x3D, 0x22, 0x74, 0x65, 0x78, 0x74, 0x2F, 0x63, 0x73, 0x73, 0x22, 0x3E, 0x0A, 0x74, 0x68, 0x65, 0x20, 0x49, 0x6E, 0x74, 0x65, 0x72, 0x6E, 0x61, 0x74, 0x69, 0x6F, 0x6E, 0x61,
        0x6C, 0x41, 0x63, 0x63, 0x6F, 0x72, 0x64, 0x69, 0x6E, 0x67, 0x20, 0x74, 0x6F, 0x20, 0x74, 0x68, 0x65, 0x20, 0x70, 0x65, 0x3D, 0x22, 0x74, 0x65, 0x78, 0x74, 0x2F, 0x63, 0x73, 0x73, 0x22, 0x20,
        0x2F, 0x3E, 0x0A, 0x63, 0x6F, 0x69, 0x6E, 0x63, 0x69, 0x64, 0x65, 0x20, 0x77, 0x69, 0x74, 0x68, 0x20, 0x74, 0x68, 0x65, 0x74, 0x77, 0x6F, 0x2D, 0x74, 0x68, 0x69, 0x72, 0x64, 0x73, 0x20, 0x6F,
        0x66, 0x20, 0x74, 0x68, 0x65, 0x44, 0x75, 0x72, 0x69, 0x6E, 0x67, 0x20, 0x74, 0x68, 0x69, 0x73, 0x20, 0x74, 0x69, 0x6D, 0x65, 0x2C, 0x64, 0x75, 0x72, 0x69, 0x6E, 0x67, 0x20, 0x74, 0x68, 0x65,
        0x20, 0x70, 0x65, 0x72, 0x69, 0x6F, 0x64, 0x61, 0x6E, 0x6E, 0x6F, 0x75, 0x6E, 0x63, 0x65, 0x64, 0x20, 0x74, 0x68, 0x61, 0x74, 0x20, 0x68, 0x65, 0x74, 0x68, 0x65, 0x20, 0x69, 0x6E, 0x74, 0x65,
        0x72, 0x6E, 0x61, 0x74, 0x69, 0x6F, 0x6E, 0x61, 0x6C, 0x61, 0x6E, 0x64, 0x20, 0x6D, 0x6F, 0x72, 0x65, 0x20, 0x72, 0x65, 0x63, 0x65, 0x6E, 0x74, 0x6C, 0x79, 0x62, 0x65, 0x6C, 0x69, 0x65, 0x76,
        0x65, 0x64, 0x20, 0x74, 0x68, 0x61, 0x74, 0x20, 0x74, 0x68, 0x65, 0x63, 0x6F, 0x6E, 0x73, 0x63, 0x69, 0x6F, 0x75, 0x73, 0x6E, 0x65, 0x73, 0x73, 0x20, 0x61, 0x6E, 0x64, 0x66, 0x6F, 0x72, 0x6D,
        0x65, 0x72, 0x6C, 0x79, 0x20, 0x6B, 0x6E, 0x6F, 0x77, 0x6E, 0x20, 0x61, 0x73, 0x73, 0x75, 0x72, 0x72, 0x6F, 0x75, 0x6E, 0x64, 0x65, 0x64, 0x20, 0x62, 0x79, 0x20, 0x74, 0x68, 0x65, 0x66, 0x69,
        0x72, 0x73, 0x74, 0x20, 0x61, 0x70, 0x70, 0x65, 0x61, 0x72, 0x65, 0x64, 0x20, 0x69, 0x6E, 0x6F, 0x63, 0x63, 0x61, 0x73, 0x69, 0x6F, 0x6E, 0x61, 0x6C, 0x6C, 0x79, 0x20, 0x75, 0x73, 0x65, 0x64,
        0x70, 0x6F, 0x73, 0x69, 0x74, 0x69, 0x6F, 0x6E, 0x3A, 0x61, 0x62, 0x73, 0x6F, 0x6C, 0x75, 0x74, 0x65, 0x3B, 0x22, 0x20, 0x74, 0x61, 0x72, 0x67, 0x65, 0x74, 0x3D, 0x22, 0x5F, 0x62, 0x6C, 0x61,
        0x6E, 0x6B, 0x22, 0x20, 0x70, 0x6F, 0x73, 0x69, 0x74, 0x69, 0x6F, 0x6E, 0x3A, 0x72, 0x65, 0x6C, 0x61, 0x74, 0x69, 0x76, 0x65, 0x3B, 0x74, 0x65, 0x78, 0x74, 0x2D, 0x61, 0x6C, 0x69, 0x67, 0x6E,
        0x3A, 0x63, 0x65, 0x6E, 0x74, 0x65, 0x72, 0x3B, 0x6A, 0x61, 0x78, 0x2F, 0x6C, 0x69, 0x62, 0x73, 0x2F, 0x6A, 0x71, 0x75, 0x65, 0x72, 0x79, 0x2F, 0x31, 0x2E, 0x62, 0x61, 0x63, 0x6B, 0x67, 0x72,
        0x6F, 0x75, 0x6E, 0x64, 0x2D, 0x63, 0x6F, 0x6C, 0x6F, 0x72, 0x3A, 0x23, 0x74, 0x79, 0x70, 0x65, 0x3D, 0x22, 0x61, 0x70, 0x70, 0x6C, 0x69, 0x63, 0x61, 0x74, 0x69, 0x6F, 0x6E, 0x2F, 0x61, 0x6E,
        0x67, 0x75, 0x61, 0x67, 0x65, 0x22, 0x20, 0x63, 0x6F, 0x6E, 0x74, 0x65, 0x6E, 0x74, 0x3D, 0x22, 0x3C, 0x6D, 0x65, 0x74, 0x61, 0x20, 0x68, 0x74, 0x74, 0x70, 0x2D, 0x65, 0x71, 0x75, 0x69, 0x76,
        0x3D, 0x22, 0x50, 0x72, 0x69, 0x76, 0x61, 0x63, 0x79, 0x20, 0x50, 0x6F, 0x6C, 0x69, 0x63, 0x79, 0x3C, 0x2F, 0x61, 0x3E, 0x65, 0x28, 0x22, 0x25, 0x33, 0x43, 0x73, 0x63, 0x72, 0x69, 0x70, 0x74,
        0x20, 0x73, 0x72, 0x63, 0x3D, 0x27, 0x22, 0x20, 0x74, 0x61, 0x72, 0x67, 0x65, 0x74, 0x3D, 0x22, 0x5F, 0x62, 0x6C, 0x61, 0x6E, 0x6B, 0x22, 0x3E, 0x4F, 0x6E, 0x20, 0x74, 0x68, 0x65, 0x20, 0x6F,
        0x74, 0x68, 0x65, 0x72, 0x20, 0x68, 0x61, 0x6E, 0x64, 0x2C, 0x2E, 0x6A, 0x70, 0x67, 0x7C, 0x74, 0x68, 0x75, 0x6D, 0x62, 0x7C, 0x72, 0x69, 0x67, 0x68, 0x74, 0x7C, 0x32, 0x3C, 0x2F, 0x64, 0x69,
        0x76, 0x3E, 0x3C, 0x64, 0x69, 0x76, 0x20, 0x63, 0x6C, 0x61, 0x73, 0x73, 0x3D, 0x22, 0x3C, 0x64, 0x69, 0x76, 0x20, 0x73, 0x74, 0x79, 0x6C, 0x65, 0x3D, 0x22, 0x66, 0x6C, 0x6F, 0x61, 0x74, 0x3A,
        0x6E, 0x69, 0x6E, 0x65, 0x74, 0x65, 0x65, 0x6E, 0x74, 0x68, 0x20, 0x63, 0x65, 0x6E, 0x74, 0x75, 0x72, 0x79, 0x3C, 0x2F, 0x62, 0x6F, 0x64, 0x79, 0x3E, 0x0D, 0x0A, 0x3C, 0x2F, 0x68, 0x74, 0x6D,
        0x6C, 0x3E, 0x0D, 0x0A, 0x3C, 0x69, 0x6D, 0x67, 0x20, 0x73, 0x72, 0x63, 0x3D, 0x22, 0x68, 0x74, 0x74, 0x70, 0x3A, 0x2F, 0x2F, 0x73, 0x3B, 0x74, 0x65, 0x78, 0x74, 0x2D, 0x61, 0x6C, 0x69, 0x67,
        0x6E, 0x3A, 0x63, 0x65, 0x6E, 0x74, 0x65, 0x72, 0x66, 0x6F, 0x6E, 0x74, 0x2D, 0x77, 0x65, 0x69, 0x67, 0x68, 0x74, 0x3A, 0x20, 0x62, 0x6F, 0x6C, 0x64, 0x3B, 0x20, 0x41, 0x63, 0x63, 0x6F, 0x72,
        0x64, 0x69, 0x6E, 0x67, 0x20, 0x74, 0x6F, 0x20, 0x74, 0x68, 0x65, 0x20, 0x64, 0x69, 0x66, 0x66, 0x65, 0x72, 0x65, 0x6E, 0x63, 0x65, 0x20, 0x62, 0x65, 0x74, 0x77, 0x65, 0x65, 0x6E, 0x22, 0x20,
        0x66, 0x72, 0x61, 0x6D, 0x65, 0x62, 0x6F, 0x72, 0x64, 0x65, 0x72, 0x3D, 0x22, 0x30, 0x22, 0x20, 0x22, 0x20, 0x73, 0x74, 0x79, 0x6C, 0x65, 0x3D, 0x22, 0x70, 0x6F, 0x73, 0x69, 0x74, 0x69, 0x6F,
        0x6E, 0x3A, 0x6C, 0x69, 0x6E, 0x6B, 0x20, 0x68, 0x72, 0x65, 0x66, 0x3D, 0x22, 0x68, 0x74, 0x74, 0x70, 0x3A, 0x2F, 0x2F, 0x68, 0x74, 0x6D, 0x6C, 0x34, 0x2F, 0x6C, 0x6F, 0x6F, 0x73, 0x65, 0x2E,
        0x64, 0x74, 0x64, 0x22, 0x3E, 0x0A, 0x64, 0x75, 0x72, 0x69, 0x6E, 0x67, 0x20, 0x74, 0x68, 0x69, 0x73, 0x20, 0x70, 0x65, 0x72, 0x69, 0x6F, 0x64, 0x3C, 0x2F, 0x74, 0x64, 0x3E, 0x3C, 0x2F, 0x74,
        0x72, 0x3E, 0x3C, 0x2F, 0x74, 0x61, 0x62, 0x6C, 0x65, 0x3E, 0x63, 0x6C, 0x6F, 0x73, 0x65, 0x6C, 0x79, 0x20, 0x72, 0x65, 0x6C, 0x61, 0x74, 0x65, 0x64, 0x20, 0x74, 0x6F, 0x66, 0x6F, 0x72, 0x20,
        0x74, 0x68, 0x65, 0x20, 0x66, 0x69, 0x72, 0x73, 0x74, 0x20, 0x74, 0x69, 0x6D, 0x65, 0x3B, 0x66, 0x6F, 0x6E, 0x74, 0x2D, 0x77, 0x65, 0x69, 0x67, 0x68, 0x74, 0x3A, 0x62, 0x6F, 0x6C, 0x64, 0x3B,
        0x69, 0x6E, 0x70, 0x75, 0x74, 0x20, 0x74, 0x79, 0x70, 0x65, 0x3D, 0x22, 0x74, 0x65, 0x78, 0x74, 0x22, 0x20, 0x3C, 0x73, 0x70, 0x61, 0x6E, 0x20, 0x73, 0x74, 0x79, 0x6C, 0x65, 0x3D, 0x22, 0x66,
        0x6F, 0x6E, 0x74, 0x2D, 0x6F, 0x6E, 0x72, 0x65, 0x61, 0x64, 0x79, 0x73, 0x74, 0x61, 0x74, 0x65, 0x63, 0x68, 0x61, 0x6E, 0x67, 0x65, 0x09, 0x3C, 0x64, 0x69, 0x76, 0x20, 0x63, 0x6C, 0x61, 0x73,
        0x73, 0x3D, 0x22, 0x63, 0x6C, 0x65, 0x61, 0x72, 0x64, 0x6F, 0x63, 0x75, 0x6D, 0x65, 0x6E, 0x74, 0x2E, 0x6C, 0x6F, 0x63, 0x61, 0x74, 0x69, 0x6F, 0x6E, 0x2E, 0x20, 0x46, 0x6F, 0x72, 0x20, 0x65,
        0x78, 0x61, 0x6D, 0x70, 0x6C, 0x65, 0x2C, 0x20, 0x74, 0x68, 0x65, 0x20, 0x61, 0x20, 0x77, 0x69, 0x64, 0x65, 0x20, 0x76, 0x61, 0x72, 0x69, 0x65, 0x74, 0x79, 0x20, 0x6F, 0x66, 0x20, 0x3C, 0x21,
        0x44, 0x4F, 0x43, 0x54, 0x59, 0x50, 0x45, 0x20, 0x68, 0x74, 0x6D, 0x6C, 0x3E, 0x0D, 0x0A, 0x3C, 0x26, 0x6E, 0x62, 0x73, 0x70, 0x3B, 0x26, 0x6E, 0x62, 0x73, 0x70, 0x3B, 0x26, 0x6E, 0x62, 0x73,
        0x70, 0x3B, 0x22, 0x3E, 0x3C, 0x61, 0x20, 0x68, 0x72, 0x65, 0x66, 0x3D, 0x22, 0x68, 0x74, 0x74, 0x70, 0x3A, 0x2F, 0x2F, 0x73, 0x74, 0x79, 0x6C, 0x65, 0x3D, 0x22, 0x66, 0x6C, 0x6F, 0x61, 0x74,
        0x3A, 0x6C, 0x65, 0x66, 0x74, 0x3B, 0x63, 0x6F, 0x6E, 0x63, 0x65, 0x72, 0x6E, 0x65, 0x64, 0x20, 0x77, 0x69, 0x74, 0x68, 0x20, 0x74, 0x68, 0x65, 0x3D, 0x68, 0x74, 0x74, 0x70, 0x25, 0x33, 0x41,
        0x25, 0x32, 0x46, 0x25, 0x32, 0x46, 0x77, 0x77, 0x77, 0x2E, 0x69, 0x6E, 0x20, 0x70, 0x6F, 0x70, 0x75, 0x6C, 0x61, 0x72, 0x20, 0x63, 0x75, 0x6C, 0x74, 0x75, 0x72, 0x65, 0x74, 0x79, 0x70, 0x65,
        0x3D, 0x22, 0x74, 0x65, 0x78, 0x74, 0x2F, 0x63, 0x73, 0x73, 0x22, 0x20, 0x2F, 0x3E, 0x69, 0x74, 0x20, 0x69, 0x73, 0x20, 0x70, 0x6F, 0x73, 0x73, 0x69, 0x62, 0x6C, 0x65, 0x20, 0x74, 0x6F, 0x20,
        0x48, 0x61, 0x72, 0x76, 0x61, 0x72, 0x64, 0x20, 0x55, 0x6E, 0x69, 0x76, 0x65, 0x72, 0x73, 0x69, 0x74, 0x79, 0x74, 0x79, 0x6C, 0x65, 0x73, 0x68, 0x65, 0x65, 0x74, 0x22, 0x20, 0x68, 0x72, 0x65,
        0x66, 0x3D, 0x22, 0x2F, 0x74, 0x68, 0x65, 0x20, 0x6D, 0x61, 0x69, 0x6E, 0x20, 0x63, 0x68, 0x61, 0x72, 0x61, 0x63, 0x74, 0x65, 0x72, 0x4F, 0x78, 0x66, 0x6F, 0x72, 0x64, 0x20, 0x55, 0x6E, 0x69,
        0x76, 0x65, 0x72, 0x73, 0x69, 0x74, 0x79, 0x20, 0x20, 0x6E, 0x61, 0x6D, 0x65, 0x3D, 0x22, 0x6B, 0x65, 0x79, 0x77, 0x6F, 0x72, 0x64, 0x73, 0x22, 0x20, 0x63, 0x73, 0x74, 0x79, 0x6C, 0x65, 0x3D,
        0x22, 0x74, 0x65, 0x78, 0x74, 0x2D, 0x61, 0x6C, 0x69, 0x67, 0x6E, 0x3A, 0x74, 0x68, 0x65, 0x20, 0x55, 0x6E, 0x69, 0x74, 0x65, 0x64, 0x20, 0x4B, 0x69, 0x6E, 0x67, 0x64, 0x6F, 0x6D, 0x66, 0x65,
        0x64, 0x65, 0x72, 0x61, 0x6C, 0x20, 0x67, 0x6F, 0x76, 0x65, 0x72, 0x6E, 0x6D, 0x65, 0x6E, 0x74, 0x3C, 0x64, 0x69, 0x76, 0x20, 0x73, 0x74, 0x79, 0x6C, 0x65, 0x3D, 0x22, 0x6D, 0x61, 0x72, 0x67,
        0x69, 0x6E, 0x20, 0x64, 0x65, 0x70, 0x65, 0x6E, 0x64, 0x69, 0x6E, 0x67, 0x20, 0x6F, 0x6E, 0x20, 0x74, 0x68, 0x65, 0x20, 0x64, 0x65, 0x73, 0x63, 0x72, 0x69, 0x70, 0x74, 0x69, 0x6F, 0x6E, 0x20,
        0x6F, 0x66, 0x20, 0x74, 0x68, 0x65, 0x3C, 0x64, 0x69, 0x76, 0x20, 0x63, 0x6C, 0x61, 0x73, 0x73, 0x3D, 0x22, 0x68, 0x65, 0x61, 0x64, 0x65, 0x72, 0x2E, 0x6D, 0x69, 0x6E, 0x2E, 0x6A, 0x73, 0x22,
        0x3E, 0x3C, 0x2F, 0x73, 0x63, 0x72, 0x69, 0x70, 0x74, 0x3E, 0x64, 0x65, 0x73, 0x74, 0x72, 0x75, 0x63, 0x74, 0x69, 0x6F, 0x6E, 0x20, 0x6F, 0x66, 0x20, 0x74, 0x68, 0x65, 0x73, 0x6C, 0x69, 0x67,
        0x68, 0x74, 0x6C, 0x79, 0x20, 0x64, 0x69, 0x66, 0x66, 0x65, 0x72, 0x65, 0x6E, 0x74, 0x69, 0x6E, 0x20, 0x61, 0x63, 0x63, 0x6F, 0x72, 0x64, 0x61, 0x6E, 0x63, 0x65, 0x20, 0x77, 0x69, 0x74, 0x68,
        0x74, 0x65, 0x6C, 0x65, 0x63, 0x6F, 0x6D, 0x6D, 0x75, 0x6E, 0x69, 0x63, 0x61, 0x74, 0x69, 0x6F, 0x6E, 0x73, 0x69, 0x6E, 0x64, 0x69, 0x63, 0x61, 0x74, 0x65, 0x73, 0x20, 0x74, 0x68, 0x61, 0x74,
        0x20, 0x74, 0x68, 0x65, 0x73, 0x68, 0x6F, 0x72, 0x74, 0x6C, 0x79, 0x20, 0x74, 0x68, 0x65, 0x72, 0x65, 0x61, 0x66, 0x74, 0x65, 0x72, 0x65, 0x73, 0x70, 0x65, 0x63, 0x69, 0x61, 0x6C, 0x6C, 0x79,
        0x20, 0x69, 0x6E, 0x20, 0x74, 0x68, 0x65, 0x20, 0x45, 0x75, 0x72, 0x6F, 0x70, 0x65, 0x61, 0x6E, 0x20, 0x63, 0x6F, 0x75, 0x6E, 0x74, 0x72, 0x69, 0x65, 0x73, 0x48, 0x6F, 0x77, 0x65, 0x76, 0x65,
        0x72, 0x2C, 0x20, 0x74, 0x68, 0x65, 0x72, 0x65, 0x20, 0x61, 0x72, 0x65, 0x73, 0x72, 0x63, 0x3D, 0x22, 0x68, 0x74, 0x74, 0x70, 0x3A, 0x2F, 0x2F, 0x73, 0x74, 0x61, 0x74, 0x69, 0x63, 0x73, 0x75,
        0x67, 0x67, 0x65, 0x73, 0x74, 0x65, 0x64, 0x20, 0x74, 0x68, 0x61, 0x74, 0x20, 0x74, 0x68, 0x65, 0x22, 0x20, 0x73, 0x72, 0x63, 0x3D, 0x22, 0x68, 0x74, 0x74, 0x70, 0x3A, 0x2F, 0x2F, 0x77, 0x77,
        0x77, 0x2E, 0x61, 0x20, 0x6C, 0x61, 0x72, 0x67, 0x65, 0x20, 0x6E, 0x75, 0x6D, 0x62, 0x65, 0x72, 0x20, 0x6F, 0x66, 0x20, 0x54, 0x65, 0x6C, 0x65, 0x63, 0x6F, 0x6D, 0x6D, 0x75, 0x6E, 0x69, 0x63,
        0x61, 0x74, 0x69, 0x6F, 0x6E, 0x73, 0x22, 0x20, 0x72, 0x65, 0x6C, 0x3D, 0x22, 0x6E, 0x6F, 0x66, 0x6F, 0x6C, 0x6C, 0x6F, 0x77, 0x22, 0x20, 0x74, 0x48, 0x6F, 0x6C, 0x79, 0x20, 0x52, 0x6F, 0x6D,
        0x61, 0x6E, 0x20, 0x45, 0x6D, 0x70, 0x65, 0x72, 0x6F, 0x72, 0x61, 0x6C, 0x6D, 0x6F, 0x73, 0x74, 0x20, 0x65, 0x78, 0x63, 0x6C, 0x75, 0x73, 0x69, 0x76, 0x65, 0x6C, 0x79, 0x22, 0x20, 0x62, 0x6F,
        0x72, 0x64, 0x65, 0x72, 0x3D, 0x22, 0x30, 0x22, 0x20, 0x61, 0x6C, 0x74, 0x3D, 0x22, 0x53, 0x65, 0x63, 0x72, 0x65, 0x74, 0x61, 0x72, 0x79, 0x20, 0x6F, 0x66, 0x20, 0x53, 0x74, 0x61, 0x74, 0x65,
        0x63, 0x75, 0x6C, 0x6D, 0x69, 0x6E, 0x61, 0x74, 0x69, 0x6E, 0x67, 0x20, 0x69, 0x6E, 0x20, 0x74, 0x68, 0x65, 0x43, 0x49, 0x41, 0x20, 0x57, 0x6F, 0x72, 0x6C, 0x64, 0x20, 0x46, 0x61, 0x63, 0x74,
        0x62, 0x6F, 0x6F, 0x6B, 0x74, 0x68, 0x65, 0x20, 0x6D, 0x6F, 0x73, 0x74, 0x20, 0x69, 0x6D, 0x70, 0x6F, 0x72, 0x74, 0x61, 0x6E, 0x74, 0x61, 0x6E, 0x6E, 0x69, 0x76, 0x65, 0x72, 0x73, 0x61, 0x72,
        0x79, 0x20, 0x6F, 0x66, 0x20, 0x74, 0x68, 0x65, 0x73, 0x74, 0x79, 0x6C, 0x65, 0x3D, 0x22, 0x62, 0x61, 0x63, 0x6B, 0x67, 0x72, 0x6F, 0x75, 0x6E, 0x64, 0x2D, 0x3C, 0x6C, 0x69, 0x3E, 0x3C, 0x65,
        0x6D, 0x3E, 0x3C, 0x61, 0x20, 0x68, 0x72, 0x65, 0x66, 0x3D, 0x22, 0x2F, 0x74, 0x68, 0x65, 0x20, 0x41, 0x74, 0x6C, 0x61, 0x6E, 0x74, 0x69, 0x63, 0x20, 0x4F, 0x63, 0x65, 0x61, 0x6E, 0x73, 0x74,
        0x72, 0x69, 0x63, 0x74, 0x6C, 0x79, 0x20, 0x73, 0x70, 0x65, 0x61, 0x6B, 0x69, 0x6E, 0x67, 0x2C, 0x73, 0x68, 0x6F, 0x72, 0x74, 0x6C, 0x79, 0x20, 0x62, 0x65, 0x66, 0x6F, 0x72, 0x65, 0x20, 0x74,
        0x68, 0x65, 0x64, 0x69, 0x66, 0x66, 0x65, 0x72, 0x65, 0x6E, 0x74, 0x20, 0x74, 0x79, 0x70, 0x65, 0x73, 0x20, 0x6F, 0x66, 0x74, 0x68, 0x65, 0x20, 0x4F, 0x74, 0x74, 0x6F, 0x6D, 0x61, 0x6E, 0x20,
        0x45, 0x6D, 0x70, 0x69, 0x72, 0x65, 0x3E, 0x3C, 0x69, 0x6D, 0x67, 0x20, 0x73, 0x72, 0x63, 0x3D, 0x22, 0x68, 0x74, 0x74, 0x70, 0x3A, 0x2F, 0x2F, 0x41, 0x6E, 0x20, 0x49, 0x6E, 0x74, 0x72, 0x6F,
        0x64, 0x75, 0x63, 0x74, 0x69, 0x6F, 0x6E, 0x20, 0x74, 0x6F, 0x63, 0x6F, 0x6E, 0x73, 0x65, 0x71, 0x75, 0x65, 0x6E, 0x63, 0x65, 0x20, 0x6F, 0x66, 0x20, 0x74, 0x68, 0x65, 0x64, 0x65, 0x70, 0x61,
        0x72, 0x74, 0x75, 0x72, 0x65, 0x20, 0x66, 0x72, 0x6F, 0x6D, 0x20, 0x74, 0x68, 0x65, 0x43, 0x6F, 0x6E, 0x66, 0x65, 0x64, 0x65, 0x72, 0x61, 0x74, 0x65, 0x20, 0x53, 0x74, 0x61, 0x74, 0x65, 0x73,
        0x69, 0x6E, 0x64, 0x69, 0x67, 0x65, 0x6E, 0x6F, 0x75, 0x73, 0x20, 0x70, 0x65, 0x6F, 0x70, 0x6C, 0x65, 0x73, 0x50, 0x72, 0x6F, 0x63, 0x65, 0x65, 0x64, 0x69, 0x6E, 0x67, 0x73, 0x20, 0x6F, 0x66,
        0x20, 0x74, 0x68, 0x65, 0x69, 0x6E, 0x66, 0x6F, 0x72, 0x6D, 0x61, 0x74, 0x69, 0x6F, 0x6E, 0x20, 0x6F, 0x6E, 0x20, 0x74, 0x68, 0x65, 0x74, 0x68, 0x65, 0x6F, 0x72, 0x69, 0x65, 0x73, 0x20, 0x68,
        0x61, 0x76, 0x65, 0x20, 0x62, 0x65, 0x65, 0x6E, 0x69, 0x6E, 0x76, 0x6F, 0x6C, 0x76, 0x65, 0x6D, 0x65, 0x6E, 0x74, 0x20, 0x69, 0x6E, 0x20, 0x74, 0x68, 0x65, 0x64, 0x69, 0x76, 0x69, 0x64, 0x65,
        0x64, 0x20, 0x69, 0x6E, 0x74, 0x6F, 0x20, 0x74, 0x68, 0x72, 0x65, 0x65, 0x61, 0x64, 0x6A, 0x61, 0x63, 0x65, 0x6E, 0x74, 0x20, 0x63, 0x6F, 0x75, 0x6E, 0x74, 0x72, 0x69, 0x65, 0x73, 0x69, 0x73,
        0x20, 0x72, 0x65, 0x73, 0x70, 0x6F, 0x6E, 0x73, 0x69, 0x62, 0x6C, 0x65, 0x20, 0x66, 0x6F, 0x72, 0x64, 0x69, 0x73, 0x73, 0x6F, 0x6C, 0x75, 0x74, 0x69, 0x6F, 0x6E, 0x20, 0x6F, 0x66, 0x20, 0x74,
        0x68, 0x65, 0x63, 0x6F, 0x6C, 0x6C, 0x61, 0x62, 0x6F, 0x72, 0x61, 0x74, 0x69, 0x6F, 0x6E, 0x20, 0x77, 0x69, 0x74, 0x68, 0x77, 0x69, 0x64, 0x65, 0x6C, 0x79, 0x20, 0x72, 0x65, 0x67, 0x61, 0x72,
        0x64, 0x65, 0x64, 0x20, 0x61, 0x73, 0x68, 0x69, 0x73, 0x20, 0x63, 0x6F, 0x6E, 0x74, 0x65, 0x6D, 0x70, 0x6F, 0x72, 0x61, 0x72, 0x69, 0x65, 0x73, 0x66, 0x6F, 0x75, 0x6E, 0x64, 0x69, 0x6E, 0x67,
        0x20, 0x6D, 0x65, 0x6D, 0x62, 0x65, 0x72, 0x20, 0x6F, 0x66, 0x44, 0x6F, 0x6D, 0x69, 0x6E, 0x69, 0x63, 0x61, 0x6E, 0x20, 0x52, 0x65, 0x70, 0x75, 0x62, 0x6C, 0x69, 0x63, 0x67, 0x65, 0x6E, 0x65,
        0x72, 0x61, 0x6C, 0x6C, 0x79, 0x20, 0x61, 0x63, 0x63, 0x65, 0x70, 0x74, 0x65, 0x64, 0x74, 0x68, 0x65, 0x20, 0x70, 0x6F, 0x73, 0x73, 0x69, 0x62, 0x69, 0x6C, 0x69, 0x74, 0x79, 0x20, 0x6F, 0x66,
        0x61, 0x72, 0x65, 0x20, 0x61, 0x6C, 0x73, 0x6F, 0x20, 0x61, 0x76, 0x61, 0x69, 0x6C, 0x61, 0x62, 0x6C, 0x65, 0x75, 0x6E, 0x64, 0x65, 0x72, 0x20, 0x63, 0x6F, 0x6E, 0x73, 0x74, 0x72, 0x75, 0x63,
        0x74, 0x69, 0x6F, 0x6E, 0x72, 0x65, 0x73, 0x74, 0x6F, 0x72, 0x61, 0x74, 0x69, 0x6F, 0x6E, 0x20, 0x6F, 0x66, 0x20, 0x74, 0x68, 0x65, 0x74, 0x68, 0x65, 0x20, 0x67, 0x65, 0x6E, 0x65, 0x72, 0x61,
        0x6C, 0x20, 0x70, 0x75, 0x62, 0x6C, 0x69, 0x63, 0x69, 0x73, 0x20, 0x61, 0x6C, 0x6D, 0x6F, 0x73, 0x74, 0x20, 0x65, 0x6E, 0x74, 0x69, 0x72, 0x65, 0x6C, 0x79, 0x70, 0x61, 0x73, 0x73, 0x65, 0x73,
        0x20, 0x74, 0x68, 0x72, 0x6F, 0x75, 0x67, 0x68, 0x20, 0x74, 0x68, 0x65, 0x68, 0x61, 0x73, 0x20, 0x62, 0x65, 0x65, 0x6E, 0x20, 0x73, 0x75, 0x67, 0x67, 0x65, 0x73, 0x74, 0x65, 0x64, 0x63, 0x6F,
        0x6D, 0x70, 0x75, 0x74, 0x65, 0x72, 0x20, 0x61, 0x6E, 0x64, 0x20, 0x76, 0x69, 0x64, 0x65, 0x6F, 0x47, 0x65, 0x72, 0x6D, 0x61, 0x6E, 0x69, 0x63, 0x20, 0x6C, 0x61, 0x6E, 0x67, 0x75, 0x61, 0x67,
        0x65, 0x73, 0x20, 0x61, 0x63, 0x63, 0x6F, 0x72, 0x64, 0x69, 0x6E, 0x67, 0x20, 0x74, 0x6F, 0x20, 0x74, 0x68, 0x65, 0x20, 0x64, 0x69, 0x66, 0x66, 0x65, 0x72, 0x65, 0x6E, 0x74, 0x20, 0x66, 0x72,
        0x6F, 0x6D, 0x20, 0x74, 0x68, 0x65, 0x73, 0x68, 0x6F, 0x72, 0x74, 0x6C, 0x79, 0x20, 0x61, 0x66, 0x74, 0x65, 0x72, 0x77, 0x61, 0x72, 0x64, 0x73, 0x68, 0x72, 0x65, 0x66, 0x3D, 0x22, 0x68, 0x74,
        0x74, 0x70, 0x73, 0x3A, 0x2F, 0x2F, 0x77, 0x77, 0x77, 0x2E, 0x72, 0x65, 0x63, 0x65, 0x6E, 0x74, 0x20, 0x64, 0x65, 0x76, 0x65, 0x6C, 0x6F, 0x70, 0x6D, 0x65, 0x6E, 0x74, 0x42, 0x6F, 0x61, 0x72,
        0x64, 0x20, 0x6F, 0x66, 0x20, 0x44, 0x69, 0x72, 0x65, 0x63, 0x74, 0x6F, 0x72, 0x73, 0x3C, 0x64, 0x69, 0x76, 0x20, 0x63, 0x6C, 0x61, 0x73, 0x73, 0x3D, 0x22, 0x73, 0x65, 0x61, 0x72, 0x63, 0x68,
        0x7C, 0x20, 0x3C, 0x61, 0x20, 0x68, 0x72, 0x65, 0x66, 0x3D, 0x22, 0x68, 0x74, 0x74, 0x70, 0x3A, 0x2F, 0x2F, 0x49, 0x6E, 0x20, 0x70, 0x61, 0x72, 0x74, 0x69, 0x63, 0x75, 0x6C, 0x61, 0x72, 0x2C,
        0x20, 0x74, 0x68, 0x65, 0x4D, 0x75, 0x6C, 0x74, 0x69, 0x70, 0x6C, 0x65, 0x20, 0x66, 0x6F, 0x6F, 0x74, 0x6E, 0x6F, 0x74, 0x65, 0x73, 0x6F, 0x72, 0x20, 0x6F, 0x74, 0x68, 0x65, 0x72, 0x20, 0x73,
        0x75, 0x62, 0x73, 0x74, 0x61, 0x6E, 0x63, 0x65, 0x74, 0x68, 0x6F, 0x75, 0x73, 0x61, 0x6E, 0x64, 0x73, 0x20, 0x6F, 0x66, 0x20, 0x79, 0x65, 0x61, 0x72, 0x73, 0x74, 0x72, 0x61, 0x6E, 0x73, 0x6C,
        0x61, 0x74, 0x69, 0x6F, 0x6E, 0x20, 0x6F, 0x66, 0x20, 0x74, 0x68, 0x65, 0x3C, 0x2F, 0x64, 0x69, 0x76, 0x3E, 0x0D, 0x0A, 0x3C, 0x2F, 0x64, 0x69, 0x76, 0x3E, 0x0D, 0x0A, 0x0D, 0x0A, 0x3C, 0x61,
        0x20, 0x68, 0x72, 0x65, 0x66, 0x3D, 0x22, 0x69, 0x6E, 0x64, 0x65, 0x78, 0x2E, 0x70, 0x68, 0x70, 0x77, 0x61, 0x73, 0x20, 0x65, 0x73, 0x74, 0x61, 0x62, 0x6C, 0x69, 0x73, 0x68, 0x65, 0x64, 0x20,
        0x69, 0x6E, 0x6D, 0x69, 0x6E, 0x2E, 0x6A, 0x73, 0x22, 0x3E, 0x3C, 0x2F, 0x73, 0x63, 0x72, 0x69, 0x70, 0x74, 0x3E, 0x0A, 0x70, 0x61, 0x72, 0x74, 0x69, 0x63, 0x69, 0x70, 0x61, 0x74, 0x65, 0x20,
        0x69, 0x6E, 0x20, 0x74, 0x68, 0x65, 0x61, 0x20, 0x73, 0x74, 0x72, 0x6F, 0x6E, 0x67, 0x20, 0x69, 0x6E, 0x66, 0x6C, 0x75, 0x65, 0x6E, 0x63, 0x65, 0x73, 0x74, 0x79, 0x6C, 0x65, 0x3D, 0x22, 0x6D,
        0x61, 0x72, 0x67, 0x69, 0x6E, 0x2D, 0x74, 0x6F, 0x70, 0x3A, 0x72, 0x65, 0x70, 0x72, 0x65, 0x73, 0x65, 0x6E, 0x74, 0x65, 0x64, 0x20, 0x62, 0x79, 0x20, 0x74, 0x68, 0x65, 0x67, 0x72, 0x61, 0x64,
        0x75, 0x61, 0x74, 0x65, 0x64, 0x20, 0x66, 0x72, 0x6F, 0x6D, 0x20, 0x74, 0x68, 0x65, 0x54, 0x72, 0x61, 0x64, 0x69, 0x74, 0x69, 0x6F, 0x6E, 0x61, 0x6C, 0x6C, 0x79, 0x2C, 0x20, 0x74, 0x68, 0x65,
        0x45, 0x6C, 0x65, 0x6D, 0x65, 0x6E, 0x74, 0x28, 0x22, 0x73, 0x63, 0x72, 0x69, 0x70, 0x74, 0x22, 0x29, 0x3B, 0x48, 0x6F, 0x77, 0x65, 0x76, 0x65, 0x72, 0x2C, 0x20, 0x73, 0x69, 0x6E, 0x63, 0x65,
        0x20, 0x74, 0x68, 0x65, 0x2F, 0x64, 0x69, 0x76, 0x3E, 0x0A, 0x3C, 0x2F, 0x64, 0x69, 0x76, 0x3E, 0x0A, 0x3C, 0x64, 0x69, 0x76, 0x20, 0x6C, 0x65, 0x66, 0x74, 0x3B, 0x20, 0x6D, 0x61, 0x72, 0x67,
        0x69, 0x6E, 0x2D, 0x6C, 0x65, 0x66, 0x74, 0x3A, 0x70, 0x72, 0x6F, 0x74, 0x65, 0x63, 0x74, 0x69, 0x6F, 0x6E, 0x20, 0x61, 0x67, 0x61, 0x69, 0x6E, 0x73, 0x74, 0x30, 0x3B, 0x20, 0x76, 0x65, 0x72,
        0x74, 0x69, 0x63, 0x61, 0x6C, 0x2D, 0x61, 0x6C, 0x69, 0x67, 0x6E, 0x3A, 0x55, 0x6E, 0x66, 0x6F, 0x72, 0x74, 0x75, 0x6E, 0x61, 0x74, 0x65, 0x6C, 0x79, 0x2C, 0x20, 0x74, 0x68, 0x65, 0x74, 0x79,
        0x70, 0x65, 0x3D, 0x22, 0x69, 0x6D, 0x61, 0x67, 0x65, 0x2F, 0x78, 0x2D, 0x69, 0x63, 0x6F, 0x6E, 0x2F, 0x64, 0x69, 0x76, 0x3E, 0x0A, 0x3C, 0x64, 0x69, 0x76, 0x20, 0x63, 0x6C, 0x61, 0x73, 0x73,
        0x3D, 0x22, 0x20, 0x63, 0x6C, 0x61, 0x73, 0x73, 0x3D, 0x22, 0x63, 0x6C, 0x65, 0x61, 0x72, 0x66, 0x69, 0x78, 0x22, 0x3E, 0x3C, 0x64, 0x69, 0x76, 0x20, 0x63, 0x6C, 0x61, 0x73, 0x73, 0x3D, 0x22,
        0x66, 0x6F, 0x6F, 0x74, 0x65, 0x72, 0x09, 0x09, 0x3C, 0x2F, 0x64, 0x69, 0x76, 0x3E, 0x0A, 0x09, 0x09, 0x3C, 0x2F, 0x64, 0x69, 0x76, 0x3E, 0x0A, 0x74, 0x68, 0x65, 0x20, 0x6D, 0x6F, 0x74, 0x69,
        0x6F, 0x6E, 0x20, 0x70, 0x69, 0x63, 0x74, 0x75, 0x72, 0x65, 0xD0, 0x91, 0xD1, 0x8A, 0xD0, 0xBB, 0xD0, 0xB3, 0xD0, 0xB0, 0xD1, 0x80, 0xD1, 0x81, 0xD0, 0xBA, 0xD0, 0xB8, 0xD0, 0xB1, 0xD1, 0x8A,
        0xD0, 0xBB, 0xD0, 0xB3, 0xD0, 0xB0, 0xD1, 0x80, 0xD1, 0x81, 0xD0, 0xBA, 0xD0, 0xB8, 0xD0, 0xA4, 0xD0, 0xB5, 0xD0, 0xB4, 0xD0, 0xB5, 0xD1, 0x80, 0xD0, 0xB0, 0xD1, 0x86, 0xD0, 0xB8, 0xD0, 0xB8,
        0xD0, 0xBD, 0xD0, 0xB5, 0xD1, 0x81, 0xD0, 0xBA, 0xD0, 0xBE, 0xD0, 0xBB, 0xD1, 0x8C, 0xD0, 0xBA, 0xD0, 0xBE, 0xD1, 0x81, 0xD0, 0xBE, 0xD0, 0xBE, 0xD0, 0xB1, 0xD1, 0x89, 0xD0, 0xB5, 0xD0, 0xBD,
        0xD0, 0xB8, 0xD0, 0xB5, 0xD1, 0x81, 0xD0, 0xBE, 0xD0, 0xBE, 0xD0, 0xB1, 0xD1, 0x89, 0xD0, 0xB5, 0xD0, 0xBD, 0xD0, 0xB8, 0xD1, 0x8F, 0xD0, 0xBF, 0xD1, 0x80, 0xD0, 0xBE, 0xD0, 0xB3, 0xD1, 0x80,
        0xD0, 0xB0, 0xD0, 0xBC, 0xD0, 0xBC, 0xD1, 0x8B, 0xD0, 0x9E, 0xD1, 0x82, 0xD0, 0xBF, 0xD1, 0x80, 0xD0, 0xB0, 0xD0, 0xB2, 0xD0, 0xB8, 0xD1, 0x82, 0xD1, 0x8C, 0xD0, 0xB1, 0xD0, 0xB5, 0xD1, 0x81,
        0xD0, 0xBF, 0xD0, 0xBB, 0xD0, 0xB0, 0xD1, 0x82, 0xD0, 0xBD, 0xD0, 0xBE, 0xD0, 0xBC, 0xD0, 0xB0, 0xD1, 0x82, 0xD0, 0xB5, 0xD1, 0x80, 0xD0, 0xB8, 0xD0, 0xB0, 0xD0, 0xBB, 0xD1, 0x8B, 0xD0, 0xBF,
        0xD0, 0xBE, 0xD0, 0xB7, 0xD0, 0xB2, 0xD0, 0xBE, 0xD0, 0xBB, 0xD1, 0x8F, 0xD0, 0xB5, 0xD1, 0x82, 0xD0, 0xBF, 0xD0, 0xBE, 0xD1, 0x81, 0xD0, 0xBB, 0xD0, 0xB5, 0xD0, 0xB4, 0xD0, 0xBD, 0xD0, 0xB8,
        0xD0, 0xB5, 0xD1, 0x80, 0xD0, 0xB0, 0xD0, 0xB7, 0xD0, 0xBB, 0xD0, 0xB8, 0xD1, 0x87, 0xD0, 0xBD, 0xD1, 0x8B, 0xD1, 0x85, 0xD0, 0xBF, 0xD1, 0x80, 0xD0, 0xBE, 0xD0, 0xB4, 0xD1, 0x83, 0xD0, 0xBA,
        0xD1, 0x86, 0xD0, 0xB8, 0xD0, 0xB8, 0xD0, 0xBF, 0xD1, 0x80, 0xD0, 0xBE, 0xD0, 0xB3, 0xD1, 0x80, 0xD0, 0xB0, 0xD0, 0xBC, 0xD0, 0xBC, 0xD0, 0xB0, 0xD0, 0xBF, 0xD0, 0xBE, 0xD0, 0xBB, 0xD0, 0xBD,
        0xD0, 0xBE, 0xD1, 0x81, 0xD1, 0x82, 0xD1, 0x8C, 0xD1, 0x8E, 0xD0, 0xBD, 0xD0, 0xB0, 0xD1, 0x85, 0xD0, 0xBE, 0xD0, 0xB4, 0xD0, 0xB8, 0xD1, 0x82, 0xD1, 0x81, 0xD1, 0x8F, 0xD0, 0xB8, 0xD0, 0xB7,
        0xD0, 0xB1, 0xD1, 0x80, 0xD0, 0xB0, 0xD0, 0xBD, 0xD0, 0xBD, 0xD0, 0xBE, 0xD0, 0xB5, 0xD0, 0xBD, 0xD0, 0xB0, 0xD1, 0x81, 0xD0, 0xB5, 0xD0, 0xBB, 0xD0, 0xB5, 0xD0, 0xBD, 0xD0, 0xB8, 0xD1, 0x8F,
        0xD0, 0xB8, 0xD0, 0xB7, 0xD0, 0xBC, 0xD0, 0xB5, 0xD0, 0xBD, 0xD0, 0xB5, 0xD0, 0xBD, 0xD0, 0xB8, 0xD1, 0x8F, 0xD0, 0xBA, 0xD0, 0xB0, 0xD1, 0x82, 0xD0, 0xB5, 0xD0, 0xB3, 0xD0, 0xBE, 0xD1, 0x80,
        0xD0, 0xB8, 0xD0, 0xB8, 0xD0, 0x90, 0xD0, 0xBB, 0xD0, 0xB5, 0xD0, 0xBA, 0xD1, 0x81, 0xD0, 0xB0, 0xD0, 0xBD, 0xD0, 0xB4, 0xD1, 0x80, 0xE0, 0xA4, 0xA6, 0xE0, 0xA5, 0x8D, 0xE0, 0xA4, 0xB5, 0xE0,
        0xA4, 0xBE, 0xE0, 0xA4, 0xB0, 0xE0, 0xA4, 0xBE, 0xE0, 0xA4, 0xAE, 0xE0, 0xA5, 0x88, 0xE0, 0xA4, 0xA8, 0xE0, 0xA5, 0x81, 0xE0, 0xA4, 0x85, 0xE0, 0xA4, 0xB2, 0xE0, 0xA4, 0xAA, 0xE0, 0xA5, 0x8D,
        0xE0, 0xA4, 0xB0, 0xE0, 0xA4, 0xA6, 0xE0, 0xA4, 0xBE, 0xE0, 0xA4, 0xA8, 0xE0, 0xA4, 0xAD, 0xE0, 0xA4, 0xBE, 0xE0, 0xA4, 0xB0, 0xE0, 0xA4, 0xA4, 0xE0, 0xA5, 0x80, 0xE0, 0xA4, 0xAF, 0xE0, 0xA4,
        0x85, 0xE0, 0xA4, 0xA8, 0xE0, 0xA5, 0x81, 0xE0, 0xA4, 0xA6, 0xE0, 0xA5, 0x87, 0xE0, 0xA4, 0xB6, 0xE0, 0xA4, 0xB9, 0xE0, 0xA4, 0xBF, 0xE0, 0xA4, 0xA8, 0xE0, 0xA5, 0x8D, 0xE0, 0xA4, 0xA6, 0xE0,
        0xA5, 0x80, 0xE0, 0xA4, 0x87, 0xE0, 0xA4, 0x82, 0xE0, 0xA4, 0xA1, 0xE0, 0xA4, 0xBF, 0xE0, 0xA4, 0xAF, 0xE0, 0xA4, 0xBE, 0xE0, 0xA4, 0xA6, 0xE0, 0xA4, 0xBF, 0xE0, 0xA4, 0xB2, 0xE0, 0xA5, 0x8D,
        0xE0, 0xA4, 0xB2, 0xE0, 0xA5, 0x80, 0xE0, 0xA4, 0x85, 0xE0, 0xA4, 0xA7, 0xE0, 0xA4, 0xBF, 0xE0, 0xA4, 0x95, 0xE0, 0xA4, 0xBE, 0xE0, 0xA4, 0xB0, 0xE0, 0xA4, 0xB5, 0xE0, 0xA5, 0x80, 0xE0, 0xA4,
        0xA1, 0xE0, 0xA4, 0xBF, 0xE0, 0xA4, 0xAF, 0xE0, 0xA5, 0x8B, 0xE0, 0xA4, 0x9A, 0xE0, 0xA4, 0xBF, 0xE0, 0xA4, 0x9F, 0xE0, 0xA5, 0x8D, 0xE0, 0xA4, 0xA0, 0xE0, 0xA5, 0x87, 0xE0, 0xA4, 0xB8, 0xE0,
        0xA4, 0xAE, 0xE0, 0xA4, 0xBE, 0xE0, 0xA4, 0x9A, 0xE0, 0xA4, 0xBE, 0xE0, 0xA4, 0xB0, 0xE0, 0xA4, 0x9C, 0xE0, 0xA4, 0x82, 0xE0, 0xA4, 0x95, 0xE0, 0xA5, 0x8D, 0xE0, 0xA4, 0xB6, 0xE0, 0xA4, 0xA8,
        0xE0, 0xA4, 0xA6, 0xE0, 0xA5, 0x81, 0xE0, 0xA4, 0xA8, 0xE0, 0xA4, 0xBF, 0xE0, 0xA4, 0xAF, 0xE0, 0xA4, 0xBE, 0xE0, 0xA4, 0xAA, 0xE0, 0xA5, 0x8D, 0xE0, 0xA4, 0xB0, 0xE0, 0xA4, 0xAF, 0xE0, 0xA5,
        0x8B, 0xE0, 0xA4, 0x97, 0xE0, 0xA4, 0x85, 0xE0, 0xA4, 0xA8, 0xE0, 0xA5, 0x81, 0xE0, 0xA4, 0xB8, 0xE0, 0xA4, 0xBE, 0xE0, 0xA4, 0xB0, 0xE0, 0xA4, 0x91, 0xE0, 0xA4, 0xA8, 0xE0, 0xA4, 0xB2, 0xE0,
        0xA4, 0xBE, 0xE0, 0xA4, 0x87, 0xE0, 0xA4, 0xA8, 0xE0, 0xA4, 0xAA, 0xE0, 0xA4, 0xBE, 0xE0, 0xA4, 0xB0, 0xE0, 0xA5, 0x8D, 0xE0, 0xA4, 0x9F, 0xE0, 0xA5, 0x80, 0xE0, 0xA4, 0xB6, 0xE0, 0xA4, 0xB0,
        0xE0, 0xA5, 0x8D, 0xE0, 0xA4, 0xA4, 0xE0, 0xA5, 0x8B, 0xE0, 0xA4, 0x82, 0xE0, 0xA4, 0xB2, 0xE0, 0xA5, 0x8B, 0xE0, 0xA4, 0x95, 0xE0, 0xA4, 0xB8, 0xE0, 0xA4, 0xAD, 0xE0, 0xA4, 0xBE, 0xE0, 0xA4,
        0xAB, 0xE0, 0xA4, 0xBC, 0xE0, 0xA5, 0x8D, 0xE0, 0xA4, 0xB2, 0xE0, 0xA5, 0x88, 0xE0, 0xA4, 0xB6, 0xE0, 0xA4, 0xB6, 0xE0, 0xA4, 0xB0, 0xE0, 0xA5, 0x8D, 0xE0, 0xA4, 0xA4, 0xE0, 0xA5, 0x87, 0xE0,
        0xA4, 0x82, 0xE0, 0xA4, 0xAA, 0xE0, 0xA5, 0x8D, 0xE0, 0xA4, 0xB0, 0xE0, 0xA4, 0xA6, 0xE0, 0xA5, 0x87, 0xE0, 0xA4, 0xB6, 0xE0, 0xA4, 0xAA, 0xE0, 0xA5, 0x8D, 0xE0, 0xA4, 0xB2, 0xE0, 0xA5, 0x87,
        0xE0, 0xA4, 0xAF, 0xE0, 0xA4, 0xB0, 0xE0, 0xA4, 0x95, 0xE0, 0xA5, 0x87, 0xE0, 0xA4, 0x82, 0xE0, 0xA4, 0xA6, 0xE0, 0xA5, 0x8D, 0xE0, 0xA4, 0xB0, 0xE0, 0xA4, 0xB8, 0xE0, 0xA5, 0x8D, 0xE0, 0xA4,
        0xA5, 0xE0, 0xA4, 0xBF, 0xE0, 0xA4, 0xA4, 0xE0, 0xA4, 0xBF, 0xE0, 0xA4, 0x89, 0xE0, 0xA4, 0xA4, 0xE0, 0xA5, 0x8D, 0xE0, 0xA4, 0xAA, 0xE0, 0xA4, 0xBE, 0xE0, 0xA4, 0xA6, 0xE0, 0xA4, 0x89, 0xE0,
        0xA4, 0xA8, 0xE0, 0xA5, 0x8D, 0xE0, 0xA4, 0xB9, 0xE0, 0xA5, 0x87, 0xE0, 0xA4, 0x82, 0xE0, 0xA4, 0x9A, 0xE0, 0xA4, 0xBF, 0xE0, 0xA4, 0x9F, 0xE0, 0xA5, 0x8D, 0xE0, 0xA4, 0xA0, 0xE0, 0xA4, 0xBE,
        0xE0, 0xA4, 0xAF, 0xE0, 0xA4, 0xBE, 0xE0, 0xA4, 0xA4, 0xE0, 0xA5, 0x8D, 0xE0, 0xA4, 0xB0, 0xE0, 0xA4, 0xBE, 0xE0, 0xA4, 0x9C, 0xE0, 0xA5, 0x8D, 0xE0, 0xA4, 0xAF, 0xE0, 0xA4, 0xBE, 0xE0, 0xA4,
        0xA6, 0xE0, 0xA4, 0xBE, 0xE0, 0xA4, 0xAA, 0xE0, 0xA5, 0x81, 0xE0, 0xA4, 0xB0, 0xE0, 0xA4, 0xBE, 0xE0, 0xA4, 0xA8, 0xE0, 0xA5, 0x87, 0xE0, 0xA4, 0x9C, 0xE0, 0xA5, 0x8B, 0xE0, 0xA4, 0xA1, 0xE0,
        0xA4, 0xBC, 0xE0, 0xA5, 0x87, 0xE0, 0xA4, 0x82, 0xE0, 0xA4, 0x85, 0xE0, 0xA4, 0xA8, 0xE0, 0xA5, 0x81, 0xE0, 0xA4, 0xB5, 0xE0, 0xA4, 0xBE, 0xE0, 0xA4, 0xA6, 0xE0, 0xA4, 0xB6, 0xE0, 0xA5, 0x8D,
        0xE0, 0xA4, 0xB0, 0xE0, 0xA5, 0x87, 0xE0, 0xA4, 0xA3, 0xE0, 0xA5, 0x80, 0xE0, 0xA4, 0xB6, 0xE0, 0xA4, 0xBF, 0xE0, 0xA4, 0x95, 0xE0, 0xA5, 0x8D, 0xE0, 0xA4, 0xB7, 0xE0, 0xA4, 0xBE, 0xE0, 0xA4,
        0xB8, 0xE0, 0xA4, 0xB0, 0xE0, 0xA4, 0x95, 0xE0, 0xA4, 0xBE, 0xE0, 0xA4, 0xB0, 0xE0, 0xA5, 0x80, 0xE0, 0xA4, 0xB8, 0xE0, 0xA4, 0x82, 0xE0, 0xA4, 0x97, 0xE0, 0xA5, 0x8D, 0xE0, 0xA4, 0xB0, 0xE0,
        0xA4, 0xB9, 0xE0, 0xA4, 0xAA, 0xE0, 0xA4, 0xB0, 0xE0, 0xA4, 0xBF, 0xE0, 0xA4, 0xA3, 0xE0, 0xA4, 0xBE, 0xE0, 0xA4, 0xAE, 0xE0, 0xA4, 0xAC, 0xE0, 0xA5, 0x8D, 0xE0, 0xA4, 0xB0, 0xE0, 0xA4, 0xBE,
        0xE0, 0xA4, 0x82, 0xE0, 0xA4, 0xA1, 0xE0, 0xA4, 0xAC, 0xE0, 0xA4, 0x9A, 0xE0, 0xA5, 0x8D, 0xE0, 0xA4, 0x9A, 0xE0, 0xA5, 0x8B, 0xE0, 0xA4, 0x82, 0xE0, 0xA4, 0x89, 0xE0, 0xA4, 0xAA, 0xE0, 0xA4,
        0xB2, 0xE0, 0xA4, 0xAC, 0xE0, 0xA5, 0x8D, 0xE0, 0xA4, 0xA7, 0xE0, 0xA4, 0xAE, 0xE0, 0xA4, 0x82, 0xE0, 0xA4, 0xA4, 0xE0, 0xA5, 0x8D, 0xE0, 0xA4, 0xB0, 0xE0, 0xA5, 0x80, 0xE0, 0xA4, 0xB8, 0xE0,
        0xA4, 0x82, 0xE0, 0xA4, 0xAA, 0xE0, 0xA4, 0xB0, 0xE0, 0xA5, 0x8D, 0xE0, 0xA4, 0x95, 0xE0, 0xA4, 0x89, 0xE0, 0xA4, 0xAE, 0xE0, 0xA5, 0x8D, 0xE0, 0xA4, 0xAE, 0xE0, 0xA5, 0x80, 0xE0, 0xA4, 0xA6,
        0xE0, 0xA4, 0xAE, 0xE0, 0xA4, 0xBE, 0xE0, 0xA4, 0xA7, 0xE0, 0xA5, 0x8D, 0xE0, 0xA4, 0xAF, 0xE0, 0xA4, 0xAE, 0xE0, 0xA4, 0xB8, 0xE0, 0xA4, 0xB9, 0xE0, 0xA4, 0xBE, 0xE0, 0xA4, 0xAF, 0xE0, 0xA4,
        0xA4, 0xE0, 0xA4, 0xBE, 0xE0, 0xA4, 0xB6, 0xE0, 0xA4, 0xAC, 0xE0, 0xA5, 0x8D, 0xE0, 0xA4, 0xA6, 0xE0, 0xA5, 0x8B, 0xE0, 0xA4, 0x82, 0xE0, 0xA4, 0xAE, 0xE0, 0xA5, 0x80, 0xE0, 0xA4, 0xA1, 0xE0,
        0xA4, 0xBF, 0xE0, 0xA4, 0xAF, 0xE0, 0xA4, 0xBE, 0xE0, 0xA4, 0x86, 0xE0, 0xA4, 0x88, 0xE0, 0xA4, 0xAA, 0xE0, 0xA5, 0x80, 0xE0, 0xA4, 0x8F, 0xE0, 0xA4, 0xB2, 0xE0, 0xA4, 0xAE, 0xE0, 0xA5, 0x8B,
        0xE0, 0xA4, 0xAC, 0xE0, 0xA4, 0xBE, 0xE0, 0xA4, 0x87, 0xE0, 0xA4, 0xB2, 0xE0, 0xA4, 0xB8, 0xE0, 0xA4, 0x82, 0xE0, 0xA4, 0x96, 0xE0, 0xA5, 0x8D, 0xE0, 0xA4, 0xAF, 0xE0, 0xA4, 0xBE, 0xE0, 0xA4,
        0x86, 0xE0, 0xA4, 0xAA, 0xE0, 0xA4, 0xB0, 0xE0, 0xA5, 0x87, 0xE0, 0xA4, 0xB6, 0xE0, 0xA4, 0xA8, 0xE0, 0xA4, 0x85, 0xE0, 0xA4, 0xA8, 0xE0, 0xA5, 0x81, 0xE0, 0xA4, 0xAC, 0xE0, 0xA4, 0x82, 0xE0,
        0xA4, 0xA7, 0xE0, 0xA4, 0xAC, 0xE0, 0xA4, 0xBE, 0xE0, 0xA4, 0x9C, 0xE0, 0xA4, 0xBC, 0xE0, 0xA4, 0xBE, 0xE0, 0xA4, 0xB0, 0xE0, 0xA4, 0xA8, 0xE0, 0xA4, 0xB5, 0xE0, 0xA5, 0x80, 0xE0, 0xA4, 0xA8,
        0xE0, 0xA4, 0xA4, 0xE0, 0xA4, 0xAE, 0xE0, 0xA4, 0xAA, 0xE0, 0xA5, 0x8D, 0xE0, 0xA4, 0xB0, 0xE0, 0xA4, 0xAE, 0xE0, 0xA5, 0x81, 0xE0, 0xA4, 0x96, 0xE0, 0xA4, 0xAA, 0xE0, 0xA5, 0x8D, 0xE0, 0xA4,
        0xB0, 0xE0, 0xA4, 0xB6, 0xE0, 0xA5, 0x8D, 0xE0, 0xA4, 0xA8, 0xE0, 0xA4, 0xAA, 0xE0, 0xA4, 0xB0, 0xE0, 0xA4, 0xBF, 0xE0, 0xA4, 0xB5, 0xE0, 0xA4, 0xBE, 0xE0, 0xA4, 0xB0, 0xE0, 0xA4, 0xA8, 0xE0,
        0xA5, 0x81, 0xE0, 0xA4, 0x95, 0xE0, 0xA4, 0xB8, 0xE0, 0xA4, 0xBE, 0xE0, 0xA4, 0xA8, 0xE0, 0xA4, 0xB8, 0xE0, 0xA4, 0xAE, 0xE0, 0xA4, 0xB0, 0xE0, 0xA5, 0x8D, 0xE0, 0xA4, 0xA5, 0xE0, 0xA4, 0xA8,
        0xE0, 0xA4, 0x86, 0xE0, 0xA4, 0xAF, 0xE0, 0xA5, 0x8B, 0xE0, 0xA4, 0x9C, 0xE0, 0xA4, 0xBF, 0xE0, 0xA4, 0xA4, 0xE0, 0xA4, 0xB8, 0xE0, 0xA5, 0x8B, 0xE0, 0xA4, 0xAE, 0xE0, 0xA4, 0xB5, 0xE0, 0xA4,
        0xBE, 0xE0, 0xA4, 0xB0, 0xD8, 0xA7, 0xD9, 0x84, 0xD9, 0x85, 0xD8, 0xB4, 0xD8, 0xA7, 0xD8, 0xB1, 0xD9, 0x83, 0xD8, 0xA7, 0xD8, 0xAA, 0xD8, 0xA7, 0xD9, 0x84, 0xD9, 0x85, 0xD9, 0x86, 0xD8, 0xAA,
        0xD8, 0xAF, 0xD9, 0x8A, 0xD8, 0xA7, 0xD8, 0xAA, 0xD8, 0xA7, 0xD9, 0x84, 0xD9, 0x83, 0xD9, 0x85, 0xD8, 0xA8, 0xD9, 0x8A, 0xD9, 0x88, 0xD8, 0xAA, 0xD8, 0xB1, 0xD8, 0xA7, 0xD9, 0x84, 0xD9, 0x85,
        0xD8, 0xB4, 0xD8, 0xA7, 0xD9, 0x87, 0xD8, 0xAF, 0xD8, 0xA7, 0xD8, 0xAA, 0xD8, 0xB9, 0xD8, 0xAF, 0xD8, 0xAF, 0xD8, 0xA7, 0xD9, 0x84, 0xD8, 0xB2, 0xD9, 0x88, 0xD8, 0xA7, 0xD8, 0xB1, 0xD8, 0xB9,
        0xD8, 0xAF, 0xD8, 0xAF, 0xD8, 0xA7, 0xD9, 0x84, 0xD8, 0xB1, 0xD8, 0xAF, 0xD9, 0x88, 0xD8, 0xAF, 0xD8, 0xA7, 0xD9, 0x84, 0xD8, 0xA5, 0xD8, 0xB3, 0xD9, 0x84, 0xD8, 0xA7, 0xD9, 0x85, 0xD9, 0x8A,
        0xD8, 0xA9, 0xD8, 0xA7, 0xD9, 0x84, 0xD9, 0x81, 0xD9, 0x88, 0xD8, 0xAA, 0xD9, 0x88, 0xD8, 0xB4, 0xD9, 0x88, 0xD8, 0xA8, 0xD8, 0xA7, 0xD9, 0x84, 0xD9, 0x85, 0xD8, 0xB3, 0xD8, 0xA7, 0xD8, 0xA8,
        0xD9, 0x82, 0xD8, 0xA7, 0xD8, 0xAA, 0xD8, 0xA7, 0xD9, 0x84, 0xD9, 0x85, 0xD8, 0xB9, 0xD9, 0x84, 0xD9, 0x88, 0xD9, 0x85, 0xD8, 0xA7, 0xD8, 0xAA, 0xD8, 0xA7, 0xD9, 0x84, 0xD9, 0x85, 0xD8, 0xB3,
        0xD9, 0x84, 0xD8, 0xB3, 0xD9, 0x84, 0xD8, 0xA7, 0xD8, 0xAA, 0xD8, 0xA7, 0xD9, 0x84, 0xD8, 0xAC, 0xD8, 0xB1, 0xD8, 0xA7, 0xD9, 0x81, 0xD9, 0x8A, 0xD9, 0x83, 0xD8, 0xB3, 0xD8, 0xA7, 0xD9, 0x84,
        0xD8, 0xA7, 0xD8, 0xB3, 0xD9, 0x84, 0xD8, 0xA7, 0xD9, 0x85, 0xD9, 0x8A, 0xD8, 0xA9, 0xD8, 0xA7, 0xD9, 0x84, 0xD8, 0xA7, 0xD8, 0xAA, 0xD8, 0xB5, 0xD8, 0xA7, 0xD9, 0x84, 0xD8, 0xA7, 0xD8, 0xAA,
        0x6B, 0x65, 0x79, 0x77, 0x6F, 0x72, 0x64, 0x73, 0x22, 0x20, 0x63, 0x6F, 0x6E, 0x74, 0x65, 0x6E, 0x74, 0x3D, 0x22, 0x77, 0x33, 0x2E, 0x6F, 0x72, 0x67, 0x2F, 0x31, 0x39, 0x39, 0x39, 0x2F, 0x78,
        0x68, 0x74, 0x6D, 0x6C, 0x22, 0x3E, 0x3C, 0x61, 0x20, 0x74, 0x61, 0x72, 0x67, 0x65, 0x74, 0x3D, 0x22, 0x5F, 0x62, 0x6C, 0x61, 0x6E, 0x6B, 0x22, 0x20, 0x74, 0x65, 0x78, 0x74, 0x2F, 0x68, 0x74,
        0x6D, 0x6C, 0x3B, 0x20, 0x63, 0x68, 0x61, 0x72, 0x73, 0x65, 0x74, 0x3D, 0x22, 0x20, 0x74, 0x61, 0x72, 0x67, 0x65, 0x74, 0x3D, 0x22, 0x5F, 0x62, 0x6C, 0x61, 0x6E, 0x6B, 0x22, 0x3E, 0x3C, 0x74,
        0x61, 0x62, 0x6C, 0x65, 0x20, 0x63, 0x65, 0x6C, 0x6C, 0x70, 0x61, 0x64, 0x64, 0x69, 0x6E, 0x67, 0x3D, 0x22, 0x61, 0x75, 0x74, 0x6F, 0x63, 0x6F, 0x6D, 0x70, 0x6C, 0x65, 0x74, 0x65, 0x3D, 0x22,
        0x6F, 0x66, 0x66, 0x22, 0x20, 0x74, 0x65, 0x78, 0x74, 0x2D, 0x61, 0x6C, 0x69, 0x67, 0x6E, 0x3A, 0x20, 0x63, 0x65, 0x6E, 0x74, 0x65, 0x72, 0x3B, 0x74, 0x6F, 0x20, 0x6C, 0x61, 0x73, 0x74, 0x20,
        0x76, 0x65, 0x72, 0x73, 0x69, 0x6F, 0x6E, 0x20, 0x62, 0x79, 0x20, 0x62, 0x61, 0x63, 0x6B, 0x67, 0x72, 0x6F, 0x75, 0x6E, 0x64, 0x2D, 0x63, 0x6F, 0x6C, 0x6F, 0x72, 0x3A, 0x20, 0x23, 0x22, 0x20,
        0x68, 0x72, 0x65, 0x66, 0x3D, 0x22, 0x68, 0x74, 0x74, 0x70, 0x3A, 0x2F, 0x2F, 0x77, 0x77, 0x77, 0x2E, 0x2F, 0x64, 0x69, 0x76, 0x3E, 0x3C, 0x2F, 0x64, 0x69, 0x76, 0x3E, 0x3C, 0x64, 0x69, 0x76,
        0x20, 0x69, 0x64, 0x3D, 0x3C, 0x61, 0x20, 0x68, 0x72, 0x65, 0x66, 0x3D, 0x22, 0x23, 0x22, 0x20, 0x63, 0x6C, 0x61, 0x73, 0x73, 0x3D, 0x22, 0x22, 0x3E, 0x3C, 0x69, 0x6D, 0x67, 0x20, 0x73, 0x72,
        0x63, 0x3D, 0x22, 0x68, 0x74, 0x74, 0x70, 0x3A, 0x2F, 0x2F, 0x63, 0x72, 0x69, 0x70, 0x74, 0x22, 0x20, 0x73, 0x72, 0x63, 0x3D, 0x22, 0x68, 0x74, 0x74, 0x70, 0x3A, 0x2F, 0x2F, 0x0A, 0x3C, 0x73,
        0x63, 0x72, 0x69, 0x70, 0x74, 0x20, 0x6C, 0x61, 0x6E, 0x67, 0x75, 0x61, 0x67, 0x65, 0x3D, 0x22, 0x2F, 0x2F, 0x45, 0x4E, 0x22, 0x20, 0x22, 0x68, 0x74, 0x74, 0x70, 0x3A, 0x2F, 0x2F, 0x77, 0x77,
        0x77, 0x2E, 0x77, 0x65, 0x6E, 0x63, 0x6F, 0x64, 0x65, 0x55, 0x52, 0x49, 0x43, 0x6F, 0x6D, 0x70, 0x6F, 0x6E, 0x65, 0x6E, 0x74, 0x28, 0x22, 0x20, 0x68, 0x72, 0x65, 0x66, 0x3D, 0x22, 0x6A, 0x61,
        0x76, 0x61, 0x73, 0x63, 0x72, 0x69, 0x70, 0x74, 0x3A, 0x3C, 0x64, 0x69, 0x76, 0x20, 0x63, 0x6C, 0x61, 0x73, 0x73, 0x3D, 0x22, 0x63, 0x6F, 0x6E, 0x74, 0x65, 0x6E, 0x74, 0x64, 0x6F, 0x63, 0x75,
        0x6D, 0x65, 0x6E, 0x74, 0x2E, 0x77, 0x72, 0x69, 0x74, 0x65, 0x28, 0x27, 0x3C, 0x73, 0x63, 0x70, 0x6F, 0x73, 0x69, 0x74, 0x69, 0x6F, 0x6E, 0x3A, 0x20, 0x61, 0x62, 0x73, 0x6F, 0x6C, 0x75, 0x74,
        0x65, 0x3B, 0x73, 0x63, 0x72, 0x69, 0x70, 0x74, 0x20, 0x73, 0x72, 0x63, 0x3D, 0x22, 0x68, 0x74, 0x74, 0x70, 0x3A, 0x2F, 0x2F, 0x20, 0x73, 0x74, 0x79, 0x6C, 0x65, 0x3D, 0x22, 0x6D, 0x61, 0x72,
        0x67, 0x69, 0x6E, 0x2D, 0x74, 0x6F, 0x70, 0x3A, 0x2E, 0x6D, 0x69, 0x6E, 0x2E, 0x6A, 0x73, 0x22, 0x3E, 0x3C, 0x2F, 0x73, 0x63, 0x72, 0x69, 0x70, 0x74, 0x3E, 0x0A, 0x3C, 0x2F, 0x64, 0x69, 0x76,
        0x3E, 0x0A, 0x3C, 0x64, 0x69, 0x76, 0x20, 0x63, 0x6C, 0x61, 0x73, 0x73, 0x3D, 0x22, 0x77, 0x33, 0x2E, 0x6F, 0x72, 0x67, 0x2F, 0x31, 0x39, 0x39, 0x39, 0x2F, 0x78, 0x68, 0x74, 0x6D, 0x6C, 0x22,
        0x20, 0x0A, 0x0D, 0x0A, 0x3C, 0x2F, 0x62, 0x6F, 0x64, 0x79, 0x3E, 0x0D, 0x0A, 0x3C, 0x2F, 0x68, 0x74, 0x6D, 0x6C, 0x3E, 0x64, 0x69, 0x73, 0x74, 0x69, 0x6E, 0x63, 0x74, 0x69, 0x6F, 0x6E, 0x20,
        0x62, 0x65, 0x74, 0x77, 0x65, 0x65, 0x6E, 0x2F, 0x22, 0x20, 0x74, 0x61, 0x72, 0x67, 0x65, 0x74, 0x3D, 0x22, 0x5F, 0x62, 0x6C, 0x61, 0x6E, 0x6B, 0x22, 0x3E, 0x3C, 0x6C, 0x69, 0x6E, 0x6B, 0x20,
        0x68, 0x72, 0x65, 0x66, 0x3D, 0x22, 0x68, 0x74, 0x74, 0x70, 0x3A, 0x2F, 0x2F, 0x65, 0x6E, 0x63, 0x6F, 0x64, 0x69, 0x6E, 0x67, 0x3D, 0x22, 0x75, 0x74, 0x66, 0x2D, 0x38, 0x22, 0x3F, 0x3E, 0x0A,
        0x77, 0x2E, 0x61, 0x64, 0x64, 0x45, 0x76, 0x65, 0x6E, 0x74, 0x4C, 0x69, 0x73, 0x74, 0x65, 0x6E, 0x65, 0x72, 0x3F, 0x61, 0x63, 0x74, 0x69, 0x6F, 0x6E, 0x3D, 0x22, 0x68, 0x74, 0x74, 0x70, 0x3A,
        0x2F, 0x2F, 0x77, 0x77, 0x77, 0x2E, 0x69, 0x63, 0x6F, 0x6E, 0x22, 0x20, 0x68, 0x72, 0x65, 0x66, 0x3D, 0x22, 0x68, 0x74, 0x74, 0x70, 0x3A, 0x2F, 0x2F, 0x20, 0x73, 0x74, 0x79, 0x6C, 0x65, 0x3D,
        0x22, 0x62, 0x61, 0x63, 0x6B, 0x67, 0x72, 0x6F, 0x75, 0x6E, 0x64, 0x3A, 0x74, 0x79, 0x70, 0x65, 0x3D, 0x22, 0x74, 0x65, 0x78, 0x74, 0x2F, 0x63, 0x73, 0x73, 0x22, 0x20, 0x2F, 0x3E, 0x0A, 0x6D,
        0x65, 0x74, 0x61, 0x20, 0x70, 0x72, 0x6F, 0x70, 0x65, 0x72, 0x74, 0x79, 0x3D, 0x22, 0x6F, 0x67, 0x3A, 0x74, 0x3C, 0x69, 0x6E, 0x70, 0x75, 0x74, 0x20, 0x74, 0x79, 0x70, 0x65, 0x3D, 0x22, 0x74,
        0x65, 0x78, 0x74, 0x22, 0x20, 0x20, 0x73, 0x74, 0x79, 0x6C, 0x65, 0x3D, 0x22, 0x74, 0x65, 0x78, 0x74, 0x2D, 0x61, 0x6C, 0x69, 0x67, 0x6E, 0x3A, 0x74, 0x68, 0x65, 0x20, 0x64, 0x65, 0x76, 0x65,
        0x6C, 0x6F, 0x70, 0x6D, 0x65, 0x6E, 0x74, 0x20, 0x6F, 0x66, 0x20, 0x74, 0x79, 0x6C, 0x65, 0x73, 0x68, 0x65, 0x65, 0x74, 0x22, 0x20, 0x74, 0x79, 0x70, 0x65, 0x3D, 0x22, 0x74, 0x65, 0x68, 0x74,
        0x6D, 0x6C, 0x3B, 0x20, 0x63, 0x68, 0x61, 0x72, 0x73, 0x65, 0x74, 0x3D, 0x75, 0x74, 0x66, 0x2D, 0x38, 0x69, 0x73, 0x20, 0x63, 0x6F, 0x6E, 0x73, 0x69, 0x64, 0x65, 0x72, 0x65, 0x64, 0x20, 0x74,
        0x6F, 0x20, 0x62, 0x65, 0x74, 0x61, 0x62, 0x6C, 0x65, 0x20, 0x77, 0x69, 0x64, 0x74, 0x68, 0x3D, 0x22, 0x31, 0x30, 0x30, 0x25, 0x22, 0x20, 0x49, 0x6E, 0x20, 0x61, 0x64, 0x64, 0x69, 0x74, 0x69,
        0x6F, 0x6E, 0x20, 0x74, 0x6F, 0x20, 0x74, 0x68, 0x65, 0x20, 0x63, 0x6F, 0x6E, 0x74, 0x72, 0x69, 0x62, 0x75, 0x74, 0x65, 0x64, 0x20, 0x74, 0x6F, 0x20, 0x74, 0x68, 0x65, 0x20, 0x64, 0x69, 0x66,
        0x66, 0x65, 0x72, 0x65, 0x6E, 0x63, 0x65, 0x73, 0x20, 0x62, 0x65, 0x74, 0x77, 0x65, 0x65, 0x6E, 0x64, 0x65, 0x76, 0x65, 0x6C, 0x6F, 0x70, 0x6D, 0x65, 0x6E, 0x74, 0x20, 0x6F, 0x66, 0x20, 0x74,
        0x68, 0x65, 0x20, 0x49, 0x74, 0x20, 0x69, 0x73, 0x20, 0x69, 0x6D, 0x70, 0x6F, 0x72, 0x74, 0x61, 0x6E, 0x74, 0x20, 0x74, 0x6F, 0x20, 0x3C, 0x2F, 0x73, 0x63, 0x72, 0x69, 0x70, 0x74, 0x3E, 0x0A,
        0x0A, 0x3C, 0x73, 0x63, 0x72, 0x69, 0x70, 0x74, 0x20, 0x20, 0x73, 0x74, 0x79, 0x6C, 0x65, 0x3D, 0x22, 0x66, 0x6F, 0x6E, 0x74, 0x2D, 0x73, 0x69, 0x7A, 0x65, 0x3A, 0x31, 0x3E, 0x3C, 0x2F, 0x73,
        0x70, 0x61, 0x6E, 0x3E, 0x3C, 0x73, 0x70, 0x61, 0x6E, 0x20, 0x69, 0x64, 0x3D, 0x67, 0x62, 0x4C, 0x69, 0x62, 0x72, 0x61, 0x72, 0x79, 0x20, 0x6F, 0x66, 0x20, 0x43, 0x6F, 0x6E, 0x67, 0x72, 0x65,
        0x73, 0x73, 0x3C, 0x69, 0x6D, 0x67, 0x20, 0x73, 0x72, 0x63, 0x3D, 0x22, 0x68, 0x74, 0x74, 0x70, 0x3A, 0x2F, 0x2F, 0x69, 0x6D, 0x45, 0x6E, 0x67, 0x6C, 0x69, 0x73, 0x68, 0x20, 0x74, 0x72, 0x61,
        0x6E, 0x73, 0x6C, 0x61, 0x74, 0x69, 0x6F, 0x6E, 0x41, 0x63, 0x61, 0x64, 0x65, 0x6D, 0x79, 0x20, 0x6F, 0x66, 0x20, 0x53, 0x63, 0x69, 0x65, 0x6E, 0x63, 0x65, 0x73, 0x64, 0x69, 0x76, 0x20, 0x73,
        0x74, 0x79, 0x6C, 0x65, 0x3D, 0x22, 0x64, 0x69, 0x73, 0x70, 0x6C, 0x61, 0x79, 0x3A, 0x63, 0x6F, 0x6E, 0x73, 0x74, 0x72, 0x75, 0x63, 0x74, 0x69, 0x6F, 0x6E, 0x20, 0x6F, 0x66, 0x20, 0x74, 0x68,
        0x65, 0x2E, 0x67, 0x65, 0x74, 0x45, 0x6C, 0x65, 0x6D, 0x65, 0x6E, 0x74, 0x42, 0x79, 0x49, 0x64, 0x28, 0x69, 0x64, 0x29, 0x69, 0x6E, 0x20, 0x63, 0x6F, 0x6E, 0x6A, 0x75, 0x6E, 0x63, 0x74, 0x69,
        0x6F, 0x6E, 0x20, 0x77, 0x69, 0x74, 0x68, 0x45, 0x6C, 0x65, 0x6D, 0x65, 0x6E, 0x74, 0x28, 0x27, 0x73, 0x63, 0x72, 0x69, 0x70, 0x74, 0x27, 0x29, 0x3B, 0x20, 0x3C, 0x6D, 0x65, 0x74, 0x61, 0x20,
        0x70, 0x72, 0x6F, 0x70, 0x65, 0x72, 0x74, 0x79, 0x3D, 0x22, 0x6F, 0x67, 0x3A, 0xD0, 0x91, 0xD1, 0x8A, 0xD0, 0xBB, 0xD0, 0xB3, 0xD0, 0xB0, 0xD1, 0x80, 0xD1, 0x81, 0xD0, 0xBA, 0xD0, 0xB8, 0x0A,
        0x20, 0x74, 0x79, 0x70, 0x65, 0x3D, 0x22, 0x74, 0x65, 0x78, 0x74, 0x22, 0x20, 0x6E, 0x61, 0x6D, 0x65, 0x3D, 0x22, 0x3E, 0x50, 0x72, 0x69, 0x76, 0x61, 0x63, 0x79, 0x20, 0x50, 0x6F, 0x6C, 0x69,
        0x63, 0x79, 0x3C, 0x2F, 0x61, 0x3E, 0x61, 0x64, 0x6D, 0x69, 0x6E, 0x69, 0x73, 0x74, 0x65, 0x72, 0x65, 0x64, 0x20, 0x62, 0x79, 0x20, 0x74, 0x68, 0x65, 0x65, 0x6E, 0x61, 0x62, 0x6C, 0x65, 0x53,
        0x69, 0x6E, 0x67, 0x6C, 0x65, 0x52, 0x65, 0x71, 0x75, 0x65, 0x73, 0x74, 0x73, 0x74, 0x79, 0x6C, 0x65, 0x3D, 0x26, 0x71, 0x75, 0x6F, 0x74, 0x3B, 0x6D, 0x61, 0x72, 0x67, 0x69, 0x6E, 0x3A, 0x3C,
        0x2F, 0x64, 0x69, 0x76, 0x3E, 0x3C, 0x2F, 0x64, 0x69, 0x76, 0x3E, 0x3C, 0x2F, 0x64, 0x69, 0x76, 0x3E, 0x3C, 0x3E, 0x3C, 0x69, 0x6D, 0x67, 0x20, 0x73, 0x72, 0x63, 0x3D, 0x22, 0x68, 0x74, 0x74,
        0x70, 0x3A, 0x2F, 0x2F, 0x69, 0x20, 0x73, 0x74, 0x79, 0x6C, 0x65, 0x3D, 0x26, 0x71, 0x75, 0x6F, 0x74, 0x3B, 0x66, 0x6C, 0x6F, 0x61, 0x74, 0x3A, 0x72, 0x65, 0x66, 0x65, 0x72, 0x72, 0x65, 0x64,
        0x20, 0x74, 0x6F, 0x20, 0x61, 0x73, 0x20, 0x74, 0x68, 0x65, 0x20, 0x74, 0x6F, 0x74, 0x61, 0x6C, 0x20, 0x70, 0x6F, 0x70, 0x75, 0x6C, 0x61, 0x74, 0x69, 0x6F, 0x6E, 0x20, 0x6F, 0x66, 0x69, 0x6E,
        0x20, 0x57, 0x61, 0x73, 0x68, 0x69, 0x6E, 0x67, 0x74, 0x6F, 0x6E, 0x2C, 0x20, 0x44, 0x2E, 0x43, 0x2E, 0x20, 0x73, 0x74, 0x79, 0x6C, 0x65, 0x3D, 0x22, 0x62, 0x61, 0x63, 0x6B, 0x67, 0x72, 0x6F,
        0x75, 0x6E, 0x64, 0x2D, 0x61, 0x6D, 0x6F, 0x6E, 0x67, 0x20, 0x6F, 0x74, 0x68, 0x65, 0x72, 0x20, 0x74, 0x68, 0x69, 0x6E, 0x67, 0x73, 0x2C, 0x6F, 0x72, 0x67, 0x61, 0x6E, 0x69, 0x7A, 0x61, 0x74,
        0x69, 0x6F, 0x6E, 0x20, 0x6F, 0x66, 0x20, 0x74, 0x68, 0x65, 0x70, 0x61, 0x72, 0x74, 0x69, 0x63, 0x69, 0x70, 0x61, 0x74, 0x65, 0x64, 0x20, 0x69, 0x6E, 0x20, 0x74, 0x68, 0x65, 0x74, 0x68, 0x65,
        0x20, 0x69, 0x6E, 0x74, 0x72, 0x6F, 0x64, 0x75, 0x63, 0x74, 0x69, 0x6F, 0x6E, 0x20, 0x6F, 0x66, 0x69, 0x64, 0x65, 0x6E, 0x74, 0x69, 0x66, 0x69, 0x65, 0x64, 0x20, 0x77, 0x69, 0x74, 0x68, 0x20,
        0x74, 0x68, 0x65, 0x66, 0x69, 0x63, 0x74, 0x69, 0x6F, 0x6E, 0x61, 0x6C, 0x20, 0x63, 0x68, 0x61, 0x72, 0x61, 0x63, 0x74, 0x65, 0x72, 0x20, 0x4F, 0x78, 0x66, 0x6F, 0x72, 0x64, 0x20, 0x55, 0x6E,
        0x69, 0x76, 0x65, 0x72, 0x73, 0x69, 0x74, 0x79, 0x20, 0x6D, 0x69, 0x73, 0x75, 0x6E, 0x64, 0x65, 0x72, 0x73, 0x74, 0x61, 0x6E, 0x64, 0x69, 0x6E, 0x67, 0x20, 0x6F, 0x66, 0x54, 0x68, 0x65, 0x72,
        0x65, 0x20, 0x61, 0x72, 0x65, 0x2C, 0x20, 0x68, 0x6F, 0x77, 0x65, 0x76, 0x65, 0x72, 0x2C, 0x73, 0x74, 0x79, 0x6C, 0x65, 0x73, 0x68, 0x65, 0x65, 0x74, 0x22, 0x20, 0x68, 0x72, 0x65, 0x66, 0x3D,
        0x22, 0x2F, 0x43, 0x6F, 0x6C, 0x75, 0x6D, 0x62, 0x69, 0x61, 0x20, 0x55, 0x6E, 0x69, 0x76, 0x65, 0x72, 0x73, 0x69, 0x74, 0x79, 0x65, 0x78, 0x70, 0x61, 0x6E, 0x64, 0x65, 0x64, 0x20, 0x74, 0x6F,
        0x20, 0x69, 0x6E, 0x63, 0x6C, 0x75, 0x64, 0x65, 0x75, 0x73, 0x75, 0x61, 0x6C, 0x6C, 0x79, 0x20, 0x72, 0x65, 0x66, 0x65, 0x72, 0x72, 0x65, 0x64, 0x20, 0x74, 0x6F, 0x69, 0x6E, 0x64, 0x69, 0x63,
        0x61, 0x74, 0x69, 0x6E, 0x67, 0x20, 0x74, 0x68, 0x61, 0x74, 0x20, 0x74, 0x68, 0x65, 0x68, 0x61, 0x76, 0x65, 0x20, 0x73, 0x75, 0x67, 0x67, 0x65, 0x73, 0x74, 0x65, 0x64, 0x20, 0x74, 0x68, 0x61,
        0x74, 0x61, 0x66, 0x66, 0x69, 0x6C, 0x69, 0x61, 0x74, 0x65, 0x64, 0x20, 0x77, 0x69, 0x74, 0x68, 0x20, 0x74, 0x68, 0x65, 0x63, 0x6F, 0x72, 0x72, 0x65, 0x6C, 0x61, 0x74, 0x69, 0x6F, 0x6E, 0x20,
        0x62, 0x65, 0x74, 0x77, 0x65, 0x65, 0x6E, 0x6E, 0x75, 0x6D, 0x62, 0x65, 0x72, 0x20, 0x6F, 0x66, 0x20, 0x64, 0x69, 0x66, 0x66, 0x65, 0x72, 0x65, 0x6E, 0x74, 0x3E, 0x3C, 0x2F, 0x74, 0x64, 0x3E,
        0x3C, 0x2F, 0x74, 0x72, 0x3E, 0x3C, 0x2F, 0x74, 0x61, 0x62, 0x6C, 0x65, 0x3E, 0x52, 0x65, 0x70, 0x75, 0x62, 0x6C, 0x69, 0x63, 0x20, 0x6F, 0x66, 0x20, 0x49, 0x72, 0x65, 0x6C, 0x61, 0x6E, 0x64,
        0x0A, 0x3C, 0x2F, 0x73, 0x63, 0x72, 0x69, 0x70, 0x74, 0x3E, 0x0A, 0x3C, 0x73, 0x63, 0x72, 0x69, 0x70, 0x74, 0x20, 0x75, 0x6E, 0x64, 0x65, 0x72, 0x20, 0x74, 0x68, 0x65, 0x20, 0x69, 0x6E, 0x66,
        0x6C, 0x75, 0x65, 0x6E, 0x63, 0x65, 0x63, 0x6F, 0x6E, 0x74, 0x72, 0x69, 0x62, 0x75, 0x74, 0x69, 0x6F, 0x6E, 0x20, 0x74, 0x6F, 0x20, 0x74, 0x68, 0x65, 0x4F, 0x66, 0x66, 0x69, 0x63, 0x69, 0x61,
        0x6C, 0x20, 0x77, 0x65, 0x62, 0x73, 0x69, 0x74, 0x65, 0x20, 0x6F, 0x66, 0x68, 0x65, 0x61, 0x64, 0x71, 0x75, 0x61, 0x72, 0x74, 0x65, 0x72, 0x73, 0x20, 0x6F, 0x66, 0x20, 0x74, 0x68, 0x65, 0x63,
        0x65, 0x6E, 0x74, 0x65, 0x72, 0x65, 0x64, 0x20, 0x61, 0x72, 0x6F, 0x75, 0x6E, 0x64, 0x20, 0x74, 0x68, 0x65, 0x69, 0x6D, 0x70, 0x6C, 0x69, 0x63, 0x61, 0x74, 0x69, 0x6F, 0x6E, 0x73, 0x20, 0x6F,
        0x66, 0x20, 0x74, 0x68, 0x65, 0x68, 0x61, 0x76, 0x65, 0x20, 0x62, 0x65, 0x65, 0x6E, 0x20, 0x64, 0x65, 0x76, 0x65, 0x6C, 0x6F, 0x70, 0x65, 0x64, 0x46, 0x65, 0x64, 0x65, 0x72, 0x61, 0x6C, 0x20,
        0x52, 0x65, 0x70, 0x75, 0x62, 0x6C, 0x69, 0x63, 0x20, 0x6F, 0x66, 0x62, 0x65, 0x63, 0x61, 0x6D, 0x65, 0x20, 0x69, 0x6E, 0x63, 0x72, 0x65, 0x61, 0x73, 0x69, 0x6E, 0x67, 0x6C, 0x79, 0x63, 0x6F,
        0x6E, 0x74, 0x69, 0x6E, 0x75, 0x61, 0x74, 0x69, 0x6F, 0x6E, 0x20, 0x6F, 0x66, 0x20, 0x74, 0x68, 0x65, 0x4E, 0x6F, 0x74, 0x65, 0x2C, 0x20, 0x68, 0x6F, 0x77, 0x65, 0x76, 0x65, 0x72, 0x2C, 0x20,
        0x74, 0x68, 0x61, 0x74, 0x73, 0x69, 0x6D, 0x69, 0x6C, 0x61, 0x72, 0x20, 0x74, 0x6F, 0x20, 0x74, 0x68, 0x61, 0x74, 0x20, 0x6F, 0x66, 0x20, 0x63, 0x61, 0x70, 0x61, 0x62, 0x69, 0x6C, 0x69, 0x74,
        0x69, 0x65, 0x73, 0x20, 0x6F, 0x66, 0x20, 0x74, 0x68, 0x65, 0x61, 0x63, 0x63, 0x6F, 0x72, 0x64, 0x61, 0x6E, 0x63, 0x65, 0x20, 0x77, 0x69, 0x74, 0x68, 0x20, 0x74, 0x68, 0x65, 0x70, 0x61, 0x72,
        0x74, 0x69, 0x63, 0x69, 0x70, 0x61, 0x6E, 0x74, 0x73, 0x20, 0x69, 0x6E, 0x20, 0x74, 0x68, 0x65, 0x66, 0x75, 0x72, 0x74, 0x68, 0x65, 0x72, 0x20, 0x64, 0x65, 0x76, 0x65, 0x6C, 0x6F, 0x70, 0x6D,
        0x65, 0x6E, 0x74, 0x75, 0x6E, 0x64, 0x65, 0x72, 0x20, 0x74, 0x68, 0x65, 0x20, 0x64, 0x69, 0x72, 0x65, 0x63, 0x74, 0x69, 0x6F, 0x6E, 0x69, 0x73, 0x20, 0x6F, 0x66, 0x74, 0x65, 0x6E, 0x20, 0x63,
        0x6F, 0x6E, 0x73, 0x69, 0x64, 0x65, 0x72, 0x65, 0x64, 0x68, 0x69, 0x73, 0x20, 0x79, 0x6F, 0x75, 0x6E, 0x67, 0x65, 0x72, 0x20, 0x62, 0x72, 0x6F, 0x74, 0x68, 0x65, 0x72, 0x3C, 0x2F, 0x74, 0x64,
        0x3E, 0x3C, 0x2F, 0x74, 0x72, 0x3E, 0x3C, 0x2F, 0x74, 0x61, 0x62, 0x6C, 0x65, 0x3E, 0x3C, 0x61, 0x20, 0x68, 0x74, 0x74, 0x70, 0x2D, 0x65, 0x71, 0x75, 0x69, 0x76, 0x3D, 0x22, 0x58, 0x2D, 0x55,
        0x41, 0x2D, 0x70, 0x68, 0x79, 0x73, 0x69, 0x63, 0x61, 0x6C, 0x20, 0x70, 0x72, 0x6F, 0x70, 0x65, 0x72, 0x74, 0x69, 0x65, 0x73, 0x6F, 0x66, 0x20, 0x42, 0x72, 0x69, 0x74, 0x69, 0x73, 0x68, 0x20,
        0x43, 0x6F, 0x6C, 0x75, 0x6D, 0x62, 0x69, 0x61, 0x68, 0x61, 0x73, 0x20, 0x62, 0x65, 0x65, 0x6E, 0x20, 0x63, 0x72, 0x69, 0x74, 0x69, 0x63, 0x69, 0x7A, 0x65, 0x64, 0x28, 0x77, 0x69, 0x74, 0x68,
        0x20, 0x74, 0x68, 0x65, 0x20, 0x65, 0x78, 0x63, 0x65, 0x70, 0x74, 0x69, 0x6F, 0x6E, 0x71, 0x75, 0x65, 0x73, 0x74, 0x69, 0x6F, 0x6E, 0x73, 0x20, 0x61, 0x62, 0x6F, 0x75, 0x74, 0x20, 0x74, 0x68,
        0x65, 0x70, 0x61, 0x73, 0x73, 0x69, 0x6E, 0x67, 0x20, 0x74, 0x68, 0x72, 0x6F, 0x75, 0x67, 0x68, 0x20, 0x74, 0x68, 0x65, 0x30, 0x22, 0x20, 0x63, 0x65, 0x6C, 0x6C, 0x70, 0x61, 0x64, 0x64, 0x69,
        0x6E, 0x67, 0x3D, 0x22, 0x30, 0x22, 0x20, 0x74, 0x68, 0x6F, 0x75, 0x73, 0x61, 0x6E, 0x64, 0x73, 0x20, 0x6F, 0x66, 0x20, 0x70, 0x65, 0x6F, 0x70, 0x6C, 0x65, 0x72, 0x65, 0x64, 0x69, 0x72, 0x65,
        0x63, 0x74, 0x73, 0x20, 0x68, 0x65, 0x72, 0x65, 0x2E, 0x20, 0x46, 0x6F, 0x72, 0x68, 0x61, 0x76, 0x65, 0x20, 0x63, 0x68, 0x69, 0x6C, 0x64, 0x72, 0x65, 0x6E, 0x20, 0x75, 0x6E, 0x64, 0x65, 0x72,
        0x25, 0x33, 0x45, 0x25, 0x33, 0x43, 0x2F, 0x73, 0x63, 0x72, 0x69, 0x70, 0x74, 0x25, 0x33, 0x45, 0x22, 0x29, 0x29, 0x3B, 0x3C, 0x61, 0x20, 0x68, 0x72, 0x65, 0x66, 0x3D, 0x22, 0x68, 0x74, 0x74,
        0x70, 0x3A, 0x2F, 0x2F, 0x77, 0x77, 0x77, 0x2E, 0x3C, 0x6C, 0x69, 0x3E, 0x3C, 0x61, 0x20, 0x68, 0x72, 0x65, 0x66, 0x3D, 0x22, 0x68, 0x74, 0x74, 0x70, 0x3A, 0x2F, 0x2F, 0x73, 0x69, 0x74, 0x65,
        0x5F, 0x6E, 0x61, 0x6D, 0x65, 0x22, 0x20, 0x63, 0x6F, 0x6E, 0x74, 0x65, 0x6E, 0x74, 0x3D, 0x22, 0x74, 0x65, 0x78, 0x74, 0x2D, 0x64, 0x65, 0x63, 0x6F, 0x72, 0x61, 0x74, 0x69, 0x6F, 0x6E, 0x3A,
        0x6E, 0x6F, 0x6E, 0x65, 0x73, 0x74, 0x79, 0x6C, 0x65, 0x3D, 0x22, 0x64, 0x69, 0x73, 0x70, 0x6C, 0x61, 0x79, 0x3A, 0x20, 0x6E, 0x6F, 0x6E, 0x65, 0x3C, 0x6D, 0x65, 0x74, 0x61, 0x20, 0x68, 0x74,
        0x74, 0x70, 0x2D, 0x65, 0x71, 0x75, 0x69, 0x76, 0x3D, 0x22, 0x58, 0x2D, 0x6E, 0x65, 0x77, 0x20, 0x44, 0x61, 0x74, 0x65, 0x28, 0x29, 0x2E, 0x67, 0x65, 0x74, 0x54, 0x69, 0x6D, 0x65, 0x28, 0x29,
        0x20, 0x74, 0x79, 0x70, 0x65, 0x3D, 0x22, 0x69, 0x6D, 0x61, 0x67, 0x65, 0x2F, 0x78, 0x2D, 0x69, 0x63, 0x6F, 0x6E, 0x22, 0x3C, 0x2F, 0x73, 0x70, 0x61, 0x6E, 0x3E, 0x3C, 0x73, 0x70, 0x61, 0x6E,
        0x20, 0x63, 0x6C, 0x61, 0x73, 0x73, 0x3D, 0x22, 0x6C, 0x61, 0x6E, 0x67, 0x75, 0x61, 0x67, 0x65, 0x3D, 0x22, 0x6A, 0x61, 0x76, 0x61, 0x73, 0x63, 0x72, 0x69, 0x70, 0x74, 0x77, 0x69, 0x6E, 0x64,
        0x6F, 0x77, 0x2E, 0x6C, 0x6F, 0x63, 0x61, 0x74, 0x69, 0x6F, 0x6E, 0x2E, 0x68, 0x72, 0x65, 0x66, 0x3C, 0x61, 0x20, 0x68, 0x72, 0x65, 0x66, 0x3D, 0x22, 0x6A, 0x61, 0x76, 0x61, 0x73, 0x63, 0x72,
        0x69, 0x70, 0x74, 0x3A, 0x2D, 0x2D, 0x3E, 0x0D, 0x0A, 0x3C, 0x73, 0x63, 0x72, 0x69, 0x70, 0x74, 0x20, 0x74, 0x79, 0x70, 0x65, 0x3D, 0x22, 0x74, 0x3C, 0x61, 0x20, 0x68, 0x72, 0x65, 0x66, 0x3D,
        0x27, 0x68, 0x74, 0x74, 0x70, 0x3A, 0x2F, 0x2F, 0x77, 0x77, 0x77, 0x2E, 0x68, 0x6F, 0x72, 0x74, 0x63, 0x75, 0x74, 0x20, 0x69, 0x63, 0x6F, 0x6E, 0x22, 0x20, 0x68, 0x72, 0x65, 0x66, 0x3D, 0x22,
        0x3C, 0x2F, 0x64, 0x69, 0x76, 0x3E, 0x0D, 0x0A, 0x3C, 0x64, 0x69, 0x76, 0x20, 0x63, 0x6C, 0x61, 0x73, 0x73, 0x3D, 0x22, 0x3C, 0x73, 0x63, 0x72, 0x69, 0x70, 0x74, 0x20, 0x73, 0x72, 0x63, 0x3D,
        0x22, 0x68, 0x74, 0x74, 0x70, 0x3A, 0x2F, 0x2F, 0x22, 0x20, 0x72, 0x65, 0x6C, 0x3D, 0x22, 0x73, 0x74, 0x79, 0x6C, 0x65, 0x73, 0x68, 0x65, 0x65, 0x74, 0x22, 0x20, 0x74, 0x3C, 0x2F, 0x64, 0x69,
        0x76, 0x3E, 0x0A, 0x3C, 0x73, 0x63, 0x72, 0x69, 0x70, 0x74, 0x20, 0x74, 0x79, 0x70, 0x65, 0x3D, 0x2F, 0x61, 0x3E, 0x20, 0x3C, 0x61, 0x20, 0x68, 0x72, 0x65, 0x66, 0x3D, 0x22, 0x68, 0x74, 0x74,
        0x70, 0x3A, 0x2F, 0x2F, 0x20, 0x61, 0x6C, 0x6C, 0x6F, 0x77, 0x54, 0x72, 0x61, 0x6E, 0x73, 0x70, 0x61, 0x72, 0x65, 0x6E, 0x63, 0x79, 0x3D, 0x22, 0x58, 0x2D, 0x55, 0x41, 0x2D, 0x43, 0x6F, 0x6D,
        0x70, 0x61, 0x74, 0x69, 0x62, 0x6C, 0x65, 0x22, 0x20, 0x63, 0x6F, 0x6E, 0x72, 0x65, 0x6C, 0x61, 0x74, 0x69, 0x6F, 0x6E, 0x73, 0x68, 0x69, 0x70, 0x20, 0x62, 0x65, 0x74, 0x77, 0x65, 0x65, 0x6E,
        0x0A, 0x3C, 0x2F, 0x73, 0x63, 0x72, 0x69, 0x70, 0x74, 0x3E, 0x0D, 0x0A, 0x3C, 0x73, 0x63, 0x72, 0x69, 0x70, 0x74, 0x20, 0x3C, 0x2F, 0x61, 0x3E, 0x3C, 0x2F, 0x6C, 0x69, 0x3E, 0x3C, 0x2F, 0x75,
        0x6C, 0x3E, 0x3C, 0x2F, 0x64, 0x69, 0x76, 0x3E, 0x61, 0x73, 0x73, 0x6F, 0x63, 0x69, 0x61, 0x74, 0x65, 0x64, 0x20, 0x77, 0x69, 0x74, 0x68, 0x20, 0x74, 0x68, 0x65, 0x20, 0x70, 0x72, 0x6F, 0x67,
        0x72, 0x61, 0x6D, 0x6D, 0x69, 0x6E, 0x67, 0x20, 0x6C, 0x61, 0x6E, 0x67, 0x75, 0x61, 0x67, 0x65, 0x3C, 0x2F, 0x61, 0x3E, 0x3C, 0x61, 0x20, 0x68, 0x72, 0x65, 0x66, 0x3D, 0x22, 0x68, 0x74, 0x74,
        0x70, 0x3A, 0x2F, 0x2F, 0x3C, 0x2F, 0x61, 0x3E, 0x3C, 0x2F, 0x6C, 0x69, 0x3E, 0x3C, 0x6C, 0x69, 0x20, 0x63, 0x6C, 0x61, 0x73, 0x73, 0x3D, 0x22, 0x66, 0x6F, 0x72, 0x6D, 0x20, 0x61, 0x63, 0x74,
        0x69, 0x6F, 0x6E, 0x3D, 0x22, 0x68, 0x74, 0x74, 0x70, 0x3A, 0x2F, 0x2F, 0x3C, 0x64, 0x69, 0x76, 0x20, 0x73, 0x74, 0x79, 0x6C, 0x65, 0x3D, 0x22, 0x64, 0x69, 0x73, 0x70, 0x6C, 0x61, 0x79, 0x3A,
        0x74, 0x79, 0x70, 0x65, 0x3D, 0x22, 0x74, 0x65, 0x78, 0x74, 0x22, 0x20, 0x6E, 0x61, 0x6D, 0x65, 0x3D, 0x22, 0x71, 0x22, 0x3C, 0x74, 0x61, 0x62, 0x6C, 0x65, 0x20, 0x77, 0x69, 0x64, 0x74, 0x68,
        0x3D, 0x22, 0x31, 0x30, 0x30, 0x25, 0x22, 0x20, 0x62, 0x61, 0x63, 0x6B, 0x67, 0x72, 0x6F, 0x75, 0x6E, 0x64, 0x2D, 0x70, 0x6F, 0x73, 0x69, 0x74, 0x69, 0x6F, 0x6E, 0x3A, 0x22, 0x20, 0x62, 0x6F,
        0x72, 0x64, 0x65, 0x72, 0x3D, 0x22, 0x30, 0x22, 0x20, 0x77, 0x69, 0x64, 0x74, 0x68, 0x3D, 0x22, 0x72, 0x65, 0x6C, 0x3D, 0x22, 0x73, 0x68, 0x6F, 0x72, 0x74, 0x63, 0x75, 0x74, 0x20, 0x69, 0x63,
        0x6F, 0x6E, 0x22, 0x20, 0x68, 0x36, 0x3E, 0x3C, 0x75, 0x6C, 0x3E, 0x3C, 0x6C, 0x69, 0x3E, 0x3C, 0x61, 0x20, 0x68, 0x72, 0x65, 0x66, 0x3D, 0x22, 0x20, 0x20, 0x3C, 0x6D, 0x65, 0x74, 0x61, 0x20,
        0x68, 0x74, 0x74, 0x70, 0x2D, 0x65, 0x71, 0x75, 0x69, 0x76, 0x3D, 0x22, 0x63, 0x73, 0x73, 0x22, 0x20, 0x6D, 0x65, 0x64, 0x69, 0x61, 0x3D, 0x22, 0x73, 0x63, 0x72, 0x65, 0x65, 0x6E, 0x22, 0x20,
        0x72, 0x65, 0x73, 0x70, 0x6F, 0x6E, 0x73, 0x69, 0x62, 0x6C, 0x65, 0x20, 0x66, 0x6F, 0x72, 0x20, 0x74, 0x68, 0x65, 0x20, 0x22, 0x20, 0x74, 0x79, 0x70, 0x65, 0x3D, 0x22, 0x61, 0x70, 0x70, 0x6C,
        0x69, 0x63, 0x61, 0x74, 0x69, 0x6F, 0x6E, 0x2F, 0x22, 0x20, 0x73, 0x74, 0x79, 0x6C, 0x65, 0x3D, 0x22, 0x62, 0x61, 0x63, 0x6B, 0x67, 0x72, 0x6F, 0x75, 0x6E, 0x64, 0x2D, 0x68, 0x74, 0x6D, 0x6C,
        0x3B, 0x20, 0x63, 0x68, 0x61, 0x72, 0x73, 0x65, 0x74, 0x3D, 0x75, 0x74, 0x66, 0x2D, 0x38, 0x22, 0x20, 0x61, 0x6C, 0x6C, 0x6F, 0x77, 0x74, 0x72, 0x61, 0x6E, 0x73, 0x70, 0x61, 0x72, 0x65, 0x6E,
        0x63, 0x79, 0x3D, 0x22, 0x73, 0x74, 0x79, 0x6C, 0x65, 0x73, 0x68, 0x65, 0x65, 0x74, 0x22, 0x20, 0x74, 0x79, 0x70, 0x65, 0x3D, 0x22, 0x74, 0x65, 0x0D, 0x0A, 0x3C, 0x6D, 0x65, 0x74, 0x61, 0x20,
        0x68, 0x74, 0x74, 0x70, 0x2D, 0x65, 0x71, 0x75, 0x69, 0x76, 0x3D, 0x22, 0x3E, 0x3C, 0x2F, 0x73, 0x70, 0x61, 0x6E, 0x3E, 0x3C, 0x73, 0x70, 0x61, 0x6E, 0x20, 0x63, 0x6C, 0x61, 0x73, 0x73, 0x3D,
        0x22, 0x30, 0x22, 0x20, 0x63, 0x65, 0x6C, 0x6C, 0x73, 0x70, 0x61, 0x63, 0x69, 0x6E, 0x67, 0x3D, 0x22, 0x30, 0x22, 0x3E, 0x3B, 0x0A, 0x3C, 0x2F, 0x73, 0x63, 0x72, 0x69, 0x70, 0x74, 0x3E, 0x0A,
        0x3C, 0x73, 0x63, 0x72, 0x69, 0x70, 0x74, 0x20, 0x73, 0x6F, 0x6D, 0x65, 0x74, 0x69, 0x6D, 0x65, 0x73, 0x20, 0x63, 0x61, 0x6C, 0x6C, 0x65, 0x64, 0x20, 0x74, 0x68, 0x65, 0x64, 0x6F, 0x65, 0x73,
        0x20, 0x6E, 0x6F, 0x74, 0x20, 0x6E, 0x65, 0x63, 0x65, 0x73, 0x73, 0x61, 0x72, 0x69, 0x6C, 0x79, 0x46, 0x6F, 0x72, 0x20, 0x6D, 0x6F, 0x72, 0x65, 0x20, 0x69, 0x6E, 0x66, 0x6F, 0x72, 0x6D, 0x61,
        0x74, 0x69, 0x6F, 0x6E, 0x61, 0x74, 0x20, 0x74, 0x68, 0x65, 0x20, 0x62, 0x65, 0x67, 0x69, 0x6E, 0x6E, 0x69, 0x6E, 0x67, 0x20, 0x6F, 0x66, 0x20, 0x3C, 0x21, 0x44, 0x4F, 0x43, 0x54, 0x59, 0x50,
        0x45, 0x20, 0x68, 0x74, 0x6D, 0x6C, 0x3E, 0x3C, 0x68, 0x74, 0x6D, 0x6C, 0x70, 0x61, 0x72, 0x74, 0x69, 0x63, 0x75, 0x6C, 0x61, 0x72, 0x6C, 0x79, 0x20, 0x69, 0x6E, 0x20, 0x74, 0x68, 0x65, 0x20,
        0x74, 0x79, 0x70, 0x65, 0x3D, 0x22, 0x68, 0x69, 0x64, 0x64, 0x65, 0x6E, 0x22, 0x20, 0x6E, 0x61, 0x6D, 0x65, 0x3D, 0x22, 0x6A, 0x61, 0x76, 0x61, 0x73, 0x63, 0x72, 0x69, 0x70, 0x74, 0x3A, 0x76,
        0x6F, 0x69, 0x64, 0x28, 0x30, 0x29, 0x3B, 0x22, 0x65, 0x66, 0x66, 0x65, 0x63, 0x74, 0x69, 0x76, 0x65, 0x6E, 0x65, 0x73, 0x73, 0x20, 0x6F, 0x66, 0x20, 0x74, 0x68, 0x65, 0x20, 0x61, 0x75, 0x74,
        0x6F, 0x63, 0x6F, 0x6D, 0x70, 0x6C, 0x65, 0x74, 0x65, 0x3D, 0x22, 0x6F, 0x66, 0x66, 0x22, 0x20, 0x67, 0x65, 0x6E, 0x65, 0x72, 0x61, 0x6C, 0x6C, 0x79, 0x20, 0x63, 0x6F, 0x6E, 0x73, 0x69, 0x64,
        0x65, 0x72, 0x65, 0x64, 0x3E, 0x3C, 0x69, 0x6E, 0x70, 0x75, 0x74, 0x20, 0x74, 0x79, 0x70, 0x65, 0x3D, 0x22, 0x74, 0x65, 0x78, 0x74, 0x22, 0x20, 0x22, 0x3E, 0x3C, 0x2F, 0x73, 0x63, 0x72, 0x69,
        0x70, 0x74, 0x3E, 0x0D, 0x0A, 0x3C, 0x73, 0x63, 0x72, 0x69, 0x70, 0x74, 0x74, 0x68, 0x72, 0x6F, 0x75, 0x67, 0x68, 0x6F, 0x75, 0x74, 0x20, 0x74, 0x68, 0x65, 0x20, 0x77, 0x6F, 0x72, 0x6C, 0x64,
        0x63, 0x6F, 0x6D, 0x6D, 0x6F, 0x6E, 0x20, 0x6D, 0x69, 0x73, 0x63, 0x6F, 0x6E, 0x63, 0x65, 0x70, 0x74, 0x69, 0x6F, 0x6E, 0x61, 0x73, 0x73, 0x6F, 0x63, 0x69, 0x61, 0x74, 0x69, 0x6F, 0x6E, 0x20,
        0x77, 0x69, 0x74, 0x68, 0x20, 0x74, 0x68, 0x65, 0x3C, 0x2F, 0x64, 0x69, 0x76, 0x3E, 0x0A, 0x3C, 0x2F, 0x64, 0x69, 0x76, 0x3E, 0x0A, 0x3C, 0x64, 0x69, 0x76, 0x20, 0x63, 0x64, 0x75, 0x72, 0x69,
        0x6E, 0x67, 0x20, 0x68, 0x69, 0x73, 0x20, 0x6C, 0x69, 0x66, 0x65, 0x74, 0x69, 0x6D, 0x65, 0x2C, 0x63, 0x6F, 0x72, 0x72, 0x65, 0x73, 0x70, 0x6F, 0x6E, 0x64, 0x69, 0x6E, 0x67, 0x20, 0x74, 0x6F,
        0x20, 0x74, 0x68, 0x65, 0x74, 0x79, 0x70, 0x65, 0x3D, 0x22, 0x69, 0x6D, 0x61, 0x67, 0x65, 0x2F, 0x78, 0x2D, 0x69, 0x63, 0x6F, 0x6E, 0x22, 0x20, 0x61, 0x6E, 0x20, 0x69, 0x6E, 0x63, 0x72, 0x65,
        0x61, 0x73, 0x69, 0x6E, 0x67, 0x20, 0x6E, 0x75, 0x6D, 0x62, 0x65, 0x72, 0x64, 0x69, 0x70, 0x6C, 0x6F, 0x6D, 0x61, 0x74, 0x69, 0x63, 0x20, 0x72, 0x65, 0x6C, 0x61, 0x74, 0x69, 0x6F, 0x6E, 0x73,
        0x61, 0x72, 0x65, 0x20, 0x6F, 0x66, 0x74, 0x65, 0x6E, 0x20, 0x63, 0x6F, 0x6E, 0x73, 0x69, 0x64, 0x65, 0x72, 0x65, 0x64, 0x6D, 0x65, 0x74, 0x61, 0x20, 0x63, 0x68, 0x61, 0x72, 0x73, 0x65, 0x74,
        0x3D, 0x22, 0x75, 0x74, 0x66, 0x2D, 0x38, 0x22, 0x20, 0x3C, 0x69, 0x6E, 0x70, 0x75, 0x74, 0x20, 0x74, 0x79, 0x70, 0x65, 0x3D, 0x22, 0x74, 0x65, 0x78, 0x74, 0x22, 0x20, 0x65, 0x78, 0x61, 0x6D,
        0x70, 0x6C, 0x65, 0x73, 0x20, 0x69, 0x6E, 0x63, 0x6C, 0x75, 0x64, 0x65, 0x20, 0x74, 0x68, 0x65, 0x22, 0x3E, 0x3C, 0x69, 0x6D, 0x67, 0x20, 0x73, 0x72, 0x63, 0x3D, 0x22, 0x68, 0x74, 0x74, 0x70,
        0x3A, 0x2F, 0x2F, 0x69, 0x70, 0x61, 0x72, 0x74, 0x69, 0x63, 0x69, 0x70, 0x61, 0x74, 0x69, 0x6F, 0x6E, 0x20, 0x69, 0x6E, 0x20, 0x74, 0x68, 0x65, 0x74, 0x68, 0x65, 0x20, 0x65, 0x73, 0x74, 0x61,
        0x62, 0x6C, 0x69, 0x73, 0x68, 0x6D, 0x65, 0x6E, 0x74, 0x20, 0x6F, 0x66, 0x0A, 0x3C, 0x2F, 0x64, 0x69, 0x76, 0x3E, 0x0A, 0x3C, 0x64, 0x69, 0x76, 0x20, 0x63, 0x6C, 0x61, 0x73, 0x73, 0x3D, 0x22,
        0x26, 0x61, 0x6D, 0x70, 0x3B, 0x6E, 0x62, 0x73, 0x70, 0x3B, 0x26, 0x61, 0x6D, 0x70, 0x3B, 0x6E, 0x62, 0x73, 0x70, 0x3B, 0x74, 0x6F, 0x20, 0x64, 0x65, 0x74, 0x65, 0x72, 0x6D, 0x69, 0x6E, 0x65,
        0x20, 0x77, 0x68, 0x65, 0x74, 0x68, 0x65, 0x72, 0x71, 0x75, 0x69, 0x74, 0x65, 0x20, 0x64, 0x69, 0x66, 0x66, 0x65, 0x72, 0x65, 0x6E, 0x74, 0x20, 0x66, 0x72, 0x6F, 0x6D, 0x6D, 0x61, 0x72, 0x6B,
        0x65, 0x64, 0x20, 0x74, 0x68, 0x65, 0x20, 0x62, 0x65, 0x67, 0x69, 0x6E, 0x6E, 0x69, 0x6E, 0x67, 0x64, 0x69, 0x73, 0x74, 0x61, 0x6E, 0x63, 0x65, 0x20, 0x62, 0x65, 0x74, 0x77, 0x65, 0x65, 0x6E,
        0x20, 0x74, 0x68, 0x65, 0x63, 0x6F, 0x6E, 0x74, 0x72, 0x69, 0x62, 0x75, 0x74, 0x69, 0x6F, 0x6E, 0x73, 0x20, 0x74, 0x6F, 0x20, 0x74, 0x68, 0x65, 0x63, 0x6F, 0x6E, 0x66, 0x6C, 0x69, 0x63, 0x74,
        0x20, 0x62, 0x65, 0x74, 0x77, 0x65, 0x65, 0x6E, 0x20, 0x74, 0x68, 0x65, 0x77, 0x69, 0x64, 0x65, 0x6C, 0x79, 0x20, 0x63, 0x6F, 0x6E, 0x73, 0x69, 0x64, 0x65, 0x72, 0x65, 0x64, 0x20, 0x74, 0x6F,
        0x77, 0x61, 0x73, 0x20, 0x6F, 0x6E, 0x65, 0x20, 0x6F, 0x66, 0x20, 0x74, 0x68, 0x65, 0x20, 0x66, 0x69, 0x72, 0x73, 0x74, 0x77, 0x69, 0x74, 0x68, 0x20, 0x76, 0x61, 0x72, 0x79, 0x69, 0x6E, 0x67,
        0x20, 0x64, 0x65, 0x67, 0x72, 0x65, 0x65, 0x73, 0x68, 0x61, 0x76, 0x65, 0x20, 0x73, 0x70, 0x65, 0x63, 0x75, 0x6C, 0x61, 0x74, 0x65, 0x64, 0x20, 0x74, 0x68, 0x61, 0x74, 0x28, 0x64, 0x6F, 0x63,
        0x75, 0x6D, 0x65, 0x6E, 0x74, 0x2E, 0x67, 0x65, 0x74, 0x45, 0x6C, 0x65, 0x6D, 0x65, 0x6E, 0x74, 0x70, 0x61, 0x72, 0x74, 0x69, 0x63, 0x69, 0x70, 0x61, 0x74, 0x69, 0x6E, 0x67, 0x20, 0x69, 0x6E,
        0x20, 0x74, 0x68, 0x65, 0x6F, 0x72, 0x69, 0x67, 0x69, 0x6E, 0x61, 0x6C, 0x6C, 0x79, 0x20, 0x64, 0x65, 0x76, 0x65, 0x6C, 0x6F, 0x70, 0x65, 0x64, 0x65, 0x74, 0x61, 0x20, 0x63, 0x68, 0x61, 0x72,
        0x73, 0x65, 0x74, 0x3D, 0x22, 0x75, 0x74, 0x66, 0x2D, 0x38, 0x22, 0x3E, 0x20, 0x74, 0x79, 0x70, 0x65, 0x3D, 0x22, 0x74, 0x65, 0x78, 0x74, 0x2F, 0x63, 0x73, 0x73, 0x22, 0x20, 0x2F, 0x3E, 0x0A,
        0x69, 0x6E, 0x74, 0x65, 0x72, 0x63, 0x68, 0x61, 0x6E, 0x67, 0x65, 0x61, 0x62, 0x6C, 0x79, 0x20, 0x77, 0x69, 0x74, 0x68, 0x6D, 0x6F, 0x72, 0x65, 0x20, 0x63, 0x6C, 0x6F, 0x73, 0x65, 0x6C, 0x79,
        0x20, 0x72, 0x65, 0x6C, 0x61, 0x74, 0x65, 0x64, 0x73, 0x6F, 0x63, 0x69, 0x61, 0x6C, 0x20, 0x61, 0x6E, 0x64, 0x20, 0x70, 0x6F, 0x6C, 0x69, 0x74, 0x69, 0x63, 0x61, 0x6C, 0x74, 0x68, 0x61, 0x74,
        0x20, 0x77, 0x6F, 0x75, 0x6C, 0x64, 0x20, 0x6F, 0x74, 0x68, 0x65, 0x72, 0x77, 0x69, 0x73, 0x65, 0x70, 0x65, 0x72, 0x70, 0x65, 0x6E, 0x64, 0x69, 0x63, 0x75, 0x6C, 0x61, 0x72, 0x20, 0x74, 0x6F,
        0x20, 0x74, 0x68, 0x65, 0x73, 0x74, 0x79, 0x6C, 0x65, 0x20, 0x74, 0x79, 0x70, 0x65, 0x3D, 0x22, 0x74, 0x65, 0x78, 0x74, 0x2F, 0x63, 0x73, 0x73, 0x74, 0x79, 0x70, 0x65, 0x3D, 0x22, 0x73, 0x75,
        0x62, 0x6D, 0x69, 0x74, 0x22, 0x20, 0x6E, 0x61, 0x6D, 0x65, 0x3D, 0x22, 0x66, 0x61, 0x6D, 0x69, 0x6C, 0x69, 0x65, 0x73, 0x20, 0x72, 0x65, 0x73, 0x69, 0x64, 0x69, 0x6E, 0x67, 0x20, 0x69, 0x6E,
        0x64, 0x65, 0x76, 0x65, 0x6C, 0x6F, 0x70, 0x69, 0x6E, 0x67, 0x20, 0x63, 0x6F, 0x75, 0x6E, 0x74, 0x72, 0x69, 0x65, 0x73, 0x63, 0x6F, 0x6D, 0x70, 0x75, 0x74, 0x65, 0x72, 0x20, 0x70, 0x72, 0x6F,
        0x67, 0x72, 0x61, 0x6D, 0x6D, 0x69, 0x6E, 0x67, 0x65, 0x63, 0x6F, 0x6E, 0x6F, 0x6D, 0x69, 0x63, 0x20, 0x64, 0x65, 0x76, 0x65, 0x6C, 0x6F, 0x70, 0x6D, 0x65, 0x6E, 0x74, 0x64, 0x65, 0x74, 0x65,
        0x72, 0x6D, 0x69, 0x6E, 0x61, 0x74, 0x69, 0x6F, 0x6E, 0x20, 0x6F, 0x66, 0x20, 0x74, 0x68, 0x65, 0x66, 0x6F, 0x72, 0x20, 0x6D, 0x6F, 0x72, 0x65, 0x20, 0x69, 0x6E, 0x66, 0x6F, 0x72, 0x6D, 0x61,
        0x74, 0x69, 0x6F, 0x6E, 0x6F, 0x6E, 0x20, 0x73, 0x65, 0x76, 0x65, 0x72, 0x61, 0x6C, 0x20, 0x6F, 0x63, 0x63, 0x61, 0x73, 0x69, 0x6F, 0x6E, 0x73, 0x70, 0x6F, 0x72, 0x74, 0x75, 0x67, 0x75, 0xC3,
        0xAA, 0x73, 0x20, 0x28, 0x45, 0x75, 0x72, 0x6F, 0x70, 0x65, 0x75, 0x29, 0xD0, 0xA3, 0xD0, 0xBA, 0xD1, 0x80, 0xD0, 0xB0, 0xD1, 0x97, 0xD0, 0xBD, 0xD1, 0x81, 0xD1, 0x8C, 0xD0, 0xBA, 0xD0, 0xB0,
        0xD1, 0x83, 0xD0, 0xBA, 0xD1, 0x80, 0xD0, 0xB0, 0xD1, 0x97, 0xD0, 0xBD, 0xD1, 0x81, 0xD1, 0x8C, 0xD0, 0xBA, 0xD0, 0xB0, 0xD0, 0xA0, 0xD0, 0xBE, 0xD1, 0x81, 0xD1, 0x81, 0xD0, 0xB8, 0xD0, 0xB9,
        0xD1, 0x81, 0xD0, 0xBA, 0xD0, 0xBE, 0xD0, 0xB9, 0xD0, 0xBC, 0xD0, 0xB0, 0xD1, 0x82, 0xD0, 0xB5, 0xD1, 0x80, 0xD0, 0xB8, 0xD0, 0xB0, 0xD0, 0xBB, 0xD0, 0xBE, 0xD0, 0xB2, 0xD0, 0xB8, 0xD0, 0xBD,
        0xD1, 0x84, 0xD0, 0xBE, 0xD1, 0x80, 0xD0, 0xBC, 0xD0, 0xB0, 0xD1, 0x86, 0xD0, 0xB8, 0xD0, 0xB8, 0xD1, 0x83, 0xD0, 0xBF, 0xD1, 0x80, 0xD0, 0xB0, 0xD0, 0xB2, 0xD0, 0xBB, 0xD0, 0xB5, 0xD0, 0xBD,
        0xD0, 0xB8, 0xD1, 0x8F, 0xD0, 0xBD, 0xD0, 0xB5, 0xD0, 0xBE, 0xD0, 0xB1, 0xD1, 0x85, 0xD0, 0xBE, 0xD0, 0xB4, 0xD0, 0xB8, 0xD0, 0xBC, 0xD0, 0xBE, 0xD0, 0xB8, 0xD0, 0xBD, 0xD1, 0x84, 0xD0, 0xBE,
        0xD1, 0x80, 0xD0, 0xBC, 0xD0, 0xB0, 0xD1, 0x86, 0xD0, 0xB8, 0xD1, 0x8F, 0xD0, 0x98, 0xD0, 0xBD, 0xD1, 0x84, 0xD0, 0xBE, 0xD1, 0x80, 0xD0, 0xBC, 0xD0, 0xB0, 0xD1, 0x86, 0xD0, 0xB8, 0xD1, 0x8F,
        0xD0, 0xA0, 0xD0, 0xB5, 0xD1, 0x81, 0xD0, 0xBF, 0xD1, 0x83, 0xD0, 0xB1, 0xD0, 0xBB, 0xD0, 0xB8, 0xD0, 0xBA, 0xD0, 0xB8, 0xD0, 0xBA, 0xD0, 0xBE, 0xD0, 0xBB, 0xD0, 0xB8, 0xD1, 0x87, 0xD0, 0xB5,
        0xD1, 0x81, 0xD1, 0x82, 0xD0, 0xB2, 0xD0, 0xBE, 0xD0, 0xB8, 0xD0, 0xBD, 0xD1, 0x84, 0xD0, 0xBE, 0xD1, 0x80, 0xD0, 0xBC, 0xD0, 0xB0, 0xD1, 0x86, 0xD0, 0xB8, 0xD1, 0x8E, 0xD1, 0x82, 0xD0, 0xB5,
        0xD1, 0x80, 0xD1, 0x80, 0xD0, 0xB8, 0xD1, 0x82, 0xD0, 0xBE, 0xD1, 0x80, 0xD0, 0xB8, 0xD0, 0xB8, 0xD0, 0xB4, 0xD0, 0xBE, 0xD1, 0x81, 0xD1, 0x82, 0xD0, 0xB0, 0xD1, 0x82, 0xD0, 0xBE, 0xD1, 0x87,
        0xD0, 0xBD, 0xD0, 0xBE, 0xD8, 0xA7, 0xD9, 0x84, 0xD9, 0x85, 0xD8, 0xAA, 0xD9, 0x88, 0xD8, 0xA7, 0xD8, 0xAC, 0xD8, 0xAF, 0xD9, 0x88, 0xD9, 0x86, 0xD8, 0xA7, 0xD9, 0x84, 0xD8, 0xA7, 0xD8, 0xB4,
        0xD8, 0xAA, 0xD8, 0xB1, 0xD8, 0xA7, 0xD9, 0x83, 0xD8, 0xA7, 0xD8, 0xAA, 0xD8, 0xA7, 0xD9, 0x84, 0xD8, 0xA7, 0xD9, 0x82, 0xD8, 0xAA, 0xD8, 0xB1, 0xD8, 0xA7, 0xD8, 0xAD, 0xD8, 0xA7, 0xD8, 0xAA,
        0x68, 0x74, 0x6D, 0x6C, 0x3B, 0x20, 0x63, 0x68, 0x61, 0x72, 0x73, 0x65, 0x74, 0x3D, 0x55, 0x54, 0x46, 0x2D, 0x38, 0x22, 0x20, 0x73, 0x65, 0x74, 0x54, 0x69, 0x6D, 0x65, 0x6F, 0x75, 0x74, 0x28,
        0x66, 0x75, 0x6E, 0x63, 0x74, 0x69, 0x6F, 0x6E, 0x28, 0x29, 0x64, 0x69, 0x73, 0x70, 0x6C, 0x61, 0x79, 0x3A, 0x69, 0x6E, 0x6C, 0x69, 0x6E, 0x65, 0x2D, 0x62, 0x6C, 0x6F, 0x63, 0x6B, 0x3B, 0x3C,
        0x69, 0x6E, 0x70, 0x75, 0x74, 0x20, 0x74, 0x79, 0x70, 0x65, 0x3D, 0x22, 0x73, 0x75, 0x62, 0x6D, 0x69, 0x74, 0x22, 0x20, 0x74, 0x79, 0x70, 0x65, 0x20, 0x3D, 0x20, 0x27, 0x74, 0x65, 0x78, 0x74,
        0x2F, 0x6A, 0x61, 0x76, 0x61, 0x73, 0x63, 0x72, 0x69, 0x3C, 0x69, 0x6D, 0x67, 0x20, 0x73, 0x72, 0x63, 0x3D, 0x22, 0x68, 0x74, 0x74, 0x70, 0x3A, 0x2F, 0x2F, 0x77, 0x77, 0x77, 0x2E, 0x22, 0x20,
        0x22, 0x68, 0x74, 0x74, 0x70, 0x3A, 0x2F, 0x2F, 0x77, 0x77, 0x77, 0x2E, 0x77, 0x33, 0x2E, 0x6F, 0x72, 0x67, 0x2F, 0x73, 0x68, 0x6F, 0x72, 0x74, 0x63, 0x75, 0x74, 0x20, 0x69, 0x63, 0x6F, 0x6E,
        0x22, 0x20, 0x68, 0x72, 0x65, 0x66, 0x3D, 0x22, 0x22, 0x20, 0x61, 0x75, 0x74, 0x6F, 0x63, 0x6F, 0x6D, 0x70, 0x6C, 0x65, 0x74, 0x65, 0x3D, 0x22, 0x6F, 0x66, 0x66, 0x22, 0x20, 0x3C, 0x2F, 0x61,
        0x3E, 0x3C, 0x2F, 0x64, 0x69, 0x76, 0x3E, 0x3C, 0x64, 0x69, 0x76, 0x20, 0x63, 0x6C, 0x61, 0x73, 0x73, 0x3D, 0x3C, 0x2F, 0x61, 0x3E, 0x3C, 0x2F, 0x6C, 0x69, 0x3E, 0x0A, 0x3C, 0x6C, 0x69, 0x20,
        0x63, 0x6C, 0x61, 0x73, 0x73, 0x3D, 0x22, 0x63, 0x73, 0x73, 0x22, 0x20, 0x74, 0x79, 0x70, 0x65, 0x3D, 0x22, 0x74, 0x65, 0x78, 0x74, 0x2F, 0x63, 0x73, 0x73, 0x22, 0x20, 0x3C, 0x66, 0x6F, 0x72,
        0x6D, 0x20, 0x61, 0x63, 0x74, 0x69, 0x6F, 0x6E, 0x3D, 0x22, 0x68, 0x74, 0x74, 0x70, 0x3A, 0x2F, 0x2F, 0x78, 0x74, 0x2F, 0x63, 0x73, 0x73, 0x22, 0x20, 0x68, 0x72, 0x65, 0x66, 0x3D, 0x22, 0x68,
        0x74, 0x74, 0x70, 0x3A, 0x2F, 0x2F, 0x6C, 0x69, 0x6E, 0x6B, 0x20, 0x72, 0x65, 0x6C, 0x3D, 0x22, 0x61, 0x6C, 0x74, 0x65, 0x72, 0x6E, 0x61, 0x74, 0x65, 0x22, 0x20, 0x0D, 0x0A, 0x3C, 0x73, 0x63,
        0x72, 0x69, 0x70, 0x74, 0x20, 0x74, 0x79, 0x70, 0x65, 0x3D, 0x22, 0x74, 0x65, 0x78, 0x74, 0x2F, 0x20, 0x6F, 0x6E, 0x63, 0x6C, 0x69, 0x63, 0x6B, 0x3D, 0x22, 0x6A, 0x61, 0x76, 0x61, 0x73, 0x63,
        0x72, 0x69, 0x70, 0x74, 0x3A, 0x28, 0x6E, 0x65, 0x77, 0x20, 0x44, 0x61, 0x74, 0x65, 0x29, 0x2E, 0x67, 0x65, 0x74, 0x54, 0x69, 0x6D, 0x65, 0x28, 0x29, 0x7D, 0x68, 0x65, 0x69, 0x67, 0x68, 0x74,
        0x3D, 0x22, 0x31, 0x22, 0x20, 0x77, 0x69, 0x64, 0x74, 0x68, 0x3D, 0x22, 0x31, 0x22, 0x20, 0x50, 0x65, 0x6F, 0x70, 0x6C, 0x65, 0x27, 0x73, 0x20, 0x52, 0x65, 0x70, 0x75, 0x62, 0x6C, 0x69, 0x63,
        0x20, 0x6F, 0x66, 0x20, 0x20, 0x3C, 0x61, 0x20, 0x68, 0x72, 0x65, 0x66, 0x3D, 0x22, 0x68, 0x74, 0x74, 0x70, 0x3A, 0x2F, 0x2F, 0x77, 0x77, 0x77, 0x2E, 0x74, 0x65, 0x78, 0x74, 0x2D, 0x64, 0x65,
        0x63, 0x6F, 0x72, 0x61, 0x74, 0x69, 0x6F, 0x6E, 0x3A, 0x75, 0x6E, 0x64, 0x65, 0x72, 0x74, 0x68, 0x65, 0x20, 0x62, 0x65, 0x67, 0x69, 0x6E, 0x6E, 0x69, 0x6E, 0x67, 0x20, 0x6F, 0x66, 0x20, 0x74,
        0x68, 0x65, 0x20, 0x3C, 0x2F, 0x64, 0x69, 0x76, 0x3E, 0x0A, 0x3C, 0x2F, 0x64, 0x69, 0x76, 0x3E, 0x0A, 0x3C, 0x2F, 0x64, 0x69, 0x76, 0x3E, 0x0A, 0x65, 0x73, 0x74, 0x61, 0x62, 0x6C, 0x69, 0x73,
        0x68, 0x6D, 0x65, 0x6E, 0x74, 0x20, 0x6F, 0x66, 0x20, 0x74, 0x68, 0x65, 0x20, 0x3C, 0x2F, 0x64, 0x69, 0x76, 0x3E, 0x3C, 0x2F, 0x64, 0x69, 0x76, 0x3E, 0x3C, 0x2F, 0x64, 0x69, 0x76, 0x3E, 0x3C,
        0x2F, 0x64, 0x23, 0x76, 0x69, 0x65, 0x77, 0x70, 0x6F, 0x72, 0x74, 0x7B, 0x6D, 0x69, 0x6E, 0x2D, 0x68, 0x65, 0x69, 0x67, 0x68, 0x74, 0x3A, 0x0A, 0x3C, 0x73, 0x63, 0x72, 0x69, 0x70, 0x74, 0x20,
        0x73, 0x72, 0x63, 0x3D, 0x22, 0x68, 0x74, 0x74, 0x70, 0x3A, 0x2F, 0x2F, 0x6F, 0x70, 0x74, 0x69, 0x6F, 0x6E, 0x3E, 0x3C, 0x6F, 0x70, 0x74, 0x69, 0x6F, 0x6E, 0x20, 0x76, 0x61, 0x6C, 0x75, 0x65,
        0x3D, 0x6F, 0x66, 0x74, 0x65, 0x6E, 0x20, 0x72, 0x65, 0x66, 0x65, 0x72, 0x72, 0x65, 0x64, 0x20, 0x74, 0x6F, 0x20, 0x61, 0x73, 0x20, 0x2F, 0x6F, 0x70, 0x74, 0x69, 0x6F, 0x6E, 0x3E, 0x0A, 0x3C,
        0x6F, 0x70, 0x74, 0x69, 0x6F, 0x6E, 0x20, 0x76, 0x61, 0x6C, 0x75, 0x3C, 0x21, 0x44, 0x4F, 0x43, 0x54, 0x59, 0x50, 0x45, 0x20, 0x68, 0x74, 0x6D, 0x6C, 0x3E, 0x0A, 0x3C, 0x21, 0x2D, 0x2D, 0x5B,
        0x49, 0x6E, 0x74, 0x65, 0x72, 0x6E, 0x61, 0x74, 0x69, 0x6F, 0x6E, 0x61, 0x6C, 0x20, 0x41, 0x69, 0x72, 0x70, 0x6F, 0x72, 0x74, 0x3E, 0x0A, 0x3C, 0x61, 0x20, 0x68, 0x72, 0x65, 0x66, 0x3D, 0x22,
        0x68, 0x74, 0x74, 0x70, 0x3A, 0x2F, 0x2F, 0x77, 0x77, 0x77, 0x3C, 0x2F, 0x61, 0x3E, 0x3C, 0x61, 0x20, 0x68, 0x72, 0x65, 0x66, 0x3D, 0x22, 0x68, 0x74, 0x74, 0x70, 0x3A, 0x2F, 0x2F, 0x77, 0xE0,
        0xB8, 0xA0, 0xE0, 0xB8, 0xB2, 0xE0, 0xB8, 0xA9, 0xE0, 0xB8, 0xB2, 0xE0, 0xB9, 0x84, 0xE0, 0xB8, 0x97, 0xE0, 0xB8, 0xA2, 0xE1, 0x83, 0xA5, 0xE1, 0x83, 0x90, 0xE1, 0x83, 0xA0, 0xE1, 0x83, 0x97,
        0xE1, 0x83, 0xA3, 0xE1, 0x83, 0x9A, 0xE1, 0x83, 0x98, 0xE6, 0xAD, 0xA3, 0xE9, 0xAB, 0x94, 0xE4, 0xB8, 0xAD, 0xE6, 0x96, 0x87, 0x20, 0x28, 0xE7, 0xB9, 0x81, 0xE9, 0xAB, 0x94, 0x29, 0xE0, 0xA4,
        0xA8, 0xE0, 0xA4, 0xBF, 0xE0, 0xA4, 0xB0, 0xE0, 0xA5, 0x8D, 0xE0, 0xA4, 0xA6, 0xE0, 0xA5, 0x87, 0xE0, 0xA4, 0xB6, 0xE0, 0xA4, 0xA1, 0xE0, 0xA4, 0xBE, 0xE0, 0xA4, 0x89, 0xE0, 0xA4, 0xA8, 0xE0,
        0xA4, 0xB2, 0xE0, 0xA5, 0x8B, 0xE0, 0xA4, 0xA1, 0xE0, 0xA4, 0x95, 0xE0, 0xA5, 0x8D, 0xE0, 0xA4, 0xB7, 0xE0, 0xA5, 0x87, 0xE0, 0xA4, 0xA4, 0xE0, 0xA5, 0x8D, 0xE0, 0xA4, 0xB0, 0xE0, 0xA4, 0x9C,
        0xE0, 0xA4, 0xBE, 0xE0, 0xA4, 0xA8, 0xE0, 0xA4, 0x95, 0xE0, 0xA4, 0xBE, 0xE0, 0xA4, 0xB0, 0xE0, 0xA5, 0x80, 0xE0, 0xA4, 0xB8, 0xE0, 0xA4, 0x82, 0xE0, 0xA4, 0xAC, 0xE0, 0xA4, 0x82, 0xE0, 0xA4,
        0xA7, 0xE0, 0xA4, 0xBF, 0xE0, 0xA4, 0xA4, 0xE0, 0xA4, 0xB8, 0xE0, 0xA5, 0x8D, 0xE0, 0xA4, 0xA5, 0xE0, 0xA4, 0xBE, 0xE0, 0xA4, 0xAA, 0xE0, 0xA4, 0xA8, 0xE0, 0xA4, 0xBE, 0xE0, 0xA4, 0xB8, 0xE0,
        0xA5, 0x8D, 0xE0, 0xA4, 0xB5, 0xE0, 0xA5, 0x80, 0xE0, 0xA4, 0x95, 0xE0, 0xA4, 0xBE, 0xE0, 0xA4, 0xB0, 0xE0, 0xA4, 0xB8, 0xE0, 0xA4, 0x82, 0xE0, 0xA4, 0xB8, 0xE0, 0xA5, 0x8D, 0xE0, 0xA4, 0x95,
        0xE0, 0xA4, 0xB0, 0xE0, 0xA4, 0xA3, 0xE0, 0xA4, 0xB8, 0xE0, 0xA4, 0xBE, 0xE0, 0xA4, 0xAE, 0xE0, 0xA4, 0x97, 0xE0, 0xA5, 0x8D, 0xE0, 0xA4, 0xB0, 0xE0, 0xA5, 0x80, 0xE0, 0xA4, 0x9A, 0xE0, 0xA4,
        0xBF, 0xE0, 0xA4, 0x9F, 0xE0, 0xA5, 0x8D, 0xE0, 0xA4, 0xA0, 0xE0, 0xA5, 0x8B, 0xE0, 0xA4, 0x82, 0xE0, 0xA4, 0xB5, 0xE0, 0xA4, 0xBF, 0xE0, 0xA4, 0x9C, 0xE0, 0xA5, 0x8D, 0xE0, 0xA4, 0x9E, 0xE0,
        0xA4, 0xBE, 0xE0, 0xA4, 0xA8, 0xE0, 0xA4, 0x85, 0xE0, 0xA4, 0xAE, 0xE0, 0xA5, 0x87, 0xE0, 0xA4, 0xB0, 0xE0, 0xA4, 0xBF, 0xE0, 0xA4, 0x95, 0xE0, 0xA4, 0xBE, 0xE0, 0xA4, 0xB5, 0xE0, 0xA4, 0xBF,
        0xE0, 0xA4, 0xAD, 0xE0, 0xA4, 0xBF, 0xE0, 0xA4, 0xA8, 0xE0, 0xA5, 0x8D, 0xE0, 0xA4, 0xA8, 0xE0, 0xA4, 0x97, 0xE0, 0xA4, 0xBE, 0xE0, 0xA4, 0xA1, 0xE0, 0xA4, 0xBF, 0xE0, 0xA4, 0xAF, 0xE0, 0xA4,
        0xBE, 0xE0, 0xA4, 0x81, 0xE0, 0xA4, 0x95, 0xE0, 0xA5, 0x8D, 0xE0, 0xA4, 0xAF, 0xE0, 0xA5, 0x8B, 0xE0, 0xA4, 0x82, 0xE0, 0xA4, 0x95, 0xE0, 0xA4, 0xBF, 0xE0, 0xA4, 0xB8, 0xE0, 0xA5, 0x81, 0xE0,
        0xA4, 0xB0, 0xE0, 0xA4, 0x95, 0xE0, 0xA5, 0x8D, 0xE0, 0xA4, 0xB7, 0xE0, 0xA4, 0xBE, 0xE0, 0xA4, 0xAA, 0xE0, 0xA4, 0xB9, 0xE0, 0xA5, 0x81, 0xE0, 0xA4, 0x81, 0xE0, 0xA4, 0x9A, 0xE0, 0xA4, 0xA4,
        0xE0, 0xA5, 0x80, 0xE0, 0xA4, 0xAA, 0xE0, 0xA5, 0x8D, 0xE0, 0xA4, 0xB0, 0xE0, 0xA4, 0xAC, 0xE0, 0xA4, 0x82, 0xE0, 0xA4, 0xA7, 0xE0, 0xA4, 0xA8, 0xE0, 0xA4, 0x9F, 0xE0, 0xA4, 0xBF, 0xE0, 0xA4,
        0xAA, 0xE0, 0xA5, 0x8D, 0xE0, 0xA4, 0xAA, 0xE0, 0xA4, 0xA3, 0xE0, 0xA5, 0x80, 0xE0, 0xA4, 0x95, 0xE0, 0xA5, 0x8D, 0xE0, 0xA4, 0xB0, 0xE0, 0xA4, 0xBF, 0xE0, 0xA4, 0x95, 0xE0, 0xA5, 0x87, 0xE0,
        0xA4, 0x9F, 0xE0, 0xA4, 0xAA, 0xE0, 0xA5, 0x8D, 0xE0, 0xA4, 0xB0, 0xE0, 0xA4, 0xBE, 0xE0, 0xA4, 0xB0, 0xE0, 0xA4, 0x82, 0xE0, 0xA4, 0xAD, 0xE0, 0xA4, 0xAA, 0xE0, 0xA5, 0x8D, 0xE0, 0xA4, 0xB0,
        0xE0, 0xA4, 0xBE, 0xE0, 0xA4, 0xAA, 0xE0, 0xA5, 0x8D, 0xE0, 0xA4, 0xA4, 0xE0, 0xA4, 0xAE, 0xE0, 0xA4, 0xBE, 0xE0, 0xA4, 0xB2, 0xE0, 0xA4, 0xBF, 0xE0, 0xA4, 0x95, 0xE0, 0xA5, 0x8B, 0xE0, 0xA4,
        0x82, 0xE0, 0xA4, 0xB0, 0xE0, 0xA4, 0xAB, 0xE0, 0xA4, 0xBC, 0xE0, 0xA5, 0x8D, 0xE0, 0xA4, 0xA4, 0xE0, 0xA4, 0xBE, 0xE0, 0xA4, 0xB0, 0xE0, 0xA4, 0xA8, 0xE0, 0xA4, 0xBF, 0xE0, 0xA4, 0xB0, 0xE0,
        0xA5, 0x8D, 0xE0, 0xA4, 0xAE, 0xE0, 0xA4, 0xBE, 0xE0, 0xA4, 0xA3, 0xE0, 0xA4, 0xB2, 0xE0, 0xA4, 0xBF, 0xE0, 0xA4, 0xAE, 0xE0, 0xA4, 0xBF, 0xE0, 0xA4, 0x9F, 0xE0, 0xA5, 0x87, 0xE0, 0xA4, 0xA1,
        0x64, 0x65, 0x73, 0x63, 0x72, 0x69, 0x70, 0x74, 0x69, 0x6F, 0x6E, 0x22, 0x20, 0x63, 0x6F, 0x6E, 0x74, 0x65, 0x6E, 0x74, 0x3D, 0x22, 0x64, 0x6F, 0x63, 0x75, 0x6D, 0x65, 0x6E, 0x74, 0x2E, 0x6C,
        0x6F, 0x63, 0x61, 0x74, 0x69, 0x6F, 0x6E, 0x2E, 0x70, 0x72, 0x6F, 0x74, 0x2E, 0x67, 0x65, 0x74, 0x45, 0x6C, 0x65, 0x6D, 0x65, 0x6E, 0x74, 0x73, 0x42, 0x79, 0x54, 0x61, 0x67, 0x4E, 0x61, 0x6D,
        0x65, 0x28, 0x3C, 0x21, 0x44, 0x4F, 0x43, 0x54, 0x59, 0x50, 0x45, 0x20, 0x68, 0x74, 0x6D, 0x6C, 0x3E, 0x0A, 0x3C, 0x68, 0x74, 0x6D, 0x6C, 0x20, 0x3C, 0x6D, 0x65, 0x74, 0x61, 0x20, 0x63, 0x68,
        0x61, 0x72, 0x73, 0x65, 0x74, 0x3D, 0x22, 0x75, 0x74, 0x66, 0x2D, 0x38, 0x22, 0x3E, 0x3A, 0x75, 0x72, 0x6C, 0x22, 0x20, 0x63, 0x6F, 0x6E, 0x74, 0x65, 0x6E, 0x74, 0x3D, 0x22, 0x68, 0x74, 0x74,
        0x70, 0x3A, 0x2F, 0x2F, 0x2E, 0x63, 0x73, 0x73, 0x22, 0x20, 0x72, 0x65, 0x6C, 0x3D, 0x22, 0x73, 0x74, 0x79, 0x6C, 0x65, 0x73, 0x68, 0x65, 0x65, 0x74, 0x22, 0x73, 0x74, 0x79, 0x6C, 0x65, 0x20,
        0x74, 0x79, 0x70, 0x65, 0x3D, 0x22, 0x74, 0x65, 0x78, 0x74, 0x2F, 0x63, 0x73, 0x73, 0x22, 0x3E, 0x74, 0x79, 0x70, 0x65, 0x3D, 0x22, 0x74, 0x65, 0x78, 0x74, 0x2F, 0x63, 0x73, 0x73, 0x22, 0x20,
        0x68, 0x72, 0x65, 0x66, 0x3D, 0x22, 0x77, 0x33, 0x2E, 0x6F, 0x72, 0x67, 0x2F, 0x31, 0x39, 0x39, 0x39, 0x2F, 0x78, 0x68, 0x74, 0x6D, 0x6C, 0x22, 0x20, 0x78, 0x6D, 0x6C, 0x74, 0x79, 0x70, 0x65,
        0x3D, 0x22, 0x74, 0x65, 0x78, 0x74, 0x2F, 0x6A, 0x61, 0x76, 0x61, 0x73, 0x63, 0x72, 0x69, 0x70, 0x74, 0x22, 0x20, 0x6D, 0x65, 0x74, 0x68, 0x6F, 0x64, 0x3D, 0x22, 0x67, 0x65, 0x74, 0x22, 0x20,
        0x61, 0x63, 0x74, 0x69, 0x6F, 0x6E, 0x3D, 0x22, 0x6C, 0x69, 0x6E, 0x6B, 0x20, 0x72, 0x65, 0x6C, 0x3D, 0x22, 0x73, 0x74, 0x79, 0x6C, 0x65, 0x73, 0x68, 0x65, 0x65, 0x74, 0x22, 0x20, 0x20, 0x3D,
        0x20, 0x64, 0x6F, 0x63, 0x75, 0x6D, 0x65, 0x6E, 0x74, 0x2E, 0x67, 0x65, 0x74, 0x45, 0x6C, 0x65, 0x6D, 0x65, 0x6E, 0x74, 0x74, 0x79, 0x70, 0x65, 0x3D, 0x22, 0x69, 0x6D, 0x61, 0x67, 0x65, 0x2F,
        0x78, 0x2D, 0x69, 0x63, 0x6F, 0x6E, 0x22, 0x20, 0x2F, 0x3E, 0x63, 0x65, 0x6C, 0x6C, 0x70, 0x61, 0x64, 0x64, 0x69, 0x6E, 0x67, 0x3D, 0x22, 0x30, 0x22, 0x20, 0x63, 0x65, 0x6C, 0x6C, 0x73, 0x70,
        0x2E, 0x63, 0x73, 0x73, 0x22, 0x20, 0x74, 0x79, 0x70, 0x65, 0x3D, 0x22, 0x74, 0x65, 0x78, 0x74, 0x2F, 0x63, 0x73, 0x73, 0x22, 0x20, 0x3C, 0x2F, 0x61, 0x3E, 0x3C, 0x2F, 0x6C, 0x69, 0x3E, 0x3C,
        0x6C, 0x69, 0x3E, 0x3C, 0x61, 0x20, 0x68, 0x72, 0x65, 0x66, 0x3D, 0x22, 0x22, 0x20, 0x77, 0x69, 0x64, 0x74, 0x68, 0x3D, 0x22, 0x31, 0x22, 0x20, 0x68, 0x65, 0x69, 0x67, 0x68, 0x74, 0x3D, 0x22,
        0x31, 0x22, 0x22, 0x3E, 0x3C, 0x61, 0x20, 0x68, 0x72, 0x65, 0x66, 0x3D, 0x22, 0x68, 0x74, 0x74, 0x70, 0x3A, 0x2F, 0x2F, 0x77, 0x77, 0x77, 0x2E, 0x73, 0x74, 0x79, 0x6C, 0x65, 0x3D, 0x22, 0x64,
        0x69, 0x73, 0x70, 0x6C, 0x61, 0x79, 0x3A, 0x6E, 0x6F, 0x6E, 0x65, 0x3B, 0x22, 0x3E, 0x61, 0x6C, 0x74, 0x65, 0x72, 0x6E, 0x61, 0x74, 0x65, 0x22, 0x20, 0x74, 0x79, 0x70, 0x65, 0x3D, 0x22, 0x61,
        0x70, 0x70, 0x6C, 0x69, 0x2D, 0x2F, 0x2F, 0x57, 0x33, 0x43, 0x2F, 0x2F, 0x44, 0x54, 0x44, 0x20, 0x58, 0x48, 0x54, 0x4D, 0x4C, 0x20, 0x31, 0x2E, 0x30, 0x20, 0x65, 0x6C, 0x6C, 0x73, 0x70, 0x61,
        0x63, 0x69, 0x6E, 0x67, 0x3D, 0x22, 0x30, 0x22, 0x20, 0x63, 0x65, 0x6C, 0x6C, 0x70, 0x61, 0x64, 0x20, 0x74, 0x79, 0x70, 0x65, 0x3D, 0x22, 0x68, 0x69, 0x64, 0x64, 0x65, 0x6E, 0x22, 0x20, 0x76,
        0x61, 0x6C, 0x75, 0x65, 0x3D, 0x22, 0x2F, 0x61, 0x3E, 0x26, 0x6E, 0x62, 0x73, 0x70, 0x3B, 0x3C, 0x73, 0x70, 0x61, 0x6E, 0x20, 0x72, 0x6F, 0x6C, 0x65, 0x3D, 0x22, 0x73, 0x0A, 0x3C, 0x69, 0x6E,
        0x70, 0x75, 0x74, 0x20, 0x74, 0x79, 0x70, 0x65, 0x3D, 0x22, 0x68, 0x69, 0x64, 0x64, 0x65, 0x6E, 0x22, 0x20, 0x6C, 0x61, 0x6E, 0x67, 0x75, 0x61, 0x67, 0x65, 0x3D, 0x22, 0x4A, 0x61, 0x76, 0x61,
        0x53, 0x63, 0x72, 0x69, 0x70, 0x74, 0x22, 0x20, 0x20, 0x64, 0x6F, 0x63, 0x75, 0x6D, 0x65, 0x6E, 0x74, 0x2E, 0x67, 0x65, 0x74, 0x45, 0x6C, 0x65, 0x6D, 0x65, 0x6E, 0x74, 0x73, 0x42, 0x67, 0x3D,
        0x22, 0x30, 0x22, 0x20, 0x63, 0x65, 0x6C, 0x6C, 0x73, 0x70, 0x61, 0x63, 0x69, 0x6E, 0x67, 0x3D, 0x22, 0x30, 0x22, 0x20, 0x79, 0x70, 0x65, 0x3D, 0x22, 0x74, 0x65, 0x78, 0x74, 0x2F, 0x63, 0x73,
        0x73, 0x22, 0x20, 0x6D, 0x65, 0x64, 0x69, 0x61, 0x3D, 0x22, 0x74, 0x79, 0x70, 0x65, 0x3D, 0x27, 0x74, 0x65, 0x78, 0x74, 0x2F, 0x6A, 0x61, 0x76, 0x61, 0x73, 0x63, 0x72, 0x69, 0x70, 0x74, 0x27,
        0x77, 0x69, 0x74, 0x68, 0x20, 0x74, 0x68, 0x65, 0x20, 0x65, 0x78, 0x63, 0x65, 0x70, 0x74, 0x69, 0x6F, 0x6E, 0x20, 0x6F, 0x66, 0x20, 0x79, 0x70, 0x65, 0x3D, 0x22, 0x74, 0x65, 0x78, 0x74, 0x2F,
        0x63, 0x73, 0x73, 0x22, 0x20, 0x72, 0x65, 0x6C, 0x3D, 0x22, 0x73, 0x74, 0x20, 0x68, 0x65, 0x69, 0x67, 0x68, 0x74, 0x3D, 0x22, 0x31, 0x22, 0x20, 0x77, 0x69, 0x64, 0x74, 0x68, 0x3D, 0x22, 0x31,
        0x22, 0x20, 0x3D, 0x27, 0x2B, 0x65, 0x6E, 0x63, 0x6F, 0x64, 0x65, 0x55, 0x52, 0x49, 0x43, 0x6F, 0x6D, 0x70, 0x6F, 0x6E, 0x65, 0x6E, 0x74, 0x28, 0x3C, 0x6C, 0x69, 0x6E, 0x6B, 0x20, 0x72, 0x65,
        0x6C, 0x3D, 0x22, 0x61, 0x6C, 0x74, 0x65, 0x72, 0x6E, 0x61, 0x74, 0x65, 0x22, 0x20, 0x0A, 0x62, 0x6F, 0x64, 0x79, 0x2C, 0x20, 0x74, 0x72, 0x2C, 0x20, 0x69, 0x6E, 0x70, 0x75, 0x74, 0x2C, 0x20,
        0x74, 0x65, 0x78, 0x74, 0x6D, 0x65, 0x74, 0x61, 0x20, 0x6E, 0x61, 0x6D, 0x65, 0x3D, 0x22, 0x72, 0x6F, 0x62, 0x6F, 0x74, 0x73, 0x22, 0x20, 0x63, 0x6F, 0x6E, 0x6D, 0x65, 0x74, 0x68, 0x6F, 0x64,
        0x3D, 0x22, 0x70, 0x6F, 0x73, 0x74, 0x22, 0x20, 0x61, 0x63, 0x74, 0x69, 0x6F, 0x6E, 0x3D, 0x22, 0x3E, 0x0A, 0x3C, 0x61, 0x20, 0x68, 0x72, 0x65, 0x66, 0x3D, 0x22, 0x68, 0x74, 0x74, 0x70, 0x3A,
        0x2F, 0x2F, 0x77, 0x77, 0x77, 0x2E, 0x63, 0x73, 0x73, 0x22, 0x20, 0x72, 0x65, 0x6C, 0x3D, 0x22, 0x73, 0x74, 0x79, 0x6C, 0x65, 0x73, 0x68, 0x65, 0x65, 0x74, 0x22, 0x20, 0x3C, 0x2F, 0x64, 0x69,
        0x76, 0x3E, 0x3C, 0x2F, 0x64, 0x69, 0x76, 0x3E, 0x3C, 0x64, 0x69, 0x76, 0x20, 0x63, 0x6C, 0x61, 0x73, 0x73, 0x6C, 0x61, 0x6E, 0x67, 0x75, 0x61, 0x67, 0x65, 0x3D, 0x22, 0x6A, 0x61, 0x76, 0x61,
        0x73, 0x63, 0x72, 0x69, 0x70, 0x74, 0x22, 0x3E, 0x61, 0x72, 0x69, 0x61, 0x2D, 0x68, 0x69, 0x64, 0x64, 0x65, 0x6E, 0x3D, 0x22, 0x74, 0x72, 0x75, 0x65, 0x22, 0x3E, 0xC2, 0xB7, 0x3C, 0x72, 0x69,
        0x70, 0x74, 0x22, 0x20, 0x74, 0x79, 0x70, 0x65, 0x3D, 0x22, 0x74, 0x65, 0x78, 0x74, 0x2F, 0x6A, 0x61, 0x76, 0x61, 0x73, 0x6C, 0x3D, 0x30, 0x3B, 0x7D, 0x29, 0x28, 0x29, 0x3B, 0x0A, 0x28, 0x66,
        0x75, 0x6E, 0x63, 0x74, 0x69, 0x6F, 0x6E, 0x28, 0x29, 0x7B, 0x62, 0x61, 0x63, 0x6B, 0x67, 0x72, 0x6F, 0x75, 0x6E, 0x64, 0x2D, 0x69, 0x6D, 0x61, 0x67, 0x65, 0x3A, 0x20, 0x75, 0x72, 0x6C, 0x28,
        0x2F, 0x61, 0x3E, 0x3C, 0x2F, 0x6C, 0x69, 0x3E, 0x3C, 0x6C, 0x69, 0x3E, 0x3C, 0x61, 0x20, 0x68, 0x72, 0x65, 0x66, 0x3D, 0x22, 0x68, 0x09, 0x09, 0x3C, 0x6C, 0x69, 0x3E, 0x3C, 0x61, 0x20, 0x68,
        0x72, 0x65, 0x66, 0x3D, 0x22, 0x68, 0x74, 0x74, 0x70, 0x3A, 0x2F, 0x2F, 0x61, 0x74, 0x6F, 0x72, 0x22, 0x20, 0x61, 0x72, 0x69, 0x61, 0x2D, 0x68, 0x69, 0x64, 0x64, 0x65, 0x6E, 0x3D, 0x22, 0x74,
        0x72, 0x75, 0x3E, 0x20, 0x3C, 0x61, 0x20, 0x68, 0x72, 0x65, 0x66, 0x3D, 0x22, 0x68, 0x74, 0x74, 0x70, 0x3A, 0x2F, 0x2F, 0x77, 0x77, 0x77, 0x2E, 0x6C, 0x61, 0x6E, 0x67, 0x75, 0x61, 0x67, 0x65,
        0x3D, 0x22, 0x6A, 0x61, 0x76, 0x61, 0x73, 0x63, 0x72, 0x69, 0x70, 0x74, 0x22, 0x20, 0x2F, 0x6F, 0x70, 0x74, 0x69, 0x6F, 0x6E, 0x3E, 0x0A, 0x3C, 0x6F, 0x70, 0x74, 0x69, 0x6F, 0x6E, 0x20, 0x76,
        0x61, 0x6C, 0x75, 0x65, 0x2F, 0x64, 0x69, 0x76, 0x3E, 0x3C, 0x2F, 0x64, 0x69, 0x76, 0x3E, 0x3C, 0x64, 0x69, 0x76, 0x20, 0x63, 0x6C, 0x61, 0x73, 0x73, 0x3D, 0x72, 0x61, 0x74, 0x6F, 0x72, 0x22,
        0x20, 0x61, 0x72, 0x69, 0x61, 0x2D, 0x68, 0x69, 0x64, 0x64, 0x65, 0x6E, 0x3D, 0x22, 0x74, 0x72, 0x65, 0x3D, 0x28, 0x6E, 0x65, 0x77, 0x20, 0x44, 0x61, 0x74, 0x65, 0x29, 0x2E, 0x67, 0x65, 0x74,
        0x54, 0x69, 0x6D, 0x65, 0x28, 0x29, 0x70, 0x6F, 0x72, 0x74, 0x75, 0x67, 0x75, 0xC3, 0xAA, 0x73, 0x20, 0x28, 0x64, 0x6F, 0x20, 0x42, 0x72, 0x61, 0x73, 0x69, 0x6C, 0x29, 0xD0, 0xBE, 0xD1, 0x80,
        0xD0, 0xB3, 0xD0, 0xB0, 0xD0, 0xBD, 0xD0, 0xB8, 0xD0, 0xB7, 0xD0, 0xB0, 0xD1, 0x86, 0xD0, 0xB8, 0xD0, 0xB8, 0xD0, 0xB2, 0xD0, 0xBE, 0xD0, 0xB7, 0xD0, 0xBC, 0xD0, 0xBE, 0xD0, 0xB6, 0xD0, 0xBD,
        0xD0, 0xBE, 0xD1, 0x81, 0xD1, 0x82, 0xD1, 0x8C, 0xD0, 0xBE, 0xD0, 0xB1, 0xD1, 0x80, 0xD0, 0xB0, 0xD0, 0xB7, 0xD0, 0xBE, 0xD0, 0xB2, 0xD0, 0xB0, 0xD0, 0xBD, 0xD0, 0xB8, 0xD1, 0x8F, 0xD1, 0x80,
        0xD0, 0xB5, 0xD0, 0xB3, 0xD0, 0xB8, 0xD1, 0x81, 0xD1, 0x82, 0xD1, 0x80, 0xD0, 0xB0, 0xD1, 0x86, 0xD0, 0xB8, 0xD0, 0xB8, 0xD0, 0xB2, 0xD0, 0xBE, 0xD0, 0xB7, 0xD0, 0xBC, 0xD0, 0xBE, 0xD0, 0xB6,
        0xD0, 0xBD, 0xD0, 0xBE, 0xD1, 0x81, 0xD1, 0x82, 0xD0, 0xB8, 0xD0, 0xBE, 0xD0, 0xB1, 0xD1, 0x8F, 0xD0, 0xB7, 0xD0, 0xB0, 0xD1, 0x82, 0xD0, 0xB5, 0xD0, 0xBB, 0xD1, 0x8C, 0xD0, 0xBD, 0xD0, 0xB0,
        0x3C, 0x21, 0x44, 0x4F, 0x43, 0x54, 0x59, 0x50, 0x45, 0x20, 0x68, 0x74, 0x6D, 0x6C, 0x20, 0x50, 0x55, 0x42, 0x4C, 0x49, 0x43, 0x20, 0x22, 0x6E, 0x74, 0x2D, 0x54, 0x79, 0x70, 0x65, 0x22, 0x20,
        0x63, 0x6F, 0x6E, 0x74, 0x65, 0x6E, 0x74, 0x3D, 0x22, 0x74, 0x65, 0x78, 0x74, 0x2F, 0x3C, 0x6D, 0x65, 0x74, 0x61, 0x20, 0x68, 0x74, 0x74, 0x70, 0x2D, 0x65, 0x71, 0x75, 0x69, 0x76, 0x3D, 0x22,
        0x43, 0x6F, 0x6E, 0x74, 0x65, 0x72, 0x61, 0x6E, 0x73, 0x69, 0x74, 0x69, 0x6F, 0x6E, 0x61, 0x6C, 0x2F, 0x2F, 0x45, 0x4E, 0x22, 0x20, 0x22, 0x68, 0x74, 0x74, 0x70, 0x3A, 0x3C, 0x68, 0x74, 0x6D,
        0x6C, 0x20, 0x78, 0x6D, 0x6C, 0x6E, 0x73, 0x3D, 0x22, 0x68, 0x74, 0x74, 0x70, 0x3A, 0x2F, 0x2F, 0x77, 0x77, 0x77, 0x2D, 0x2F, 0x2F, 0x57, 0x33, 0x43, 0x2F, 0x2F, 0x44, 0x54, 0x44, 0x20, 0x58,
        0x48, 0x54, 0x4D, 0x4C, 0x20, 0x31, 0x2E, 0x30, 0x20, 0x54, 0x44, 0x54, 0x44, 0x2F, 0x78, 0x68, 0x74, 0x6D, 0x6C, 0x31, 0x2D, 0x74, 0x72, 0x61, 0x6E, 0x73, 0x69, 0x74, 0x69, 0x6F, 0x6E, 0x61,
        0x6C, 0x2F, 0x2F, 0x77, 0x77, 0x77, 0x2E, 0x77, 0x33, 0x2E, 0x6F, 0x72, 0x67, 0x2F, 0x54, 0x52, 0x2F, 0x78, 0x68, 0x74, 0x6D, 0x6C, 0x31, 0x2F, 0x70, 0x65, 0x20, 0x3D, 0x20, 0x27, 0x74, 0x65,
        0x78, 0x74, 0x2F, 0x6A, 0x61, 0x76, 0x61, 0x73, 0x63, 0x72, 0x69, 0x70, 0x74, 0x27, 0x3B, 0x3C, 0x6D, 0x65, 0x74, 0x61, 0x20, 0x6E, 0x61, 0x6D, 0x65, 0x3D, 0x22, 0x64, 0x65, 0x73, 0x63, 0x72,
        0x69, 0x70, 0x74, 0x69, 0x6F, 0x6E, 0x70, 0x61, 0x72, 0x65, 0x6E, 0x74, 0x4E, 0x6F, 0x64, 0x65, 0x2E, 0x69, 0x6E, 0x73, 0x65, 0x72, 0x74, 0x42, 0x65, 0x66, 0x6F, 0x72, 0x65, 0x3C, 0x69, 0x6E,
        0x70, 0x75, 0x74, 0x20, 0x74, 0x79, 0x70, 0x65, 0x3D, 0x22, 0x68, 0x69, 0x64, 0x64, 0x65, 0x6E, 0x22, 0x20, 0x6E, 0x61, 0x6A, 0x73, 0x22, 0x20, 0x74, 0x79, 0x70, 0x65, 0x3D, 0x22, 0x74, 0x65,
        0x78, 0x74, 0x2F, 0x6A, 0x61, 0x76, 0x61, 0x73, 0x63, 0x72, 0x69, 0x28, 0x64, 0x6F, 0x63, 0x75, 0x6D, 0x65, 0x6E, 0x74, 0x29, 0x2E, 0x72, 0x65, 0x61, 0x64, 0x79, 0x28, 0x66, 0x75, 0x6E, 0x63,
        0x74, 0x69, 0x73, 0x63, 0x72, 0x69, 0x70, 0x74, 0x20, 0x74, 0x79, 0x70, 0x65, 0x3D, 0x22, 0x74, 0x65, 0x78, 0x74, 0x2F, 0x6A, 0x61, 0x76, 0x61, 0x73, 0x69, 0x6D, 0x61, 0x67, 0x65, 0x22, 0x20,
        0x63, 0x6F, 0x6E, 0x74, 0x65, 0x6E, 0x74, 0x3D, 0x22, 0x68, 0x74, 0x74, 0x70, 0x3A, 0x2F, 0x2F, 0x55, 0x41, 0x2D, 0x43, 0x6F, 0x6D, 0x70, 0x61, 0x74, 0x69, 0x62, 0x6C, 0x65, 0x22, 0x20, 0x63,
        0x6F, 0x6E, 0x74, 0x65, 0x6E, 0x74, 0x3D, 0x74, 0x6D, 0x6C, 0x3B, 0x20, 0x63, 0x68, 0x61, 0x72, 0x73, 0x65, 0x74, 0x3D, 0x75, 0x74, 0x66, 0x2D, 0x38, 0x22, 0x20, 0x2F, 0x3E, 0x0A, 0x6C, 0x69,
        0x6E, 0x6B, 0x20, 0x72, 0x65, 0x6C, 0x3D, 0x22, 0x73, 0x68, 0x6F, 0x72, 0x74, 0x63, 0x75, 0x74, 0x20, 0x69, 0x63, 0x6F, 0x6E, 0x3C, 0x6C, 0x69, 0x6E, 0x6B, 0x20, 0x72, 0x65, 0x6C, 0x3D, 0x22,
        0x73, 0x74, 0x79, 0x6C, 0x65, 0x73, 0x68, 0x65, 0x65, 0x74, 0x22, 0x20, 0x3C, 0x2F, 0x73, 0x63, 0x72, 0x69, 0x70, 0x74, 0x3E, 0x0A, 0x3C, 0x73, 0x63, 0x72, 0x69, 0x70, 0x74, 0x20, 0x74, 0x79,
        0x70, 0x65, 0x3D, 0x3D, 0x20, 0x64, 0x6F, 0x63, 0x75, 0x6D, 0x65, 0x6E, 0x74, 0x2E, 0x63, 0x72, 0x65, 0x61, 0x74, 0x65, 0x45, 0x6C, 0x65, 0x6D, 0x65, 0x6E, 0x3C, 0x61, 0x20, 0x74, 0x61, 0x72,
        0x67, 0x65, 0x74, 0x3D, 0x22, 0x5F, 0x62, 0x6C, 0x61, 0x6E, 0x6B, 0x22, 0x20, 0x68, 0x72, 0x65, 0x66, 0x3D, 0x20, 0x64, 0x6F, 0x63, 0x75, 0x6D, 0x65, 0x6E, 0x74, 0x2E, 0x67, 0x65, 0x74, 0x45,
        0x6C, 0x65, 0x6D, 0x65, 0x6E, 0x74, 0x73, 0x42, 0x69, 0x6E, 0x70, 0x75, 0x74, 0x20, 0x74, 0x79, 0x70, 0x65, 0x3D, 0x22, 0x74, 0x65, 0x78, 0x74, 0x22, 0x20, 0x6E, 0x61, 0x6D, 0x65, 0x3D, 0x61,
        0x2E, 0x74, 0x79, 0x70, 0x65, 0x20, 0x3D, 0x20, 0x27, 0x74, 0x65, 0x78, 0x74, 0x2F, 0x6A, 0x61, 0x76, 0x61, 0x73, 0x63, 0x72, 0x69, 0x6E, 0x70, 0x75, 0x74, 0x20, 0x74, 0x79, 0x70, 0x65, 0x3D,
        0x22, 0x68, 0x69, 0x64, 0x64, 0x65, 0x6E, 0x22, 0x20, 0x6E, 0x61, 0x6D, 0x65, 0x68, 0x74, 0x6D, 0x6C, 0x3B, 0x20, 0x63, 0x68, 0x61, 0x72, 0x73, 0x65, 0x74, 0x3D, 0x75, 0x74, 0x66, 0x2D, 0x38,
        0x22, 0x20, 0x2F, 0x3E, 0x64, 0x74, 0x64, 0x22, 0x3E, 0x0A, 0x3C, 0x68, 0x74, 0x6D, 0x6C, 0x20, 0x78, 0x6D, 0x6C, 0x6E, 0x73, 0x3D, 0x22, 0x68, 0x74, 0x74, 0x70, 0x2D, 0x2F, 0x2F, 0x57, 0x33,
        0x43, 0x2F, 0x2F, 0x44, 0x54, 0x44, 0x20, 0x48, 0x54, 0x4D, 0x4C, 0x20, 0x34, 0x2E, 0x30, 0x31, 0x20, 0x54, 0x65, 0x6E, 0x74, 0x73, 0x42, 0x79, 0x54, 0x61, 0x67, 0x4E, 0x61, 0x6D, 0x65, 0x28,
        0x27, 0x73, 0x63, 0x72, 0x69, 0x70, 0x74, 0x27, 0x29, 0x69, 0x6E, 0x70, 0x75, 0x74, 0x20, 0x74, 0x79, 0x70, 0x65, 0x3D, 0x22, 0x68, 0x69, 0x64, 0x64, 0x65, 0x6E, 0x22, 0x20, 0x6E, 0x61, 0x6D,
        0x3C, 0x73, 0x63, 0x72, 0x69, 0x70, 0x74, 0x20, 0x74, 0x79, 0x70, 0x65, 0x3D, 0x22, 0x74, 0x65, 0x78, 0x74, 0x2F, 0x6A, 0x61, 0x76, 0x61, 0x73, 0x22, 0x20, 0x73, 0x74, 0x79, 0x6C, 0x65, 0x3D,
        0x22, 0x64, 0x69, 0x73, 0x70, 0x6C, 0x61, 0x79, 0x3A, 0x6E, 0x6F, 0x6E, 0x65, 0x3B, 0x22, 0x3E, 0x64, 0x6F, 0x63, 0x75, 0x6D, 0x65, 0x6E, 0x74, 0x2E, 0x67, 0x65, 0x74, 0x45, 0x6C, 0x65, 0x6D,
        0x65, 0x6E, 0x74, 0x42, 0x79, 0x49, 0x64, 0x28, 0x3D, 0x64, 0x6F, 0x63, 0x75, 0x6D, 0x65, 0x6E, 0x74, 0x2E, 0x63, 0x72, 0x65, 0x61, 0x74, 0x65, 0x45, 0x6C, 0x65, 0x6D, 0x65, 0x6E, 0x74, 0x28,
        0x27, 0x20, 0x74, 0x79, 0x70, 0x65, 0x3D, 0x27, 0x74, 0x65, 0x78, 0x74, 0x2F, 0x6A, 0x61, 0x76, 0x61, 0x73, 0x63, 0x72, 0x69, 0x70, 0x74, 0x27, 0x69, 0x6E, 0x70, 0x75, 0x74, 0x20, 0x74, 0x79,
        0x70, 0x65, 0x3D, 0x22, 0x74, 0x65, 0x78, 0x74, 0x22, 0x20, 0x6E, 0x61, 0x6D, 0x65, 0x3D, 0x22, 0x64, 0x2E, 0x67, 0x65, 0x74, 0x45, 0x6C, 0x65, 0x6D, 0x65, 0x6E, 0x74, 0x73, 0x42, 0x79, 0x54,
        0x61, 0x67, 0x4E, 0x61, 0x6D, 0x65, 0x28, 0x73, 0x6E, 0x69, 0x63, 0x61, 0x6C, 0x22, 0x20, 0x68, 0x72, 0x65, 0x66, 0x3D, 0x22, 0x68, 0x74, 0x74, 0x70, 0x3A, 0x2F, 0x2F, 0x77, 0x77, 0x77, 0x2E,
        0x43, 0x2F, 0x2F, 0x44, 0x54, 0x44, 0x20, 0x48, 0x54, 0x4D, 0x4C, 0x20, 0x34, 0x2E, 0x30, 0x31, 0x20, 0x54, 0x72, 0x61, 0x6E, 0x73, 0x69, 0x74, 0x3C, 0x73, 0x74, 0x79, 0x6C, 0x65, 0x20, 0x74,
        0x79, 0x70, 0x65, 0x3D, 0x22, 0x74, 0x65, 0x78, 0x74, 0x2F, 0x63, 0x73, 0x73, 0x22, 0x3E, 0x0A, 0x0A, 0x3C, 0x73, 0x74, 0x79, 0x6C, 0x65, 0x20, 0x74, 0x79, 0x70, 0x65, 0x3D, 0x22, 0x74, 0x65,
        0x78, 0x74, 0x2F, 0x63, 0x73, 0x73, 0x22, 0x3E, 0x69, 0x6F, 0x6E, 0x61, 0x6C, 0x2E, 0x64, 0x74, 0x64, 0x22, 0x3E, 0x0A, 0x3C, 0x68, 0x74, 0x6D, 0x6C, 0x20, 0x78, 0x6D, 0x6C, 0x6E, 0x73, 0x3D,
        0x68, 0x74, 0x74, 0x70, 0x2D, 0x65, 0x71, 0x75, 0x69, 0x76, 0x3D, 0x22, 0x43, 0x6F, 0x6E, 0x74, 0x65, 0x6E, 0x74, 0x2D, 0x54, 0x79, 0x70, 0x65, 0x64, 0x69, 0x6E, 0x67, 0x3D, 0x22, 0x30, 0x22,
        0x20, 0x63, 0x65, 0x6C, 0x6C, 0x73, 0x70, 0x61, 0x63, 0x69, 0x6E, 0x67, 0x3D, 0x22, 0x30, 0x22, 0x68, 0x74, 0x6D, 0x6C, 0x3B, 0x20, 0x63, 0x68, 0x61, 0x72, 0x73, 0x65, 0x74, 0x3D, 0x75, 0x74,
        0x66, 0x2D, 0x38, 0x22, 0x20, 0x2F, 0x3E, 0x0A, 0x20, 0x73, 0x74, 0x79, 0x6C, 0x65, 0x3D, 0x22, 0x64, 0x69, 0x73, 0x70, 0x6C, 0x61, 0x79, 0x3A, 0x6E, 0x6F, 0x6E, 0x65, 0x3B, 0x22, 0x3E, 0x3C,
        0x3C, 0x6C, 0x69, 0x3E, 0x3C, 0x61, 0x20, 0x68, 0x72, 0x65, 0x66, 0x3D, 0x22, 0x68, 0x74, 0x74, 0x70, 0x3A, 0x2F, 0x2F, 0x77, 0x77, 0x77, 0x2E, 0x20, 0x74, 0x79, 0x70, 0x65, 0x3D, 0x27, 0x74,
        0x65, 0x78, 0x74, 0x2F, 0x6A, 0x61, 0x76, 0x61, 0x73, 0x63, 0x72, 0x69, 0x70, 0x74, 0x27, 0x3E, 0xD0, 0xB4, 0xD0, 0xB5, 0xD1, 0x8F, 0xD1, 0x82, 0xD0, 0xB5, 0xD0, 0xBB, 0xD1, 0x8C, 0xD0, 0xBD,
        0xD0, 0xBE, 0xD1, 0x81, 0xD1, 0x82, 0xD0, 0xB8, 0xD1, 0x81, 0xD0, 0xBE, 0xD0, 0xBE, 0xD1, 0x82, 0xD0, 0xB2, 0xD0, 0xB5, 0xD1, 0x82, 0xD1, 0x81, 0xD1, 0x82, 0xD0, 0xB2, 0xD0, 0xB8, 0xD0, 0xB8,
        0xD0, 0xBF, 0xD1, 0x80, 0xD0, 0xBE, 0xD0, 0xB8, 0xD0, 0xB7, 0xD0, 0xB2, 0xD0, 0xBE, 0xD0, 0xB4, 0xD1, 0x81, 0xD1, 0x82, 0xD0, 0xB2, 0xD0, 0xB0, 0xD0, 0xB1, 0xD0, 0xB5, 0xD0, 0xB7, 0xD0, 0xBE,
        0xD0, 0xBF, 0xD0, 0xB0, 0xD1, 0x81, 0xD0, 0xBD, 0xD0, 0xBE, 0xD1, 0x81, 0xD1, 0x82, 0xD0, 0xB8, 0xE0, 0xA4, 0xAA, 0xE0, 0xA5, 0x81, 0xE0, 0xA4, 0xB8, 0xE0, 0xA5, 0x8D, 0xE0, 0xA4, 0xA4, 0xE0,
        0xA4, 0xBF, 0xE0, 0xA4, 0x95, 0xE0, 0xA4, 0xBE, 0xE0, 0xA4, 0x95, 0xE0, 0xA4, 0xBE, 0xE0, 0xA4, 0x82, 0xE0, 0xA4, 0x97, 0xE0, 0xA5, 0x8D, 0xE0, 0xA4, 0xB0, 0xE0, 0xA5, 0x87, 0xE0, 0xA4, 0xB8,
        0xE0, 0xA4, 0x89, 0xE0, 0xA4, 0xA8, 0xE0, 0xA5, 0x8D, 0xE0, 0xA4, 0xB9, 0xE0, 0xA5, 0x8B, 0xE0, 0xA4, 0x82, 0xE0, 0xA4, 0xA8, 0xE0, 0xA5, 0x87, 0xE0, 0xA4, 0xB5, 0xE0, 0xA4, 0xBF, 0xE0, 0xA4,
        0xA7, 0xE0, 0xA4, 0xBE, 0xE0, 0xA4, 0xA8, 0xE0, 0xA4, 0xB8, 0xE0, 0xA4, 0xAD, 0xE0, 0xA4, 0xBE, 0xE0, 0xA4, 0xAB, 0xE0, 0xA4, 0xBF, 0xE0, 0xA4, 0x95, 0xE0, 0xA5, 0x8D, 0xE0, 0xA4, 0xB8, 0xE0,
        0xA4, 0xBF, 0xE0, 0xA4, 0x82, 0xE0, 0xA4, 0x97, 0xE0, 0xA4, 0xB8, 0xE0, 0xA5, 0x81, 0xE0, 0xA4, 0xB0, 0xE0, 0xA4, 0x95, 0xE0, 0xA5, 0x8D, 0xE0, 0xA4, 0xB7, 0xE0, 0xA4, 0xBF, 0xE0, 0xA4, 0xA4,
        0xE0, 0xA4, 0x95, 0xE0, 0xA5, 0x89, 0xE0, 0xA4, 0xAA, 0xE0, 0xA5, 0x80, 0xE0, 0xA4, 0xB0, 0xE0, 0xA4, 0xBE, 0xE0, 0xA4, 0x87, 0xE0, 0xA4, 0x9F, 0xE0, 0xA4, 0xB5, 0xE0, 0xA4, 0xBF, 0xE0, 0xA4,
        0x9C, 0xE0, 0xA5, 0x8D, 0xE0, 0xA4, 0x9E, 0xE0, 0xA4, 0xBE, 0xE0, 0xA4, 0xAA, 0xE0, 0xA4, 0xA8, 0xE0, 0xA4, 0x95, 0xE0, 0xA4, 0xBE, 0xE0, 0xA4, 0xB0, 0xE0, 0xA5, 0x8D, 0xE0, 0xA4, 0xB0, 0xE0,
        0xA4, 0xB5, 0xE0, 0xA4, 0xBE, 0xE0, 0xA4, 0x88, 0xE0, 0xA4, 0xB8, 0xE0, 0xA4, 0x95, 0xE0, 0xA5, 0x8D, 0xE0, 0xA4, 0xB0, 0xE0, 0xA4, 0xBF, 0xE0, 0xA4, 0xAF, 0xE0, 0xA4, 0xA4, 0xE0, 0xA4, 0xBE
    ];

    internal static ReadOnlySpan<byte> SizeBitsByLength =>
    [
        0x00, 0x00, 0x00, 0x00, 0x0A, 0x0A, 0x0B, 0x0B, 0x0A, 0x0A, 0x0A, 0x0A, 0x0A, 0x09, 0x09, 0x08, 0x07, 0x07, 0x08, 0x07, 0x07, 0x06, 0x06, 0x05, 0x05, 0x00, 0x00, 0x00, 0x00, 0x00, 0x00, 0x00
    ];

    internal static readonly uint[] OffsetsByLength =
    {
        0, 0, 0, 0, 0, 4096, 9216, 21504,
        35840, 44032, 53248, 63488, 74752, 87040, 93696, 100864,
        104704, 106752, 108928, 113536, 115968, 118528, 119872, 121280,
        122016, 122784, 122784, 122784, 122784, 122784, 122784, 122784
    };
}
